Date,WT_CHB,Chla_CHB,Cyanocell_CHB,TN_CHB,TP_CHB,WL_UP_HCB,WL_CHB,Discharge_UP_HCB,Discharge_CHB,Prec_CHB,Temp_CHB,Forecast_Temp_CHB
2012-01-09,3,51,0,4.121,0.136,7.488571429,3.314285714,0,0,0,-0.042857143,4
2012-01-16,2.65,89.6,0,3.755,0.11,7.604285714,3.297142857,0,0,0.4,1.242857143,4.357142857
2012-01-23,3.15,102.8,0,4.339,0.146,7.508571429,3.35,0,0,6.15,4.471428571,5.814285714
2012-01-30,3.366666667,88.33333333,0,4.145,0.139,5.747142857,4.002857143,0,0,0,-0.085714286,1.657142857
2012-02-06,2.7,116.2666667,0,4.893,0.17,4.992857143,4.192857143,0,0,1.5,-1.271428571,1.528571429
2012-02-13,4.6,126.4,0,4.398,0.123,8.404285714,3.768571429,0,0,1.5,-0.214285714,2.471428571
2012-02-20,6.35,137.7,0,4.235,0.098,9.788571429,3.808571429,0,0,6,1.028571429,4.157142857
2012-02-27,6.25,94.6,0,2.752,0.054,9.938571429,3.812857143,0,0,0.5,4.614285714,8.214285714
2012-03-05,7.2,93.45,0,4.177,0.113,10.11,3.704285714,0,0,19.45,6.457142857,8.885714286
2012-03-12,9.7,105.75,0,4.312,0.112,10.43571429,3.818571429,0,0,3.5,5.557142857,9.071428571
2012-03-19,10.15,53.1,0,3.72,0.07,10.05428571,3.851428571,0,0,8,7.9,10.55714286
2012-03-26,11.6,10.05,0,3.7,0.075,10.43,3.815714286,0,0,30,6.371428571,10.22857143
2012-04-02,12.7,8.6,0,4.388,0.135,10.5,4.09,0,0,57.1,10.94285714,13.41428571
2012-04-09,14.9,47.7,0,3.459,0.093,10.40571429,4.355714286,0,0,55.5,11.21428571,14.22857143
2012-04-16,19.2,25.3,0,2.574,0.065,9.945714286,4.328571429,0,0,12,15.32857143,18.68571429
2012-04-23,16.9,14.5,0,3.521,0.145,10.25857143,4.45,0,0,96.5,14.47142857,19.51428571
2012-04-30,16.5,28.5,0,,,9.512857143,4.49,0,0,40,16.4,21.78571429
2012-05-07,21.2,55.8,0,2.756,0.083,8.985714286,4.371428571,0,0,13,19.31428571,24.07142857
2012-05-14,18.6,16.9,52,2.789,0.06,9.021428571,4.375714286,0,0,21,16.7,23.9
2012-05-21,23.4,25.5,56,2.543,0.054,8.918571429,4.418571429,0,0,2.2,18.95714286,24.38571429
2012-05-28,26,3.6,180,2.457,0.053,9.034285714,4.271428571,0,0,1,20.94285714,27.25714286
2012-06-04,25.2,19.9,1273,2.24,0.074,8.9,4.59,0,0,8.5,20.41428571,27.17142857
2012-06-11,26.2,20.7,1985,2.45,0.068,8.714285714,4.492857143,0,394.256,8,21.84285714,28.12857143
2012-06-18,25.5,17.9,17672,2.453,0.071,9.174285714,4.541428571,0,0,20.5,21.67142857,27.85714286
2012-06-25,26,42,29431,2.26,0.059,9.592857143,4.735714286,0,0,20,22.25714286,28.6
2012-07-02,28.6,59.9,91840,2.948,0.112,9.184285714,4.807142857,0,0,26.05,22.87142857,27.5
2012-07-09,26.8,16,8152,1.905,0.077,10.55285714,5.161428571,0,0,46.5,24.3,27.98571429
2012-07-16,25.4,14.6,636,3.162,0.158,9.9,5.381428571,5620.296,6703.378,275,24.7,27.42857143
2012-07-23,30.6,21.7,1034,2.825,0.108,9.812857143,4.934285714,4590.701,3261.358,26.5,26.48571429,28.91428571
2012-07-30,32.35,19.85,3753.5,2.697,0.072,9.587142857,4.872857143,1081.233,1120.586,22,28.98571429,33.22857143
2012-08-06,30.9,33.56666667,2118,2.468,0.082,9.89,4.935714286,784.676,1049.58,0,29.71428571,33.15714286
2012-08-13,29.15714286,13.34285714,1408.428571,2.096,0.095,10.65714286,5.191428571,1647.837,1650.546,16.55,27.42857143,31.45714286
2012-08-20,27.5,22.3,1651.2,2.229,0.151,10.53571429,5.37,6176.505,7385.871,29.5,27.65714286,30.05714286
2012-08-27,25.125,8.325,486,2.597,0.135,10.37142857,5.831428571,8995.138,16230.357,168.5,25.61428571,30.25714286
2012-09-03,23.26666667,15.13333333,361.3333333,2.71,0.114,10.19285714,5.418571429,7251.624,11873.948,48.05,24.58571429,29.14285714
2012-09-10,24.3,3.85,412,2.569,0.12,10.31285714,5.461428571,6492.908,10745.552,216.5,23.22857143,27.27142857
2012-09-17,24.65,18,48,2.393,0.152,11.11571429,6.087142857,9178.972,13307.21,346.5,20.9,25.28571429
2012-09-24,26.45,14.45,0,2.386,0.122,10.58285714,5.948571429,15220.609,21364.942,0,20.18571429,25.14285714
2012-10-01,24.2,21.2,0,2.554,0.1,10.43142857,5.05,1659.459,2719.141,0,19.24285714,24.74285714
2012-10-08,22.7,9.1,0,2.442,0.103,10.6,5.214285714,1181.274,1834.269,0,18.15714286,24.07142857
2012-10-15,20.4,24.35,32,2.935,0.082,10.42857143,5.105714286,929.267,1617.535,0,16.28571429,21.92857143
2012-10-22,18.2,18.65,0,2.755,0.064,9.807142857,5.012857143,865.945,1285.419,11,15.12857143,20.62857143
2012-10-29,16.95,12.55,0,2.837,0.043,9.494285714,4.955714286,861.806,1731.673,27,14.77142857,18.34285714
2012-11-05,15.1,11.8,0,2.858,0.049,10.11428571,4.198571429,626.531,1302.343,6.5,10.62857143,14.37142857
2012-11-12,13.7,24,136,2.825,0.046,10.54571429,4.858571429,818.425,1420.835,27,11.85714286,13.74285714
2012-11-19,12.4,9.6,212,3.097,0.044,10.15714286,4.655714286,1187.921,2129.148,20.5,7.542857143,10.94285714
2012-11-26,9.4,29.6,248,3.106,0.035,9.838571429,4.558571429,797.96,954.422,8,6.057142857,10.18571429
2012-12-03,7.7,25.1,974,2.786,0.025,10.41571429,4.504285714,639.459,1156.103,0.3,5.128571429,7.085714286
2012-12-10,5.3,38.6,1172,3.058,0.028,10.44714286,4.498571429,701.305,966.957,8.1,-0.342857143,3.685714286
2012-12-17,5.05,17.5,22,3.612,0.044,10.53285714,4.632857143,949.754,1336.617,34,3.257142857,5.028571429
2012-12-24,,,,3.35,0.044,10.39857143,4.648571429,1080.134,2358.121,13.5,-0.885714286,2.571428571
2012-12-31,,,,,,10.28571429,4.551428571,720.091,1186.275,19,-1.428571429,0.942857143
2013-01-07,3.1,14.3,0,4.246,0.044,10.17142857,4.542857143,303.886,759.288,0,-2.514285714,-0.085714286
2013-01-14,3,11,164,3.273,0.041,10.41285714,4.485714286,620.053,1169.589,0,-0.042857143,3.157142857
2013-01-21,2.7,18.5,0,3.654,0.036,10.57142857,4.484285714,668.512,1022.659,9,1.685714286,3.9
2013-01-28,4.4,23.3,0,4.194,0.037,10.66428571,4.82,1178.513,1646.085,1,0.6,3.371428571
2013-02-04,5.7,15.5,0,4.172,0.072,10.57142857,4.741428571,1764.033,3739.018,59.8,5.714285714,6.628571429
2013-02-11,3.3,24.2,0,3.467,0.038,10.57714286,4.631428571,1386.719,3027.967,1.3,-0.485714286,2.385714286
2013-02-18,3.8,43.3,0,3.545,0.042,10.49857143,4.614285714,938.492,2109.127,8.4,2.271428571,4.8
2013-02-25,6.7,34.9,0,3.148,0.042,10.41,4.522857143,576.167,1343.424,0,3.028571429,5.9
2013-03-04,7.6,39.9,0,3.353,0.042,10.40714286,4.395714286,771.545,1312.405,10,6.414285714,9.714285714
2013-03-11,11.5,49.3,0,3.388,0.049,10.48142857,4.52,815.592,1503.225,0.4,10.71428571,14.37142857
2013-03-18,13,63,0,3.671,0.057,10.48714286,4.462857143,961.128,1617.121,82.5,10.32857143,13
2013-03-25,12.3,77.7,0,3.746,0.067,10.56,4.665714286,1956.516,3927.372,0.1,9.428571429,13.07142857
2013-04-01,14.6,53.8,80,3.464,0.079,10.47,4.761428571,896.553,1558.562,0.5,10.57142857,13.85714286
2013-04-08,15.4,26.7,0,2.924,0.044,10.49571429,4.588571429,1183.595,2312.396,37.6,11.08571429,15.81428571
2013-04-15,14.4,31.4,0,3.575,0.044,10.53,4.502857143,1313.44,2300.502,0.5,10.51428571,15.02857143
2013-04-22,13.9,11.6,0,3.063,0.046,10.54142857,4.708571429,791.328,1256.324,3.5,12.4,17.22857143
2013-04-29,15.7,17.9,0,3.124,0.05,10.56142857,4.847142857,1337.78,2441.224,43,14.44285714,18.67142857
2013-05-06,19.5,11.2,0,3.298,0.06,10.47428571,4.797142857,960.362,1654.53,0.05,15.41428571,19.77142857
2013-05-13,23.2,13.9,0,3.142,0.09,10.52571429,4.68,830.602,1275.074,12,18.6,23.92857143
2013-05-20,23.6,2.9,0,2.967,0.053,10.48571429,4.635714286,750.874,1059.136,26.6,18.85714286,25.22857143
2013-05-27,23.2,7.1,0,2.874,0.059,10.52714286,4.867142857,843.404,1429.055,33.5,21.35714286,27.88571429
2013-06-03,26.2,10.3,0,2.695,0.046,10.59857143,5.084285714,2842.496,5289.709,114.5,20.51428571,25.45714286
2013-06-10,25.3,16.3,0,2.133,0.038,10.55142857,5.14,991.255,2142.956,0,21.95714286,29.25714286
2013-06-17,26.9,47.5,128,2.363,0.068,10.58714286,5.07,1381.678,2132.105,20,23.28571429,28.3
2013-06-24,26.9,18.2,0,2.138,0.066,10.66857143,5.134285714,5796.35,6650.697,80.05,22.78571429,27.97142857
2013-07-01,29,12.5,172,2.234,0.092,10.58142857,5.155714286,1709.369,2135.577,17.5,23.57142857,29.25714286
2013-07-08,26.7,5.4,0,2.928,0.168,10.64,5.278571429,7668.58,11055.352,158.1,24.8,27.64285714
2013-07-15,31,65.6,400,2.69,0.108,10.60571429,5.055714286,2574.298,3957.287,0.35,27.52857143,30.34285714
2013-07-22,31.6,68.8,5016,2.583,0.053,10.64142857,5.074285714,1640.59,1962.505,0,27.62857143,30.52857143
2013-07-29,30.53333333,60,16153.33333,2.303,0.096,10.60142857,5.11,1430.238,1718.356,16.25,27.45714286,30.2
2013-08-05,32.33333333,40.7,12224.66667,3.021,0.116,10.69142857,5.227142857,3291.405,3272.688,24,27.8,31.21428571
2013-08-12,34.06666667,27.4,7368,2.056,0.063,10.75857143,5.201428571,2757.368,3012.005,0,29.84285714,33.81428571
2013-08-19,32.6,14.36666667,2886.666667,1.812,0.056,10.69428571,5.162857143,1010.242,1081.175,0,29.1,34.1
2013-08-26,29.73333333,39.1,6778.666667,2.588,0.174,10.72285714,5.228571429,2737.09,3208.982,74,26.84285714,31.37142857
2013-09-02,29.95,39.7,27898,2.09,0.078,10.71,5.214285714,1373.536,1977.799,13.5,25.44285714,29.14285714
2013-09-09,27.425,69.575,82352,1.987,0.059,10.69428571,5.168571429,910.622,802.363,11,21.28571429,27.54285714
2013-09-16,27.6,32.65,12038,2.733,0.081,10.63142857,4.994285714,2247.913,2573.88,26,24.15714286,27.37142857
2013-09-23,27.95,42.25,6586,2.192,0.052,10.73285714,5.174285714,1296.256,1285.909,0,23.27142857,27.87142857
2013-09-30,24.9,39,14668,1.774,0.06,10.67,5.195714286,1739.238,1637.191,43.1,21.15714286,24.64285714
2013-10-07,24,31.15,1970,2.053,0.061,10.64428571,5.121428571,1973.147,2603.688,3.9,21.07142857,24.3
2013-10-14,22.8,42.8,3692,2.704,0.095,10.66,5.137142857,3342.047,4683.551,103,19.57142857,23.75714286
2013-10-21,21.5,26.4,1256,2.001,0.048,10.41714286,5.02,987.059,1706.44,0,15.6,20.32857143
2013-10-28,17.7,58.5,704,2.434,0.062,10.47428571,5.075714286,560.637,797.875,0,14.42857143,19.25714286
2013-11-04,17.1,15.4,280,2.19,0.042,10.28428571,4.871428571,561.061,756.492,0.1,14.58571429,18.7
2013-11-11,14.2,22.8,205,2.35,0.063,10.45428571,4.667142857,499.323,752.165,25.5,12.07142857,16.3
2013-11-18,11.2,34.7,215,2.612,0.058,10.49714286,4.624285714,662.54,831.509,5,7.657142857,12.4
2013-11-25,10.5,26,75,2.968,0.059,10.48714286,4.667142857,464.448,691.01,43,6.942857143,10.14285714
2013-12-02,8.2,10.8,1085,3.419,0.052,10.53857143,4.652857143,659.873,883.431,0.05,4.3,7.842857143
2013-12-09,7.2,15,0,3.743,0.048,10.27857143,4.671428571,609.449,851.333,4.5,6.271428571,9.757142857
2013-12-16,5,13.3,0,4.168,0.041,10.36571429,4.638571429,547.056,757.537,0.05,2.5,5.214285714
2013-12-23,5.1,31.1,595,3.968,0.04,10.51,4.641428571,424.34,572.657,2.05,2.885714286,4.657142857
2013-12-30,,,,,,10.53,4.652857143,339.154,474.598,0,1.785714286,4.757142857
2014-01-06,5.1,20.4,0,3.302,0.038,10.53,4.648571429,492.193,599.193,0,4.485714286,6.542857143
2014-01-13,3,22.7,58,3.645,0.031,10.54857143,4.65,378.952,497.368,6.5,0.585714286,4.357142857
2014-01-20,3.2,22.2,0,4.01,0.029,10.55857143,4.635714286,492.709,591.228,0.2,1.328571429,4.371428571
2014-01-27,3.6,14.7,0,3.738,0.032,10.54142857,4.465714286,400.148,555.414,2,3.528571429,6.542857143
2014-02-03,5.9,18.1,0,3.854,0.043,10.52,4.46,326.08,507.818,1,8.828571429,8.985714286
2014-02-10,4.8,33.5,0,3.859,0.054,10.52285714,4.455714286,418.601,564.012,1.25,1.442857143,4.342857143
2014-02-17,5.7,34.3,0,3.808,0.032,10.51428571,4.482857143,461.854,581.266,4.5,3.457142857,6.071428571
2014-02-24,6.2,37.7,0,3.851,0.041,9.76,4.561428571,404.285,585.014,0,4.471428571,8.271428571
2014-03-03,8.3,43.3,0,4.07,0.035,10.09,4.562857143,215.36,449.668,17,8.414285714,11.32857143
2014-03-10,7.8,37,0,4.025,0.041,10.52428571,4.491428571,416.595,497.167,0.05,4.528571429,9.485714286
2014-03-17,10.6,50.2,0,5.483,0.064,10.57714286,4.505714286,1332.441,1393.826,70,8.028571429,12.24285714
2014-03-24,12.5,49.5,0,5.044,0.062,10.52142857,4.457142857,579.545,781.714,2.5,10.48571429,15.54285714
2014-03-31,14.7,24.7,0,4.528,0.073,10.68285714,4.612857143,1128.653,1322.396,54.5,14.35714286,19.21428571
2014-04-07,14.7,31.1,0,4.134,0.063,10.58142857,4.504285714,1364.286,1548.178,0.05,12,18.24285714
2014-04-14,14.9,16.1,0,3.593,0.049,10.51,4.47,582.536,727.424,6.65,13.84285714,19.27142857
2014-04-21,15.7,17.2,0,3.403,0.078,10.54285714,4.512857143,560.605,723.396,24.5,14.74285714,20.65714286
2014-04-28,16.3,18.5,0,3.314,0.069,10.50714286,4.492857143,485.416,779.422,35.5,16.51428571,22.65714286
2014-05-05,17.8,24.8,0,2.771,0.057,10.60285714,4.585714286,2992.977,3504.351,9.1,15.81428571,21.85714286
2014-05-12,19.4,47,0,2.432,0.054,10.49285714,4.512857143,750.013,1391.357,74,17.21428571,22.67142857
2014-05-19,21.2,45.8,379,2.356,0.041,10.51571429,4.557142857,578.926,1147.252,2,20.41428571,25.67142857
2014-05-26,22.7,7.2,465,2.257,0.034,10.50428571,4.477142857,411.238,528.592,10.5,20.22857143,27.1
2014-06-02,23.3,9.2,4605,2.285,0.043,10.51428571,4.832857143,376.864,364.362,12.55,22.92857143,29.08571429
2014-06-09,23,22.7,23213,2.38,0.039,10.54285714,5.011428571,661.305,917.081,3.5,20.5,26.61428571
2014-06-16,24.2,33.9,23831.5,2.467,0.058,10.58142857,5.147142857,818.45,1349.144,5.4,21.71428571,26.85714286
2014-06-23,24.03333333,24.76666667,13671.66667,2.356,0.037,10.57285714,5.11,509.449,760.495,8.2,21.81428571,27.97142857
2014-06-30,25.36666667,25.23333333,20253.66667,2.449,0.038,10.73142857,5.205714286,1360.267,1571.123,1.05,23.64285714,28.94285714
2014-07-07,24.9,25.75,23467.5,2.313,0.083,10.62428571,5.198571429,1575.437,2117.441,52,22.74285714,28.75714286
2014-07-14,25.8,19.35,21641,1.923,0.058,10.58285714,5.134285714,676.581,1288.72,46.5,25.48571429,29.82857143
2014-07-21,26.75,40.25,19405,2.001,0.073,10.66857143,5.251428571,857.029,1737.692,77.6,24.6,30.57142857
2014-07-28,28.1,41.55,32840,1.413,0.054,10.63285714,5.127142857,487.866,1095.261,6.55,26.72857143,30.51428571
2014-08-04,24.8,9.25,11805,2.593,0.143,10.55142857,5.1,1900.927,4956.589,136,27.31666667,31.08571429
2014-08-11,25.55,18.4,20832.5,2.174,0.124,10.69142857,5.192857143,4258.194,7609.776,14.5,25.27142857,30.25714286
2014-08-18,,,,,,10.71428571,5.355714286,5322.832,7288.522,160.05,23.57142857,29.18571429
2014-08-25,23,5.6,0,2.565,0.116,10.54,5.517142857,13050.545,16673.418,356,24.6,27.88571429
2014-09-01,23.7,21.4,180,2.76,0.099,10.42857143,5.151428571,5763.518,8925.778,34.5,22.41428571,27.77142857
2014-09-08,25.2,45.8,3795,2.772,0.074,10.62571429,5.091428571,1851.412,2505.011,56.6,22.92857143,27.61428571
2014-09-15,25,49.9,3525,2.717,0.074,10.52285714,5.067142857,880.186,1224.288,0,22.52857143,27.47142857
2014-09-22,23.05,33.8,12342.5,2.688,0.06,10.50571429,5.035714286,657.017,1080.856,8,20.77142857,26.07142857
2014-09-29,22.8,14,4105,2.595,0.093,10.56285714,5.162857143,4726.609,5637.496,83,20.72857143,25.65714286
2014-10-06,21.2,34.4,1020,2.377,0.072,10.57428571,5.054285714,1283.643,1794.468,0,18.57142857,24.24285714
2014-10-13,19.7,30.6,3085,2.333,0.072,10.55142857,5.08,934.248,1094.999,37.5,17.85714286,23.98571429
2014-10-20,18.4,49.1,2150,2.427,0.061,10.55285714,5.064285714,746.236,825.74,4.5,15.35714286,20.81428571
2014-10-27,17.4,39.9,335,2.866,0.089,10.63285714,5.094285714,4202.412,5616.001,38.5,15.15714286,20.07142857
2014-11-03,15.8,27.7,415,2.837,0.074,10.64714286,4.777142857,2170.137,2965.514,17,13.31428571,18.38571429
2014-11-10,14.4,26.4,0,2.597,0.077,10.59142857,4.602857143,1503.123,2013.558,0.5,12.17142857,16.04285714
2014-11-17,12,39.6,0,2.682,0.078,10.57,4.517142857,839.223,1041.106,0,8.2,13.35714286
2014-11-24,10.8,35.1,0,2.827,0.045,10.56571429,4.532857143,751.647,938.942,46,9.285714286,13.71428571
2014-12-01,10.1,15.6,0,2.894,0.039,10.70285714,4.682857143,1809.855,3420.649,8.05,9.914285714,12.38571429
2014-12-08,6.3,10.2,0,2.579,0.037,10.68,4.644285714,1311.103,2386.322,4.05,0.9,4.057142857
2014-12-15,5.7,12,0,2.839,0.036,10.67714286,4.557142857,1117.905,1746.069,0.05,2.871428571,4.585714286
2014-12-22,3.7,7.1,0,3.444,0.042,10.61285714,4.508571429,890.648,989.716,10,-0.185714286,2.642857143
2014-12-29,3.1,6.4,0,3.102,0.027,10.63857143,4.482857143,856.254,923.673,0,2.371428571,5.671428571
2015-01-05,3,6.1,0,3.432,0.026,10.61142857,4.497142857,753.748,804.381,2.05,1.557142857,4.414285714
2015-01-12,2.6,8,0,3.488,0.028,10.60571429,4.514285714,808.869,912.398,12.5,1.642857143,5.257142857
2015-01-19,3,5.8,0,3.475,0.026,10.57285714,4.522857143,609.246,879.128,1,3.557142857,6.357142857
2015-01-26,4.1,11.2,0,3.751,0.031,10.58571429,4.511428571,657.438,937.121,14,4.6,7.071428571
2015-02-02,4,17.2,0,4.435,0.032,10.60142857,4.525714286,652.246,963.275,0,1.971428571,5.657142857
2015-02-09,3.8,18.5,0,3.708,0.033,10.59142857,4.49,594.668,809.932,0.05,1.928571429,5.585714286
2015-02-16,4.4,18.8,0,3.954,0.031,10.63142857,4.502857143,571.577,740.662,5,3.842857143,7.014285714
2015-02-23,5.8,22.1,0,4.043,0.035,10.62,4.504285714,803.153,1016.761,12,5.771428571,8.642857143
2015-03-02,6.2,16.2,0,4.334,0.035,10.62571429,4.514285714,810.552,1056.064,7,4.6,7.371428571
2015-03-09,7.3,22,0,4.41,0.034,10.57428571,4.507142857,704.899,1072.101,10,4.814285714,9.114285714
2015-03-16,7.9,19.4,0,3.333,0.031,10.59428571,4.477142857,574.319,877.741,2.5,6.242857143,10.72857143
2015-03-23,10.4,40.8,0,4.178,0.054,10.62714286,4.857142857,1899.945,2927.461,46,12.11428571,16.27142857
2015-03-30,11.9,38.4,0,3.232,0.064,10.57428571,4.92,983.675,1548.876,0,11.15714286,16.44285714
2015-04-06,13.6,16.9,0,2.97,0.065,10.55,4.577142857,930.548,1866.468,75.5,12.77142857,18.15714286
2015-04-13,13.8,26,0,2.77,0.047,10.48857143,4.685714286,1018.6,2348.465,17.9,10.85714286,16.38571429
2015-04-20,14.9,32.5,0,2.732,0.046,10.61,4.801428571,1548.817,3000.652,65.6,13.01428571,18.67142857
2015-04-27,17.1,33.5,476,2.484,0.038,10.62428571,4.698571429,1772.962,3097.163,0,16.64285714,22.57142857
2015-05-04,18.8,19.7,15,2.55,0.035,10.58857143,4.73,948.98,2774.208,42.5,18.02857143,25.2
2015-05-11,20.3,32.2,642,1.701,0.032,10.57285714,4.655714286,735.732,1906.803,52.7,17.47142857,24.02857143
2015-05-18,21.3,27.3,71,1.747,0.05,10.57857143,4.864285714,690.159,2729.918,36.5,18.51428571,24.51428571
2015-05-25,22.1,24.4,442,1.636,0.041,10.57857143,4.891428571,455.957,1152.459,0,20.27142857,26.8
2015-06-01,22.9,27,3199,1.411,0.058,10.55285714,4.982857143,358.673,891.707,4.5,22.4,29.22857143
2015-06-08,22,13.8,5792,1.999,0.042,10.54571429,5.032857143,474.003,1007.667,9.5,19.61428571,29.3
2015-06-15,22.65,15.85,33610,1.62,0.06,10.48571429,5.081428571,490.21,954.836,0.2,22.44285714,28.64285714
2015-06-22,23.05,17.65,148885,1.783,0.073,10.57571429,5.035714286,635.472,1235.402,4.15,21.31428571,28.15714286
2015-06-29,23.65,18.15,76531.5,2.129,0.052,10.59571429,5.08,1366.132,2145.933,35,22.2,27.42857143
2015-07-06,23.6,22.9,39420.5,1.763,0.05,10.52285714,5.081428571,675.535,1337.891,19.7,22.04285714,28.1
2015-07-13,22.4,7.2,551,2.314,0.102,10.68285714,5.157142857,4857.544,7387.736,160.7,22.8,27.77142857
2015-07-20,24.4,17.2,10126,2.281,0.058,10.56285714,5.118571429,1788.53,3832.983,7.3,23.58571429,29.35714286
2015-07-27,26.65,46.75,26433.5,2.085,0.063,10.55142857,5.067142857,617.824,1598.441,26.5,26.24285714,29.41428571
2015-08-03,29.2,42,106501.5,1.881,0.073,10.55571429,5.057142857,341.365,956.11,0.15,28.14285714,31.55714286
2015-08-10,29.3,16,55361.5,1.249,0.055,10.51571429,5.044285714,290.231,830.693,0,28.87142857,32.65714286
2015-08-17,27.95,17.25,392839.5,1.462,0.056,10.59285714,5.102857143,679.927,1431.857,48,25.04285714,29.91428571
2015-08-24,25.4,11.2,96957,1.675,0.068,10.57428571,5.142857143,799.792,1731.297,61.2,24.45714286,29.21428571
2015-08-31,25.8,15.95,158223.5,2.246,0.086,10.66142857,5.192857143,1487.796,2271.936,38.1,23.42857143,28.01428571
2015-09-07,24.1,14.95,41878,2.135,0.066,10.65142857,5.244285714,1197.995,2475.114,49,22.15714286,27.38571429
2015-09-14,23.45,17.65,15751.5,1.878,0.068,10.55285714,5.052857143,441.928,1274.383,2.1,20.67142857,26.61428571
2015-09-21,23.35,35.55,104567.5,1.745,0.048,10.51571429,5.055714286,293.169,736.337,30.5,20.25714286,26.11428571
2015-09-28,23.2,28,39614,1.574,0.057,10.59,5.097142857,254.9,608.27,23.5,20.54285714,25.92857143
2015-10-05,21.65,33.45,27780.5,1.637,0.043,10.60142857,5.094285714,490.974,999.217,33.5,18.72857143,24.01428571
2015-10-12,20.3,43.1,8592,1.531,0.04,10.58142857,5.04,354.211,696.383,0,16.71428571,22.35714286
2015-10-19,19.55,9.75,207527.5,1.671,0.045,10.6,5.062857143,304.276,621.039,0,17,22.74285714
2015-10-26,18.75,13.7,19332,1.361,0.029,10.57571429,5.032857143,168.738,499.322,0,17.18571429,22.04285714
2015-11-02,16.1,11.1,114108.5,1.751,0.034,10.55714286,5.027142857,208.207,491.604,6.8,11.1,16.48571429
2015-11-09,15.3,6.35,28888.5,2.169,0.022,10.54285714,5.047142857,394.97,694.86,64.5,14.11428571,17.37142857
2015-11-16,15.4,14.4,9443,2.734,0.039,10.58,5.06,679.606,1056.778,27.6,14.21428571,15.87142857
2015-11-23,14.8,16.1,3757,3.192,0.044,10.60285714,5.065714286,875.21,1175.142,5,13.4,14.14285714
2015-11-30,12,15.8,1279,3.235,0.055,10.54714286,5.018571429,613.995,923.591,1.5,6.842857143,8.342857143
2015-12-07,9.3,9.9,760,3.501,0.023,10.57428571,4.891428571,422.381,776.611,0.5,6.871428571,8.328571429
2015-12-14,9.6,11.2,3475,2.24,0.027,10.55428571,4.94,576.321,1151.712,33,8.657142857,9.728571429
2015-12-21,7.3,12.5,348,2.388,0.027,10.54857143,4.938571429,495.48,1256.869,4.5,4.014285714,6.4
2015-12-28,7.1,12.5,2090,2.327,0.025,10.52428571,4.891428571,386.488,934.143,1.5,4.957142857,6.928571429
2016-01-04,5.5,10.1,242,2.525,0.024,10.49857143,4.888571429,273.074,626.583,0,3.857142857,6.228571429
2016-01-11,4.8,17.5,152,2.877,0.025,10.56142857,4.884285714,238.521,530.947,0.05,2.528571429,4.485714286
2016-01-18,4,12.1,254,3.2,0.021,10.56,4.888571429,275.54,565.115,1,1.457142857,3.185714286
2016-01-25,,,,,,10.47,4.812857143,197.511,732.575,0,-4,0.157142857
2016-02-01,2.4,7,0,3.012,0.027,10.55285714,4.9,257.094,887.865,38.5,1.828571429,4.071428571
2016-02-08,4,12.8,0,2.735,0.032,10.55,4.88,203.991,606.855,0,1.4,4.742857143
2016-02-15,5.7,16.3,0,3.312,0.031,10.55,4.928571429,369.597,1085.499,52.5,6.714285714,9.257142857
2016-02-22,5.8,13.7,0,3.596,0.039,10.55571429,4.897142857,320.765,825.567,0,4.471428571,6.1
2016-02-29,6,17.6,0,3.054,0.026,10.55,4.888571429,266.829,621.742,3.6,4.585714286,7.371428571
2016-03-07,9,11,101,4.324,0.089,10.61142857,4.947142857,1084.76,2187.438,41.05,9.285714286,11.25714286
2016-03-14,8.1,15.9,0,3.98,0.041,10.60285714,5.031428571,1248.656,2887.515,10,5.542857143,11.08571429
2016-03-21,11.3,26.7,0,4.118,0.05,10.56142857,4.894285714,467.842,936.167,24.5,10.5,15.07142857
2016-03-28,12.3,13.3,0,3.348,0.04,10.54857143,4.89,341.456,740.988,1.8,8.985714286,14.82857143
2016-04-04,14.4,7.7,118,2.601,0.029,10.56857143,4.904285714,311.052,716.842,46,13.8,18.17142857
2016-04-11,14.6,13.8,0,3.274,0.042,10.61142857,4.968571429,2112.704,3454.942,58.5,14.17142857,19.34285714
2016-04-18,15.2,15.5,35,2.423,0.093,10.61,4.968571429,1315.84,3646.465,112.4,14.84285714,20.34285714
2016-04-25,16.8,13.9,176,2.9,0.047,10.58428571,4.984285714,2411.414,4358.982,24,15.87142857,21.32857143
2016-05-02,17.6,21.7,0,2.335,0.042,10.60142857,5.002857143,2468.295,4175.446,42.5,15.84285714,22.21428571
2016-05-09,18.7,36.9,162,1.964,0.054,10.64,5.021428571,1372.449,3642.506,118,18.42857143,23
2016-05-16,19.7,39.9,120,1.973,0.035,10.59571429,4.938571429,1077.515,2475.005,30,16.97142857,24.08571429
2016-05-23,22.3,20.6,9011,1.672,0.024,10.58428571,4.934285714,655.42,1815.996,0,20.31428571,26.97142857
2016-05-30,22.9,22.9,15772,1.841,0.03,10.56285714,4.997142857,587.594,1433.509,21.1,21.6,27
2016-06-06,23.3,11.9,11090,1.792,0.034,10.54857143,5,395.206,1091.199,14.5,20.84285714,28.2
2016-06-13,23.4,10.9,24229,1.85,0.034,10.58571429,4.977142857,584.739,1303.016,2,22.61428571,28.25714286
2016-06-20,24.6,15.5,23175,1.736,0.042,10.55,5.011428571,680.337,1345.212,22,23.65714286,28.52857143
2016-06-27,24.3,19.4,11381,2.045,0.051,10.57714286,5.062857143,782.227,1799.52,72,22.74285714,28.07142857
2016-07-04,23.9,16.5,1160,2.15,0.091,10.42857143,4.927142857,3265.207,4550.273,134,23.21428571,27.92857143
2016-07-11,25,10.4,906,2.789,0.125,10.55857143,5.274285714,11577.984,12359.952,36.1,25.95714286,28.21428571
2016-07-18,26.1,26.6,1895,2.65,0.117,10.59,5.065714286,1808.078,2837.178,6.5,25.37142857,28.9
2016-07-25,27.5,30.9,5978,2.6,0.064,10.57571429,5.067142857,884.402,1431.517,20,25.8,29.27142857
2016-08-01,29.4,12.9,16716,2.548,0.07,10.58,5.112857143,843.645,1359.608,42.05,28.74285714,31.57142857
2016-08-08,30.3,27,12977,2.298,0.033,10.60285714,5.165714286,856.044,1572.303,46.5,27.54285714,32.24285714
2016-08-15,30.8,27.9,79467,2.466,0.07,10.50714286,5.075714286,628.679,1101.655,1.05,29.67142857,33.48571429
2016-08-22,30.8,37.7,204538,1.885,0.074,10.10571429,5.014285714,524.335,1013.264,6.05,28.12857143,32.07142857
2016-08-29,27.6,41.2,67067,1.656,0.037,10.57571429,5.032857143,657.227,1000.692,51.5,24,30.87142857
2016-09-05,23.9,18.2,1575,2.625,0.084,10.57571429,5.122857143,3319.566,5107.012,246.6,23.44285714,28.35714286
2016-09-12,24.5,25.1,4491,3.267,0.091,10.61857143,5.185714286,1787.607,2257.845,8.9,23.54285714,28.44285714
2016-09-19,21.4,7.2,437,2.069,0.067,10.68,5.357142857,6350.835,8341.055,161,22.02857143,26.7
2016-09-26,22.3,20.8,1528,2.328,0.058,10.57714286,5.115714286,2118.402,3446.537,0.6,20.81428571,25.35714286
2016-10-03,21.9,27.7,1036,2.425,0.047,10.62142857,5.125714286,1341.607,2526.778,57.3,21.55714286,24.44285714
2016-10-10,20,22.1,474,2.583,0.082,10.58714286,5.058571429,6170.469,7958.062,249.9,19,23.75714286
2016-10-17,18.9,30.3,1111,2.378,0.049,10.53428571,5.19,2156.381,2996.311,37,16.95714286,21.65714286
2016-10-24,18.6,34.9,264,2.297,0.043,10.67142857,5.171428571,1114.811,2373.034,0.05,17.3,20.88571429
2016-10-31,16.8,52.4,502,2.304,0.031,10.56714286,5.034285714,829.545,1774.901,7.7,13.7,17.3
2016-11-07,14,84.1,62,2.461,0.024,10.55571429,5.007142857,708.794,1469.249,0,10.52857143,14.14285714
2016-11-14,13.4,32.2,244,2.507,0.016,10.56571429,4.997142857,591.712,1028.33,3.9,11.41428571,13.48571429
2016-11-21,13.2,10,1058,2.522,0.015,10.54142857,5.051428571,555.336,1060.173,20.5,12.51428571,14.25714286
2016-11-28,10.3,9,1158,2.617,0.018,10.53857143,4.902857143,514.068,885.876,1,5.2,8.657142857
2016-12-05,8.3,12.7,4277,3.115,0.017,10.49,4.92,562.881,740.776,4.1,7.157142857,8.685714286
2016-12-12,7.1,6.8,2808,3.107,0.018,10.50857143,4.921428571,501.278,793.734,0,4.914285714,6.685714286
2016-12-19,5.7,7.7,602,3.383,0.017,10.52,4.91,470.233,811.928,9.5,4.014285714,6.314285714
2016-12-26,7.2,8.2,202,3.376,0.045,10.53285714,5.09,921.374,2214.409,96.4,7.157142857,7.714285714
2017-01-02,5.4,21,121,3.411,0.025,10.52285714,5.06,847.234,1885.486,2,3.128571429,5.3
2017-01-09,5.9,30.7,127,3.707,0.025,10.48285714,4.912857143,701.311,1127.542,2.6,6.3,7.528571429
2017-01-16,4.1,26.2,0,3.337,0.023,10.51428571,4.911428571,601.109,972.169,0,0.2,2.942857143
2017-01-23,2.7,30.6,0,3.555,0.028,10.50428571,4.905714286,573.842,764.469,0,0.428571429,3.242857143
2017-01-30,3.2,17.9,0,3.452,0.021,10.51714286,4.924285714,468.877,624.757,3.5,2.371428571,3.657142857
2017-02-06,4.2,19.4,0,3.518,0.024,10.52,4.914285714,424.133,557.025,5,3.785714286,4.457142857
2017-02-13,4,16.9,0,3.598,0.033,10.51285714,4.942857143,424.735,526.813,0,1.285714286,4.171428571
2017-02-20,5.6,26.1,0,3.508,0.022,9.847142857,4.471428571,677.714,1066.937,5.5,6.7,7.442857143
2017-02-27,6.2,30.8,0,3.808,0.024,9.225714286,4.428571429,760.362,955.952,27.5,4.257142857,7.042857143
2017-03-06,7.7,30.6,0,4.052,0.043,10.35285714,4.924285714,132.089,303.574,1.9,7.171428571,10.25714286
2017-03-13,8.6,23.6,0,3.743,0.028,10.48285714,4.914285714,515.794,629.426,0,6.885714286,10.65714286
2017-03-20,10.4,22.3,0,3.886,0.028,9.908571429,4.905714286,844.406,1129.162,4,9.085714286,14.55714286
2017-03-27,10.6,13.1,0,3.562,0.03,9.675714286,4.864285714,398.564,599.944,16.8,8.514285714,14.35714286
2017-04-03,12.5,18.2,0,3.506,0.039,10.31,4.814285714,292.821,405.295,8.5,10.05714286,15.27142857
2017-04-10,14.8,22.2,90,3.723,0.046,10.60142857,5.027142857,813.358,1882.946,114.5,15.28571429,18.77142857
2017-04-17,16.1,17.2,37,3.121,0.032,10.59857143,4.992857143,1086.225,1922.802,29.7,15.87142857,19.2
2017-04-24,17.1,21.4,186,2.688,0.049,10.64,4.974285714,1085.762,1792.905,1.6,15.22857143,19.57142857
2017-05-01,18.8,2.3,0,2.829,0.024,10.49714286,4.977142857,503.259,777.811,5.5,17.22857143,22.25714286
2017-05-08,19.9,10.1,0,2.354,0.025,10.51285714,4.964285714,402.099,677.216,11.2,18.7,24.94285714
2017-05-15,20.1,11.7,80,2.105,0.028,10.41571429,4.91,459.706,664.176,20,18.04285714,24.88571429
2017-05-22,22.1,7.3,186,2.199,0.018,10.47714286,5.025714286,260.618,345.213,0.05,20.47142857,26.72857143
2017-05-29,23.3,12.4,959,2.111,0.033,10.50428571,5.071428571,300.671,452.775,0.05,20.77142857,27.55714286
2017-06-05,23.5,25.5,12124,1.92,0.028,9.994285714,4.894285714,811.731,1129.493,0,22.14285714,27.74285714
2017-06-12,24.25,40,232723.5,1.894,0.029,9.55,4.862857143,545.463,974.066,9.05,21.28571429,27.07142857
2017-06-19,25.85,19.55,115643.5,1.704,0.043,9.522857143,4.842857143,313.474,728.883,0,22.91428571,28.97142857
2017-06-26,25.4,13.5,36798,1.655,0.045,9.518571429,4.84,586.853,1212.766,19.5,23.64285714,30.37142857
2017-07-03,25.8,30.9,14518,1.84,0.051,9.545714286,4.837142857,1070.396,1656.525,52.6,24.97142857,29.02857143
2017-07-10,26.8,27.9,13147,1.423,0.051,9.568571429,4.902857143,2871.13,3481.067,106.6,26.27142857,29.51428571
2017-07-17,28.1,19.1,23333,1.677,0.057,9.524285714,4.831428571,2778.864,3208.854,6.05,27.64285714,31.57142857
2017-07-24,29.7,54,66068,1.875,0.056,9.527142857,4.844285714,1380.987,1761.256,40.5,28.77142857,32.41428571
2017-07-31,27.1,14.3,7894,2.438,0.074,9.594285714,4.855714286,4890.872,5034.524,41,26.75714286,31.42857143
2017-08-07,29.6,54.7,44505,1.955,0.075,9.522857143,4.844285714,2837.676,2995.52,0,29.74285714,32.12857143
2017-08-14,26.7,14.3,6180,2.722,0.095,9.544285714,4.857142857,2152.174,2447.32,69.5,26.35714286,31.3
2017-08-21,26.9,15.5,3271,3.024,0.075,9.608571429,4.87,5315.794,5912.574,82.6,26.04285714,28.97142857
2017-08-28,27.5,33.2,7947,2.511,0.054,9.564285714,4.855714286,2905.838,3791.647,34,26.65714286,29.12857143
2017-09-04,26.2,58.9,20873,2.053,0.053,9.532857143,4.858571429,1057.143,1432.572,0,23.15714286,27.52857143
2017-09-11,25.3,39.9,7035,2.111,0.047,9.531428571,4.837142857,1021.239,1533.162,138.1,22.42857143,27.48571429
2017-09-18,23.9,51.8,62711,2.359,0.053,9.538571429,4.84,1202.259,2000.588,0.1,22.3,26.27142857
2017-09-25,23.9,46.9,45690,2.042,0.047,9.522857143,4.842857143,662.795,1048.921,0,21.72857143,26.41428571
2017-10-02,,,,,,9.547142857,4.854285714,1367.989,1722.105,48.3,19.67142857,24.41428571
2017-10-09,22.6,23.3,46135,2.27,0.026,9.545714286,4.848571429,1060.331,1633.3,6.2,19.54285714,22.47142857
2017-10-16,20.4,29.4,11588,1.942,0.035,9.52,4.871428571,896.334,1399.15,20.05,17.65714286,21.04285714
2017-10-23,18.5,22.7,18213,2.044,0.033,9.54,4.847857143,630.345,1110.936,0.05,16.75714286,20.57142857
2017-10-30,17.2,25.4,46839,2.511,0.028,9.521428571,4.839285714,500.447,973.168,0,14.11428571,19.31428571
2017-11-06,15.5,22.8,53332,2.607,0.026,9.515714286,4.839285714,442.001,876.014,0,11.7,16.28571429
2017-11-13,13.7,15.3,24604,2.27,0.035,9.455714286,4.795142857,382.93,900.901,0,12.5,14.77142857
2017-11-20,10.4,19.1,26652,2.453,0.037,8.802857143,3.749428571,379.528,967.259,0.05,6.542857143,9.685714286
2017-11-27,8.4,11.4,9820,2.978,0.033,8.414285714,3.717142857,413.784,821.52,0,6.871428571,8.885714286
2017-12-04,7.6,13.2,2135,3.147,0.03,7.985714286,3.492857143,405.656,825.577,0,5.957142857,7.7
2017-12-11,4.4,16.5,608,4.289,0.022,7.808571429,3.304285714,350.267,790.153,1.5,1.942857143,4.2
2017-12-18,2.9,14.9,539,3.895,0.017,7.347142857,3.856857143,473.219,587.048,0,-0.628571429,1.757142857
2017-12-25,2.8,14.8,140,3.769,0.013,6.441428571,4.676714286,602.109,829.725,12.5,2.857142857,4.857142857
2018-01-01,2.8,14.3,85,3.842,0.02,5.581428571,4.816428571,619.905,907.851,0,2.385714286,3.3
2018-01-08,2.8,13.9,48,4.165,0.02,4.984285714,4.802142857,597.372,877.136,3.5,2.214285714,2.457142857
2018-01-15,2.8,18.1,78,3.774,0.028,4.937142857,4.802142857,387.761,740.773,0.6,-1.057142857,1.814285714
2018-01-22,3.2,29.8,80,4.439,0.027,4.927142857,4.807857143,505.604,982.634,26.4,4.571428571,5.5
2018-01-29,2.3,38.4,0,4.641,0.025,4.898571429,4.802142857,185.149,709.918,0,-4.142857143,-1.285714286
2018-02-05,2.3,41,0,4.211,0.022,5.48,4.831428571,163.562,550.864,0,-1.642857143,1.185714286
2018-02-12,,,,,,7.91,4.827857143,35.937,343.175,0,-0.6,1.7
2018-02-19,3.7,29.9,0,3.618,0.019,8.93,4.83,261.195,670.619,0,4.828571429,5.685714286
2018-02-26,5,25.7,0,3.384,0.022,8.898571429,4.865,290.915,773.918,0,5.8,8.314285714
2018-03-05,7.3,29.6,0,4.135,0.028,8.954285714,4.819285714,613.214,1577.759,50.55,7.728571429,10.02857143
2018-03-12,7.9,59.8,0,4.97,0.052,8.964285714,4.845,1788.558,3338.527,46.8,6.842857143,9.9
2018-03-19,10.2,45.3,0,3.959,0.053,8.931428571,4.836428571,1388.419,2631.468,93.5,10.35714286,14.85714286
2018-03-26,10.2,41.9,127,3.613,0.046,8.878571429,4.853571429,2670.35,4174.279,19.3,8.557142857,13.18571429
2018-04-02,14.3,25.2,307,3.407,0.058,9.112857143,4.905,620.847,1656.031,0,15.42857143,18.54285714
2018-04-09,12.6,30.1,631,3.328,0.051,9.274285714,4.892142857,2297.318,3702.186,39.2,11.35714286,15.55714286
2018-04-16,14.6,51,1334,3.246,0.038,9.261428571,4.863571429,1511.327,2671.438,27.6,14.45714286,18.17142857
2018-04-23,16.7,49.1,856,3.137,0.047,9.268571429,4.814285714,1100.942,1532.122,45.1,16.34285714,20.9
2018-04-30,17.6,60.2,836,2.879,0.03,9.437142857,4.888571429,1400.839,3134.449,21,15.56,20.45714286
2018-05-07,18,45,243,2.589,0.029,9.228571429,4.847857143,1370.68,1889.649,58,16.51428571,21.58571429
2018-05-14,19.3,22.8,442,2.475,0.028,9.292857143,4.891428571,1574.302,2204.46,18,17.52857143,22.97142857
2018-05-21,21.2,13.9,1132,2.496,0.027,9.315714286,4.861428571,1141.088,1460.435,14.5,19.38571429,24.68571429
2018-05-28,22.7,17.5,2809,2.71,0.026,9.288571429,4.89,1137.72,1339.516,37.05,20.61428571,25.54285714
2018-06-04,27,14.7,21710,2.26,0.028,9.272857143,4.858571429,679.255,882.908,1,22.77142857,27.57142857
2018-06-11,25.1,17.6,22182,2.208,0.026,9.3,4.901428571,580.417,899.871,32.5,21.57142857,27.37142857
2018-06-18,24.4,27.7,92543,2.065,0.035,9.325714286,4.941428571,572.504,1113.083,1,20.64285714,27.62857143
2018-06-25,26.9,25,104855,1.941,0.033,9.3,4.951428571,514.273,1032.885,7.7,24.35714286,29.91428571
2018-07-02,,,,,,9.435714286,5.017142857,4102.182,6673.484,200.2,23.78571429,28.15714286
2018-07-09,21.9,6.3,415,2.8,0.098,9.407142857,5.104285714,8127.467,11889.055,103.1,22.44285714,28.28571429
2018-07-16,27.4,36.6,1810,2.64,0.079,9.328571429,4.855714286,1722.053,2626.334,0,28.35714286,31.08571429
2018-07-23,29.9,17.5,34269,2.319,0.044,9.304285714,4.851428571,598.9,957.125,0,29.84285714,34.2
2018-07-30,30.7,20.7,109428,1.671,0.04,9.272857143,4.888571429,361.95,654.379,5.05,30.05714286,35.48571429
2018-08-06,31.8,97.9,715993,1.157,0.042,9.25,4.924285714,358.497,711.776,1.5,30.31428571,35.84285714
2018-08-13,30.6,47.7,228838,1.236,0.079,9.305714286,4.907142857,738.248,1162.653,54.05,28.5,34.81428571
2018-08-20,28.1,74.9,350693,1.385,0.064,9.304285714,4.921428571,835.857,1371.995,29.5,26.31428571,34.02857143
2018-08-27,25.3,8.1,2070,2.306,0.098,9.478571429,5.074285714,3364.045,5499.522,120,26.82857143,32.04285714
2018-09-03,23.8,7.3,200,2.262,0.082,9.338571429,4.964285714,6687.11,10821.456,200.5,25.01428571,29.57142857
2018-09-10,23.2,15,809,2.542,0.088,9.437142857,5.061428571,5702.312,8645.184,28,22.38571429,27.47142857
2018-09-17,23.2,16.1,848,2.005,0.056,9.314285714,4.872857143,1399.956,2253.228,45,22.25714286,26.48571429
2018-09-24,22.4,46.8,1150,2.619,0.031,9.335714286,4.901428571,1991.369,2877.814,43.5,20.94285714,24.95714286
2018-10-01,20.7,32.3,3426,2.638,0.04,9.305714286,4.92,1130.834,1665.357,9.55,18.37142857,23.37142857
2018-10-08,,,,,,10.06571429,5.664285714,8828.166,12746.73,211,18.51428571,22.08571429
2018-10-15,17.7,11.5,895,2.232,0.072,9.287142857,3.972857143,1911.473,2737.269,0,14.55714286,19.04285714
2018-10-22,16.8,23.6,1309,2.234,0.049,9.384285714,2.935714286,989.878,1447.117,0,14,19.05714286
2018-10-29,15.5,37.2,1345,2.573,0.035,9.42,2.34,748.294,1185.833,2.05,13.67142857,17.28571429
2018-11-05,13.7,41.5,5564,2.658,0.029,9.357142857,2.222857143,640.071,940.086,0,10.78571429,15.54285714
2018-11-12,14,57.1,719,3.069,0.032,9.271428571,2.265714286,868.079,1220.66,26,13.52857143,16.05714286
2018-11-19,12.8,45.3,283,2.782,0.021,9.314285714,3.224285714,601.176,467.498,0.4,10.22857143,13.41428571
2018-11-26,10.1,35.3,924,3.101,0.019,8.855714286,4.837142857,612.496,683.803,1,6.057142857,10.12857143
2018-12-03,9.2,14.9,129,2.916,0.026,8.545714286,4.795714286,695.271,893.919,6,9.514285714,10.6
2018-12-10,6.9,30.1,1256,3.327,0.029,7.464285714,4.82,889.373,1156.273,15,3.385714286,5.057142857
2018-12-17,4.8,24.2,332,3.302,0.029,6.098571429,4.822857143,713.279,820.214,6.5,1.6,4.685714286
2018-12-24,5,32.2,62,3.285,0.029,5.177142857,4.842857143,793.397,739.864,4,6.328571429,6.657142857
2018-12-31,,,,,,4.884285714,4.821428571,666.267,543.719,0,-0.257142857,1.342857143
2019-01-07,2.6,17.9,22,3.833,0.017,4.875714286,4.841428571,478.886,496.633,0,1.728571429,3.528571429
2019-01-14,3.1,16.1,0,3.556,0.032,4.884285714,4.841428571,482.829,442.634,4,2.842857143,4.314285714
2019-01-21,3.5,13.2,76,3.56,0.033,4.882857143,4.825714286,582.017,226.871,1.3,2.728571429,4.514285714
2019-01-28,3.6,13.6,407,3.616,0.026,4.878571429,4.828571429,749.914,263.426,0,2.585714286,5.242857143
2019-02-04,4.6,22.4,0,3.967,0.039,4.878571429,4.837142857,640.752,256.398,24,3.4,5.485714286
2019-02-11,4.3,29.6,103,3.752,0.032,5.804285714,4.808571429,235.488,161.99,0,3.5,5.471428571
2019-02-18,5,35.3,65,3.383,0.036,8.348571429,4.881428571,513.807,330.373,0.7,3.014285714,6.385714286
2019-02-25,6.5,40.9,89,3.775,0.038,9.275714286,4.858571429,486.467,687.758,37.5,6.285714286,9.628571429
2019-03-04,8.5,37.9,99,3.376,0.029,9.212857143,4.818571429,46.978,227.592,0.1,9.771428571,11.74285714
2019-03-11,10.2,26.9,120,3.217,0.024,9.23,4.815714286,141.059,306.488,27.1,9.042857143,12.45714286
2019-03-18,9.8,36.4,83,3.401,0.026,9.242857143,4.822857143,373.326,506.284,2.1,7.357142857,12
2019-03-25,10.9,35.4,45,3.272,0.028,9.232857143,4.842857143,447.451,611.099,27.4,10.02857143,14.44285714
2019-04-01,12.1,19.7,0,3.317,0.022,9.254285714,4.831428571,284.368,401.005,1,10.98571429,14.87142857
2019-04-08,13.7,7.8,6,3.379,0.024,9.247142857,4.832857143,394.95,450.196,4.5,12.04285714,15.9
2019-04-15,14,31.6,0,3.171,0.02,9.251428571,4.895714286,962.426,1370.886,31.1,11,16.57142857
2019-04-22,15.7,16.5,0,3.005,0.015,9.244285714,4.828571429,585.446,707.276,0,15.9,20.52857143
2019-04-29,16.7,12.3,62,3.193,0.038,9.271428571,4.842857143,912.974,975.134,68,13.48571429,20.45714286
2019-05-06,18.6,21.1,0,2.298,0.023,9.452857143,4.908571429,1190.905,2069.922,1,17.18571429,22.8
2019-05-13,20.7,8.5,490,2.112,0.018,9.905714286,4.917142857,557.001,860.654,0,17.9,24.44285714
2019-05-20,21.5,3,282,1.96,0.019,10.32,4.93,525.229,631.564,29.5,20.28571429,27.12857143
2019-05-27,22.1,22.9,75,1.823,0.039,10.35285714,4.858571429,530.513,899.301,68.5,21.41428571,27.14285714
2019-06-03,23.1,39,3012,1.651,0.027,10.35285714,4.872857143,723.531,1130.095,1,20.4,26.47142857
2019-06-10,24.2,43.7,3461,1.962,0.035,10.36428571,4.834285714,1143.448,1343.79,39,21.11428571,27.98571429
2019-06-17,24.8,26,37868,1.688,0.03,10.34428571,4.831428571,811.271,793.747,12,20.08571429,27.34285714
2019-06-24,26.2,40.9,50432,1.562,0.033,10.35571429,4.887142857,849.374,1036.822,0.55,22.77142857,27.71428571
2019-07-01,24,10.7,40469,2.247,0.09,10.33857143,4.874285714,2817.083,4116.653,271,22.65714286,28.71428571
2019-07-08,26.2,32.1,59526,2.85,0.071,9.432857143,4.868571429,1086.498,1782.176,2,24.04285714,30.32857143
2019-07-15,25.6,13.6,223562,2.165,0.055,9.32,4.872857143,924.773,1383.586,26,22.91428571,28.87142857
2019-07-22,24.2,11.1,17804,1.969,0.082,9.25,4.862857143,3093.714,6835.045,262,24.04285714,29.98571429
2019-07-29,25.8,38.8,11540,1.52,0.036,9.284285714,4.864285714,2458.213,4001.398,8.6,26.8,30.85714286
2019-08-05,30.5,12.2,113642,1.352,0.026,9.241428571,4.878571429,926.962,1440.402,0,28.8,33.02857143
2019-08-12,29.9,38.5,66145,1.272,0.026,9.235714286,4.868571429,1257.842,1803.094,38,28,33.04285714
2019-08-19,29.7,45.6,194924,1.417,0.027,9.271428571,4.872857143,782.415,1281.854,12,27.37142857,31.88571429
2019-08-26,27.6,39.9,29216,1.848,0.079,9.25,4.865714286,2045.682,2662.656,56.5,24.64285714,30.32857143
2019-09-02,25.8,42,24274,1.845,0.077,9.268571429,4.864285714,1314.726,1875.333,40,22.37142857,28.5
2019-09-09,25.3,22.9,7573,1.397,0.056,9.284285714,4.88,2078.614,3942.161,82.05,24.71666667,27.4
2019-09-16,25.7,41.9,67490,1.426,0.058,10.46857143,5.088571429,1249.149,2266.378,1.55,23.6,27.62857143
2019-09-23,20.3,14.1,777,2.422,0.109,9.642857143,5.175714286,4884.204,8086.362,214,19.5,25.38571429
2019-09-30,22.4,22.6,1738,2.24,0.073,9.334285714,4.914285714,2767.045,4273.862,9.5,21.47142857,25.17142857
2019-10-07,20.5,3.6,268,2.203,0.081,10.64285714,6.055714286,16309.283,22429.872,169,20.48571429,23.92857143
2019-10-14,18.9,12.4,1714,2.193,0.085,9.3,3.634285714,1698.263,2615.926,0,15.58571429,20.95714286
2019-10-21,18.2,11.7,379,2.682,0.068,9.322857143,2.33,963.712,1556.67,21,13.61428571,20.08571429
2019-10-28,17.5,20.3,149,2.98,0.07,9.318571429,2.244285714,1060.516,1441.385,0.3,13.98571429,19.81428571
2019-11-04,16.1,15.3,633,2.66,0.034,9.291428571,2.268571429,999.979,1512.299,0,12.21428571,18.38571429
2019-11-11,14.5,51.1,580,2.447,0.038,9.247142857,2.282857143,513.057,963.727,4.5,9.842857143,16.01428571
2019-11-18,12.7,5.6,625,2.509,0.017,9.274285714,2.79,556.616,501.801,35.5,8.971428571,12.94285714
2019-11-25,11.5,8,455,2.833,0.014,9.321428571,4.768571429,640.836,595.274,0.5,7.428571429,11.7
2019-12-02,10.4,10.1,1010,3.113,0.017,9.09,4.852857143,618.709,822.183,30.5,5.6,9.314285714
2019-12-09,7.5,17.5,878,2.997,0.023,7.938571429,4.845714286,638.711,762.162,0,0.828571429,6.214285714
2019-12-16,7,18.8,262,3.031,0.024,6.774285714,4.85,599.606,724.377,0,4.457142857,8.571428571
2019-12-23,5.9,13.6,143,3.182,0.022,6.534285714,4.854285714,460.319,559.546,0,3.414285714,7.614285714
2019-12-30,,,,,,6.507142857,4.862857143,465.712,555.263,10.6,2.342857143,6.385714286
2020-01-06,4.7,14.6,220,3.259,0.028,6.442857143,4.851428571,463.969,561.326,8.5,0.485714286,5.742857143
2020-01-13,5.4,17.3,127,3.036,0.021,6.492857143,4.87,1176.034,2215.19,31.5,4.1,5.771428571
2020-01-20,4.7,40.9,149,3.459,0.03,6.577142857,4.885714286,805.181,1215.071,0,2.557142857,4.871428571
2020-01-27,5.5,28.5,512,3.688,0.029,6.457142857,4.851428571,650.966,838.874,57,5.842857143,7.714285714
2020-02-03,6.5,28.1,507,3.54,0.034,6.492857143,4.911428571,1035.743,1940.584,1.9,5.2,7.314285714
2020-02-10,5.5,34.9,1315,3.422,0.028,6.898571429,4.837142857,396.175,582.133,0,1.842857143,5.228571429
2020-02-17,7,43.5,1492,3.346,0.043,8.778571429,4.871428571,424.776,711.47,31.5,9,9.957142857
2020-02-24,8.1,16.7,942,2.975,0.019,9.237142857,4.91,576.317,1001.25,1.95,6.828571429,8.914285714
2020-03-02,8.7,36.4,63,3.016,0.026,9.385714286,5.057142857,1928.361,2661.932,30.1,8.085714286,11.32857143
2020-03-09,9,19.7,804,3.209,0.03,9.324285714,4.882857143,870.671,1105.315,10.9,7.4,11.02857143
2020-03-16,10,16.1,1241,2.883,0.031,9.302857143,4.951428571,792.998,1255.871,11.7,8.228571429,12.25714286
2020-03-23,12.1,21,1082,2.777,0.018,9.24,4.838571429,550.052,764.462,0,13.04285714,15.27142857
2020-03-30,13.2,24,1237,2.781,0.036,9.24,4.842857143,509.034,723.442,12.7,12.45714286,17
2020-04-06,14.1,13.1,678,2.632,0.026,9.302857143,4.852857143,414.121,520.021,0.5,12.27142857,17.54285714
2020-04-13,14.2,10.5,47,2.592,0.026,9.251428571,4.845714286,371.036,468.002,8.3,11.65714286,17.5
2020-04-20,14.9,4.7,0,2.89,0.037,9.281428571,4.881428571,439.661,649.477,46.6,13.44285714,18.9
2020-04-27,15.4,11.3,0,2.671,0.021,9.284285714,4.888571429,584.532,1066.665,0,12.5,17.51428571
2020-05-04,19.9,14.7,242,2.213,0.014,9.654285714,4.875714286,165.796,397.48,14.1,18.51428571,23.71428571
2020-05-11,21.4,17.8,678,2.318,0.023,9.754285714,4.881428571,641.762,1027.585,26.2,18.87142857,24.25714286
2020-05-18,21.3,25.4,573,2.494,0.021,9.861428571,4.898571429,886.399,1264.598,9.3,19.22857143,23.27142857
2020-05-25,22.2,34.5,145,2.291,0.016,9.847142857,4.892857143,1401.229,1680.307,1.3,17.85714286,22.94285714
2020-06-01,24.4,6.4,1368,2.1,0.022,9.845714286,4.854285714,524.915,706.28,0.6,21.14285714,26
2020-06-08,27.3,6.1,7173,1.854,0.026,9.84,4.96,489.803,623.784,0,23.65714286,28.61428571
2020-06-15,25.6,13.5,3126,2.097,0.063,10.05571429,5.055714286,2141.86,2707.581,62.65,25.35714286,29.81428571
2020-06-22,27.7,83.8,16169,1.736,0.047,9.857142857,5.045714286,1408.067,2420.858,34.6,22.54285714,29.31428571
2020-06-29,26.7,41.2,39445,1.972,0.037,9.681428571,5.01,1226.872,2001.079,112,24.21428571,29.25714286
2020-07-06,25.3,33.4,47793,1.824,0.06,9.718571429,5.127142857,2438.21,3763.077,13.75,22.52857143,28.54285714
2020-07-13,20.4,4.7,1444,2.359,0.092,9.744285714,5.317142857,3558.318,6288.299,197.8,23.5,29.14285714
2020-07-20,24.1,12,3267,1.906,0.053,9.475714286,5.157142857,6257.397,12106.126,16.8,22.67142857,27.68571429
2020-07-27,,,,,,10.11428571,5.684285714,12046.371,19330.81,174.7,24.65714286,28.35714286
2020-08-03,,,,,,9.872857143,5.33,11265.629,17831.601,74.1,27.01428571,29.25714286
2020-08-10,,,,,,12.07571429,7.081428571,28502.512,38151.215,115.2,27.91428571,29.25714286
2020-08-17,27.7,19.2,1011,1.857,0.077,10.05428571,5.632857143,14013.707,20436.758,15,29.22857143,31.18571429
2020-08-24,27.8,17.2,2253,1.848,0.047,9.385714286,4.951428571,2148.284,3213.498,0,29.04285714,33.27142857
2020-08-31,27.7,9.7,2790,1.987,0.075,9.28,4.874285714,2892.602,5799.016,103.65,28.5,31.55714286
2020-09-07,,,,,,9.741428571,5.62,11894.832,18607.948,453.95,24.04285714,29.11428571
2020-09-14,23.4,5.6,5038,2.268,0.084,9.298571429,4.93,5538.573,8922.069,14.15,23.45714286,26.62857143
2020-09-21,22.7,16.3,1248,2.103,0.073,9.285714286,4.884285714,2071.172,3092.066,5.8,21.3,25.35714286
2020-09-28,22.6,23.1,4643,2.055,0.031,9.361428571,4.897142857,1136.422,1797.398,0.05,20.32857143,23.87142857
2020-10-05,21.6,41.1,2605,2.09,0.038,9.267142857,4.885714286,876.187,1246.92,0.1,20.02857143,23.41428571
2020-10-12,20.9,20.5,5988,2.008,0.027,9.235714286,4.78,636.991,1009.445,0,18.52857143,21.44285714
2020-10-19,18.7,44.6,3917,2.455,0.027,9.327142857,3.888571429,531.311,807.286,0,15.95714286,19.68571429
2020-10-26,16.7,73.9,1312,2.273,0.026,9.291428571,2.838571429,490.784,807.771,19.3,14.28571429,18.27142857
2020-11-02,15.8,57.9,1033,2.599,0.027,9.305714286,2.248571429,499.439,1023.939,4.7,14.27142857,17.02857143
2020-11-09,12.8,15.2,852,2.64,0.026,9.278571429,2.227142857,454.935,926.853,0,11.4,14.38571429
2020-11-16,12.5,3.9,721,2.94,0.03,9.312857143,2.395714286,416.209,640.081,0,12.61428571,15.54285714
2020-11-23,13.2,2.1,256,3.039,0.032,9.24,4.292857143,642.271,406.373,66.5,14.14285714,14.85714286
2020-11-30,10.9,3.9,155,3.158,0.031,9.248571429,4.857142857,473.687,565.587,0,7.485714286,8.914285714
2020-12-07,8.1,10.1,2006,3.032,0.019,8.202857143,4.892857143,711.26,890.834,0,5.757142857,7.271428571
2020-12-14,6.9,6.9,1398,3.095,0.024,6.86,4.86,648.491,770.247,0,5.157142857,6.828571429
2020-12-21,4.6,15.2,5680,3.321,0.024,5.615714286,4.874285714,712.035,791.396,0,0.485714286,2.257142857
2020-12-28,3.9,19.8,3800,3.316,0.018,4.907142857,4.845714286,426.004,626.028,4.1,4.914285714,5.528571429
2021-01-04,3.1,22.5,137,3.787,0.027,4.905714286,4.914285714,589.662,577.224,5.4,0.614285714,0.942857143
2021-01-11,,,,,,4.94,4.931428571,325.352,454.896,0.1,-3.342857143,-1.471428571
2021-01-18,,,,,,4.957142857,4.947142857,368.159,544.781,0.2,4.285714286,4.414285714
2021-01-25,3.7,32.7,55,3.809,0.027,4.965714286,4.954285714,541.412,590.29,2.4,7.328571429,6.314285714
2021-02-01,4.4,41.9,72,3.948,0.03,5.458571429,4.941428571,305.729,512.304,30.4,5.214285714,6.428571429
2021-02-08,5.1,39.2,39,3.759,0.027,7.508571429,4.914285714,74.265,254.089,0,4.8,7.157142857
2021-02-15,6.3,45.8,135,4.059,0.029,8.751428571,4.938571429,154.687,319.746,12.8,7.6,10.08571429
2021-02-22,7,31.9,0,3.344,0.029,9.252857143,4.862857143,355.284,543.157,0,6.742857143,8.157142857
2021-03-01,7.6,42.3,122,3.739,0.03,9.288571429,4.848571429,402.614,539.056,56.3,9.042857143,11.52857143
2021-03-08,9.4,41.8,111,3.819,0.036,9.39,4.938571429,1113.007,1707.42,13.2,8.3,12.14285714
2021-03-15,12.2,39.1,173,3.155,0.039,9.247142857,4.921428571,727.185,1381.44,27.05,11.42857143,14.97142857
2021-03-22,11.9,35.5,288,3.181,0.041,9.234285714,4.865714286,590.844,812.186,7.8,12.11428571,16.11428571
2021-03-29,14,31.9,384,3.253,0.045,9.244285714,4.871428571,638.648,1114.628,92.7,14.72857143,17.1
2021-04-05,14.4,32.1,372,3.205,0.049,9.28,4.64,1868.364,3121.824,44.1,15.01428571,18.75714286
2021-04-12,15.7,35.7,1757,2.981,0.036,9.314285714,4.348571429,1351.811,1924.833,25.35,13.7,17.88571429
2021-04-19,16.6,19,1165,2.744,0.036,9.282857143,4.411428571,922.934,1624.206,6.3,14.05714286,18.57142857
2021-04-26,18.6,4.3,64,2.562,0.027,9.231428571,4.321428571,443.816,711.713,0,17.13333333,22.82857143
2021-05-03,18.7,9.2,0,2.28,0.028,9.277142857,4.198571429,467.045,776.774,10.3,15.24285714,20.81428571
2021-05-10,19.1,23.6,19,2.147,0.028,9.288571429,3.632857143,591.834,821.951,69.7,17.24285714,22.38571429
2021-05-17,19.8,9.5,812,3.026,0.043,9.231428571,3.641428571,1268.892,1473.132,33,19.65714286,24.12857143
2021-05-24,21.6,18.8,524,2.579,0.032,9.242857143,3.47,2038.198,2468.051,20.7,20.14285714,24.28571429
2021-05-31,22.2,22,1654,2.208,0.032,9.981428571,2.892857143,1381.47,1081.378,14.15,19.62857143,24.54285714
2021-06-07,25,12,283,2.11,0.037,10.39285714,2.37,1885.489,1717.319,21.3,21.97142857,26.85714286
2021-06-14,25,12.6,2225,2.236,0.033,10.47428571,2.598571429,1525.898,1448.329,59.35,23.75714286,28.34285714
2021-06-21,25.4,41.2,2026,1.976,0.036,10.47857143,2.722857143,1516.949,1400.531,36.2,22.88571429,27.87142857
2021-06-28,26.7,25.8,24939,1.625,0.027,10.40714286,2.457142857,1599.621,1602.093,3.6,23.25714286,27.3
2021-07-05,25.8,14.5,30473,1.564,0.043,9.947142857,2.334285714,1715.148,1927.493,106.9,24.65714286,28.58571429
2021-07-12,25.2,6.9,248,2.699,0.125,9.874285714,4.608571429,8190.891,13639.165,318.45,26.34285714,29.58571429
2021-07-19,26.9,31.7,1030,2.293,0.064,9.898571429,2.314285714,2907.731,2839.72,12.45,27.81428571,32.65714286
2021-07-26,29.7,50.6,16749,1.902,0.043,9.367142857,2.271428571,1434.56,1617.075,0.05,28.9,33.61428571
2021-08-02,30.7,42.9,43366,1.454,0.034,8.827142857,2.34,978.837,1380.722,6.1,28.94285714,33.6
2021-08-09,28.7,14.1,2317,1.645,0.083,8.868571429,2.407142857,1694.347,2045.162,9.8,28.87142857,32.72857143
2021-08-16,27.2,28.6,40233,1.836,0.076,9.002857143,2.308571429,1735.493,1930.348,10.05,25.75714286,30.94285714
2021-08-23,26.1,14.6,12443,1.873,0.08,8.968571429,2.384285714,1752.74,2732.877,195.95,25.02857143,29.82857143
2021-08-30,24.5,13.7,754,2.016,0.097,9.38,3.562857143,11361.502,14072.662,79,26.73333333,28.5
2021-09-06,22.6,13.8,1909,2.51,0.096,8.915714286,2.615714286,7285.756,7377.797,23.65,23.64285714,26.8
2021-09-13,24.1,25.8,1587,2.25,0.066,8.838571429,2.298571429,2586.37,2968.886,1.2,24.21428571,27.3
2021-09-20,23.6,20.9,1324,2.405,0.046,8.778571429,2.271428571,1951.474,2759.966,24.4,22.87142857,26.57142857
2021-09-27,23.2,25.4,4628,2.239,0.041,8.78,2.32,1493.997,2103.468,25.2,22.55714286,25.81428571
2021-10-04,24.4,49.2,3817,2.077,0.035,8.835714286,2.308571429,1354.007,2048.21,38.1,23.08571429,25.84285714
2021-10-11,23.3,33.5,1659,2.129,0.028,8.878571429,2.36,854.961,1458.225,36.3,23.52857143,24.74285714
2021-10-18,18.9,21.7,1933,2.407,0.038,8.805714286,2.412857143,1400.762,2086.971,10.5,16.42857143,19.61428571
2021-10-25,17.6,31.6,2106,2.312,0.028,8.818571429,2.387142857,952.666,1463.616,0.2,13.17142857,16.48571429
2021-11-01,16.5,40.9,796,2.059,0.019,8.775714286,2.435714286,650.35,972.542,0,14.65714286,18.71428571
2021-11-08,15.3,20.6,698,2.3,0.018,8.777142857,3.244285714,855.688,675.713,25,14,17.37142857
2021-11-15,12.6,13.9,898,2.393,0.022,8.777142857,3.292857143,835.818,769.612,0.05,9.785714286,12.82857143
2021-11-22,,,,,,8.824285714,3.808571429,499.111,391.517,0,11.67142857,14.57142857
2021-11-29,10.2,32,931,2.44,0.031,8.797142857,4.302857143,602.546,861.553,0,8.271428571,9.5
2021-12-06,8.4,7.7,1133,2.44,0.021,8.222857143,4.331428571,937.288,1215.882,43.25,6.042857143,9.228571429
2021-12-13,7.5,18.2,502,2.611,0.027,7.022857143,4.281428571,703.003,787.291,0,8.457142857,10.35714286
2021-12-20,5.9,20,82,3.037,0.03,5.815714286,4.77,1020.326,612.907,2.9,4.014285714,5.285714286
2021-12-27,3.9,15.4,36,3.227,0.028,4.937142857,4.865714286,360.129,531.051,0,2.7,4.857142857
2022-01-03,3.6,11.8,64,3.076,0.031,4.96,4.917142857,363.222,568.594,0,2.442857143,3.128571429
2022-01-10,3.1,11.4,192,2.919,0.025,4.977142857,4.934285714,335.478,562.591,0.05,4.114285714,4.657142857
2022-01-17,2.8,14.4,0,2.824,0.027,4.944285714,4.91,331.05,526.308,0,0.757142857,2.271428571
2022-01-24,3.1,14.7,0,3.253,0.032,4.978571429,4.937142857,320.197,522.435,0,3.3,4.2
2022-01-31,3.4,16,0,3.483,0.025,4.967142857,4.921428571,332.39,518.653,0,4.285714286,5.557142857
2022-02-07,4,18.1,0,3.55,0.024,4.925714286,4.898571429,185.976,351.72,0,1.285714286,3.585714286
2022-02-14,,,,,,5.034285714,4.915714286,90.067,216.714,0.05,6.642857143,7.142857143
2022-02-21,3.9,13.1,0,3.327,0.033,5.745714286,4.915714286,97.538,270.33,0,1.057142857,4.214285714
2022-02-28,5,10.1,0,3.137,0.033,9.188571429,4.844285714,215.808,366.963,0,4.5,7.242857143
2022-03-07,6.9,11.5,36,3.135,0.029,9.412857143,4.825714286,358.476,445.59,1.9,7.957142857,11.28571429
2022-03-14,9.4,11.1,81,3.349,0.022,9.412857143,4.844285714,352.625,425.947,18.15,12.8,15.67142857
2022-03-21,10.3,12.2,0,3.618,0.024,9.368571429,4.887142857,789.335,834.256,15.8,9.928571429,13.85714286
2022-03-28,12.1,20.9,27,3.354,0.031,9.56,4.947142857,1098.69,1231.159,68.1,12.1,14.8
2022-04-04,14.1,19.9,0,2.75,0.028,9.139042857,4.968857143,931.16,1324.55,0.8,12.24285714,15.52857143
2022-04-11,16.4,19,0,2.311,0.028,8.961142857,4.932,565.246,855.248,0,16.38571429,19.97142857
2022-04-18,17.1,9.7,67,2.063,0.028,8.946285714,4.937714286,548.127,631.281,0.05,15.38571429,20.75714286
2022-04-25,19.1,3.5,29,2.099,0.021,8.883142857,4.865428571,453.693,577.357,9.1,18.31428571,22.81428571
2022-05-02,19,2.4,0,1.992,0.035,8.864,4.972285714,734.505,1160.539,102.6,15.9,22.45714286
2022-05-09,20.3,2.5,31,2.108,0.033,8.863714286,4.856857143,577.584,665.235,0,17.65714286,23.38571429
2022-05-16,21,12,204,2.447,0.038,8.860857143,4.901714286,535.499,573.217,0.75,18.61428571,23.85714286
2022-05-23,22.7,19.2,872,2.334,0.025,8.838571429,4.860857143,384.782,496.797,0,21.67142857,27.41428571
2022-05-30,24.3,14.9,1472,2.09,0.025,8.849428571,4.557428571,347.298,573.153,0.1,23.47142857,28.55714286
2022-06-06,23.7,14.7,4708,2.08,0.029,8.884,4.126,510.774,737.47,48.3,22.05714286,27.47142857
2022-06-13,23.6,33.5,15437,1.645,0.029,8.838,4.130857143,666.225,997.915,3.25,20.12857143,26.28571429
2022-06-20,28.2,37.2,71967,1.369,0.025,8.949428571,4.155428571,622.096,863.064,22.1,23.21428571,27.8
2022-06-27,26.6,36.9,43497,1.409,0.039,9.040285714,4.157714286,909.856,1247.682,49.85,25.67142857,30.17142857
2022-07-04,30.7,69.3,79767,1.191,0.048,9.112571429,4.173428571,859.325,1390.979,34.5,27.54285714,30.28571429
2022-07-11,28.7,29.4,69281,1.125,0.043,8.940571429,4.162571429,764.635,1138.908,40.15,27.85714286,31.75714286
2022-07-18,28.1,30.4,40308,1.513,0.07,8.806757143,4.033714286,1098.929,1388.493,72.6,26.94285714,30.3
2022-07-25,29.4,43.4,151711,1.253,0.061,8.814571429,4.138857143,1259.837,1705.928,45.8,26.8,30.55714286
2022-08-01,29.1,39.6,93310,1.142,0.061,8.778,4.038,608.858,918.294,12.6,27.94285714,32.12857143
2022-08-08,29.6,62.5,134373,1.082,0.047,9.020471429,3.621428571,743.024,2289.314,21.8,29.31428571,32.08571429
2022-08-15,,,,,,8.824571429,3.036285714,3415.536,3997.178,25.4,28.98571429,30.82857143
2022-08-22,27.5,25.7,5382,2.505,0.069,8.771428571,3.114285714,3079.24,3894.855,64.6,26.38571429,30.68571429
2022-08-29,26.4,33,6433,1.963,0.055,8.812571429,3.084,1197.961,1889.439,30.5,24.2,28.48571429
2022-09-05,,,,,,8.799428571,3.084285714,2684.325,3900.415,88.8,23.5,26.65714286
2022-09-12,23.1,15.9,993,2.85,0.088,10.72114286,5.292285714,7319.557,9796.433,126.5,23.05714286,27.1
2022-09-19,24.2,40,3264,2.817,0.053,9.228571429,3.799428571,1523.049,2430.069,27,25.58571429,27.22857143
2022-09-26,22.3,81.7,3007,2.71,0.034,8.797714286,2.578857143,787.957,1510.231,0.05,19.57142857,24.72857143
2022-10-03,23.5,67.7,6634,2.213,0.037,8.776857143,2.289714286,649.94,1457.04,0.1,22.27142857,25.84285714
2022-10-10,19.1,62.2,5407,2.487,0.027,8.795714286,2.269142857,899.527,1550.759,13.35,17.41428571,20.77142857
2022-10-17,19.7,29.9,10476,2.212,0.048,8.763142857,2.280857143,524.938,1137.361,0,16.87142857,20.74285714
2022-10-24,17.1,22.5,1808,2.147,0.025,8.748,2.312571429,430.103,1064.16,0.05,14.2,17.95714286
2022-10-31,16.1,2.8,1559,2.309,0.024,8.717428571,2.347714286,398.181,965.793,0,14.4,17.54285714
2022-11-07,13.9,14.7,3172,2.368,0.029,8.752585714,2.333257143,389.244,923.47,0,11.91428571,16.72857143
2022-11-14,14.4,20.7,10248,2.597,0.034,8.772357143,2.338957143,435.963,1040.984,15.8,14.51428571,17.22857143
2022-11-21,13.4,13.2,2924,2.595,0.024,8.774285714,3.428314286,788.832,585.864,0.05,12.11428571,15.45714286
2022-11-28,12.7,7.5,1835,2.587,0.021,8.763771429,4.784285714,456.213,425.107,9.4,12.41428571,13.52857143
2022-12-05,9,12.8,2429,2.322,0.025,8.2965,4.923242857,915.942,1022.364,14.4,4.457142857,7.128571429
2022-12-12,7.1,9.5,902,2.421,0.026,6.975714286,4.8783,625.928,609.099,2.65,5.857142857,6.5
2022-12-19,4.8,12.1,538,2.708,0.026,5.898442857,4.835714286,787.838,585.562,0,0.185714286,1.557142857
2022-12-26,4,9.7,61,2.947,0.022,5.025714286,4.903385714,459.861,495.603,10.6,-0.542857143,1
2023-01-02,3.2,13.2,254,2.783,0.015,4.975071429,4.941557143,457.72,566.613,0,2.014285714,3
2023-01-09,,,,,,4.972857143,4.937671429,442.427,463.563,0.1,3.642857143,4.9
2023-01-16,3.8,14.9,6,3.223,0.027,4.989742857,4.949214286,511.059,768.451,63.4,7.628571429,8.228571429
2023-01-23,2.5,20.6,0,3.277,0.026,5.389742857,4.931042857,598.493,579.196,0,1.471428571,2.428571429
2023-01-30,2.1,16.3,0,3.315,0.028,5.711428571,4.866114286,252.182,277.146,0,-2.328571429,-0.142857143
2023-02-06,2.6,12,0,3.319,0.034,7.469342857,4.9209,129.602,231.193,0,3.785714286,5.628571429
2023-02-13,4.4,12.3,24,3.418,0.03,9.3361,4.942328571,250.455,389.151,20.6,6.157142857,9.257142857
2023-02-20,5.8,17.1,0,3.417,0.041,9.378971429,4.857642857,222.422,390.006,2.45,5.728571429,8.3
2023-02-27,6.8,14.4,89,3.214,0.029,9.460771429,4.8704,281.428,346.319,0.05,5.814285714,8.342857143
2023-03-06,,,,,,9.480257143,4.845457143,290.551,353.737,0.05,8.5,13.05714286
2023-03-13,10.3,13,245,,,9.465971429,4.855214286,319.668,371.843,8.85,12.71428571,17.67142857
2023-03-20,11.8,14.8,227,,,9.478828571,4.839871429,299.108,346.609,0,11.58571429,14.98571429
2023-03-27,13.6,7.6,0,,,9.488314286,4.868442857,377.32,480.288,44.7,13.37142857,18.3
2023-04-03,14.9,6.8,25,3.486,0.035,9.464814286,4.871685714,309.82,386.881,0,15.05714286,20.34285714
2023-04-10,15.4,5,0,2.886,0.04,9.462728571,4.918185714,499.592,809.677,68.65,13.64285714,18.3
2023-04-17,15.7,3.7,0,2.922,0.032,9.362471429,4.8726,356.42,585.79,7.95,14.78571429,19.22857143
2023-04-24,17.1,6.6,114,2.721,0.031,9.365714286,4.869085714,229.951,401.658,0.5,17.25714286,21.01428571
2023-05-01,18.2,6.5,0,2.326,0.046,9.322457143,4.850771429,315.996,518.485,30.45,15.34285714,20.21428571
2023-05-08,16.9,5.3,49,3.128,0.058,9.239771429,4.875842857,2267.568,4982.884,209.9,16.72857143,22.3
2023-05-15,20.5,31.2,2200,2.208,0.022,9.247671429,4.847528571,869.01,2089.955,3.9,18.38571429,23.94285714
2023-05-22,22.5,28.3,1550,2.076,0.018,9.251171429,4.861157143,432.711,834.971,26.1,20.45714286,26.42857143
2023-05-29,22,15.4,372,2.248,0.053,9.263342857,4.850914286,1182.646,1608.185,64,21.15714286,25.58571429
2023-06-05,25.3,26.7,9106,2.09,0.045,9.261414286,4.908571429,2240.537,3452.709,8.45,21.95714286,26.85714286
2023-06-12,26.8,24.2,48560,2.24,0.029,9.2574,4.831542857,600.902,999.103,1.05,23.42857143,27.98571429
2023-06-19,28.3,49.7,168823,2.316,0.047,9.219857143,4.841042857,937.358,1408.898,12.55,24.41428571,29.05714286
2023-06-26,26.6,30.7,26655,1.823,0.025,9.251257143,4.850128571,1018.115,1738.609,47.2,24.05714286,28.9
2023-07-03,,,,,,9.2935,4.859228571,8930.505,11232.589,86.6,25.65714286,29.65714286
2023-07-10,,,,,,9.2829,4.902728571,9492.407,11513.936,98.8,25.67142857,30.34285714
2023-07-17,,,,,,10.96168571,6.054242857,26777.8,28604.941,254.5,26.4,29
2023-07-24,,,,,,10.3913,5.778871429,20347.563,27310.616,61.7,26.37142857,30.37142857
2023-07-31,28,21.4,913,2.126,0.077,9.289357143,4.875071429,4895.997,7114.983,1.1,29.44285714,31.74285714
2023-08-07,32.5,58.9,59007,2.1,0.047,9.247142857,4.800128571,1221.74,1789.633,0,30.75714286,33.5
2023-08-14,,,,,,10.20472857,5.229785714,16071.612,19866.289,338.6,27.97142857,31.71428571
2023-08-21,28.1,22.7,698,2.2,0.071,9.245328571,4.854542857,2218.122,3216.255,20.4,28.15714286,31.65714286
2023-08-28,,,,,,9.259585714,4.869414286,5023.103,7342.847,95.5,27.95714286,30.45714286
2023-09-04,25.3,3.4,872,2.223,0.127,10.04312857,5.5742,14056.197,18186.669,105.15,26.54285714,28.57142857
2023-09-11,27.2,27.5,2696,1.996,0.091,9.27,4.868057143,1899.743,2443.157,0,25.74285714,29.31428571
2023-09-18,,,,,,9.286242857,4.755185714,4047.424,6213.475,202.55,25.35714286,27.47142857
2023-09-25,22.1,,,2.227,0.128,9.613571429,5.1044,10740.54,13069.851,58.8,23.3,26.45714286
2023-10-02,22.1,35.9,3806,2.373,0.032,9.332985714,4.8039,4814.249,5346.711,2.7,22.38571429,24.57142857
2023-10-09,20.8,42.9,2754,2.255,0.028,9.442471429,4.933771429,2298.309,2806.528,0.9,18.57142857,21.97142857
2023-10-16,20.3,19.1,2338,2.305,0.039,9.286471429,4.929742857,1045.969,1407.16,0,18.48571429,21.41428571
2023-10-23,18.5,14.2,1151,2.335,0.036,9.264957143,4.842214286,755.253,1006.621,4.1,15.45714286,19.22857143
2023-10-30,17.8,17.1,2288,2.551,0.027,9.268842857,4.823771429,666.511,900.068,0,16.32857143,20.12857143
2023-11-06,19,30.5,2435,2.27,0.032,9.244557143,4.851185714,604.668,1184.036,39.4,19.25714286,19.87142857
2023-11-13,14.9,47.8,1053,2.116,0.024,9.245157143,4.831557143,725.838,1217.894,4.7,10.74285714,13.27142857
2023-11-20,12,9.2,1761,2.452,0.017,9.248971429,4.817528571,657.644,932.207,12.1,8.028571429,10.68571429
2023-11-27,10.3,17.5,971,2.694,0.022,9.237542857,4.829614286,545.623,747.82,0,9.142857143,10.05714286
2023-12-04,8.6,17.8,1385,2.757,0.026,8.951042857,4.842328571,565.852,830.138,0,5.371428571,7.614285714
2023-12-11,9,9.8,3191,3.155,0.029,9.181685714,4.8474,647.521,864.653,30.6,11.67142857,11.94285714
2023-12-18,7.5,12.4,124,3.445,0.065,8.894928571,4.862057143,3689.94,5679.993,47.3,6.371428571,7.314285714
2023-12-25,4.2,15.3,205,2.714,0.049,9.277471429,4.872085714,1366.973,2313.926,0,-0.9,0.557142857
