Date,WT_DSB,Chla_DSB,Cyanocell_DSB,TN_DSB,TP_DSB,WL_UP_GJGRB,WL_DSB,Discharge_UP_GJGRB,Discharge_DSB,Prec_DSB,Temp_DSB,Forecast_Temp_DSB
2012-01-09,3.3,5.3,0,5.396,0.229,15.31571429,10.00571429,0,0,1.5,-0.5,4
2012-01-16,2.4,11.5,0,5.275,0.223,15.38,9.861428571,0,0,0.1,0.814285714,4.357142857
2012-01-23,3.1,31.2,0,5.817,0.268,15.51857143,9.867142857,0,0,6.05,3.714285714,5.814285714
2012-01-30,3.35,52.3,0,5.679,0.217,15.60285714,10.15857143,0,0,0.05,-0.428571429,1.657142857
2012-02-06,3.8,105.1333333,0,5.576,0.35,15.83,9.01,0,0,2.3,-2.085714286,1.528571429
2012-02-13,4.2,109.05,0,4.949,0.186,15.94571429,9.131428571,0,0,0.15,-0.257142857,2.471428571
2012-02-20,5.55,115.8,0,4.673,0.16,16.46428571,9.904285714,0,0,4.5,0.971428571,4.157142857
2012-02-27,5.85,91.925,0,5.92,0.193,16.57857143,11.40428571,0,0,0.5,4.442857143,8.214285714
2012-03-05,7.1,101.4,0,5.202,0.186,16.57142857,11.56714286,0,0,23.05,6.5,8.885714286
2012-03-12,7.9,135.55,0,5.632,0.214,17.89571429,12.14,0,0,5.55,5.442857143,9.071428571
2012-03-19,10.45,117.65,0,7.275,0.249,19.37571429,11.65285714,0,0,3.6,7.971428571,10.55714286
2012-03-26,11.75,61.4,0,6.927,0.315,19.38714286,11.79285714,0,0,25,6.971428571,10.22857143
2012-04-02,11.8,58.2,0,4.237,0.161,19.44142857,12.06285714,0,0,25.5,11.47142857,13.41428571
2012-04-09,15.5,33.2,0,3.638,0.131,19.47142857,12.59857143,0,0,15.55,11.97142857,14.22857143
2012-04-16,14.9,23.7,0,3.594,0.122,19.48857143,12.04857143,0,0,3.05,16.24285714,18.68571429
2012-04-23,17,28.1,0,3.541,0.143,19.50571429,13.10428571,0,0,36.4,15.25714286,19.51428571
2012-04-30,17,56.4,0,,,19.52142857,14.13557143,0,0,19,18.27142857,21.78571429
2012-05-07,21.3,34.6,0,2.788,0.066,19.50571429,14.12571429,0,0,4,20.7,24.07142857
2012-05-14,18.1,64.4,856,3.632,0.088,19.39571429,13.38857143,0,0,32.05,16.92857143,23.9
2012-05-21,21.5,8.2,288,3.671,0.142,19.28,12.6,0,0,0.6,20.21428571,24.38571429
2012-05-28,23.8,3.3,165,3.407,0.09,19.33,13.38,0,0,12.5,22.58571429,27.25714286
2012-06-04,25.1,8.9,1190,3.464,0.109,19.42285714,13.92571429,0,0,1.55,21.44285714,27.17142857
2012-06-11,25.5,7.6,295,3.046,0.096,19.34428571,13.66285714,68.765,195.309,18,23.98571429,28.12857143
2012-06-18,25.6,8.5,1103,2.907,0.12,19.44857143,13.42571429,0,0,12.1,22.71428571,27.85714286
2012-06-25,24.4,9,1550,2.967,0.061,19.45,13.95285714,0,0,24,23.61428571,28.6
2012-07-02,25.7,12.8,3885,3.144,0.098,19.50285714,13.84,0,0,32,23.77142857,27.5
2012-07-09,26.4,20.1,2500,1.708,0.075,19.61857143,14.16428571,0,0,44,26.27142857,27.98571429
2012-07-16,24.3,14.7,277,3.976,0.196,19.67571429,14.25142857,3373.331,4741.086,125.55,25.04285714,27.42857143
2012-07-23,27.3,29.6,1867,3.572,0.14,19.57571429,14.26428571,2313.603,3732.26,32,27.12857143,28.91428571
2012-07-30,29.65,34.45,2138,3.522,0.106,19.54714286,14.14571429,1033.343,1091.539,0.1,31.2,33.22857143
2012-08-06,29.96666667,25.1,15718.33333,3.715,0.122,19.53571429,14.09571429,443.92,686.695,0,30.47142857,33.15714286
2012-08-13,27.81428571,14.28571429,1273.571429,3.829,0.152,19.57142857,14.07571429,1468.293,1464.775,91.1,28.02857143,31.45714286
2012-08-20,25.86,30.44,699.2,2.817,0.216,19.68285714,14.19714286,5683.299,5061.711,5.6,28.71428571,30.05714286
2012-08-27,25.4,15.55,696,3.313,0.194,19.51,14.13857143,6469.498,7795.701,201.5,25.94285714,30.25714286
2012-09-03,23.1,10.03333333,160,2.739,0.123,19.64,14.19,7174.58,6185.917,29.15,25.35714286,29.14285714
2012-09-10,21.85,3.95,312,2.968,0.152,19.67,14.25714286,6140.997,5778.614,68.55,23.31428571,27.27142857
2012-09-17,23.5,17.75,116,2.812,0.163,19.73571429,14.71714286,7505.702,8050.049,173,21.12857143,25.28571429
2012-09-24,25.55,11.15,206,2.914,0.14,19.51857143,14.25571429,9264.38,12137.294,0,21.22857143,25.14285714
2012-10-01,22,27.4,92,3.663,0.089,19.53571429,14.06714286,1282.256,1768.856,0,19.62857143,24.74285714
2012-10-08,20.8,8.1,88,3.73,0.092,19.53,13.98714286,868.769,1415.761,0.05,18.17142857,24.07142857
2012-10-15,19.3,20.9,100,3.741,0.081,19.48142857,14.01,754.681,1132.674,0,16.44285714,21.92857143
2012-10-22,18.95,22.9,94,3.9,0.091,19.50571429,14.11571429,583.709,995.878,17.6,15.1,20.62857143
2012-10-29,16.95,10.65,0,3.441,0.064,19.52714286,14.04857143,637.959,1290.795,10.5,14.42857143,18.34285714
2012-11-05,15.7,17.5,0,4.372,0.11,19.57285714,13.39857143,799.678,567.571,2.5,10.6,14.37142857
2012-11-12,14.3,21,444,4.044,0.092,19.54571429,13.97857143,773.528,1064.501,11,11.82857143,13.74285714
2012-11-19,11.6,27.3,512,3.293,0.062,19.59142857,13.87857143,1154.424,1212.149,12,7.228571429,10.94285714
2012-11-26,9.9,19,396,3.832,0.054,19.43714286,14.18571429,707.101,1186.586,7,5.757142857,10.18571429
2012-12-03,7.45,25.8,478,4.138,0.055,18.96428571,14.07285714,404.063,786.288,1.2,4.485714286,7.085714286
2012-12-10,5.3,11,240,4.506,0.036,18.93714286,14.09571429,498.796,915.395,7,-1.285714286,3.685714286
2012-12-17,4.3,11.1,248,4.074,0.038,18.74142857,14.11428571,699.165,1155.939,15,2.214285714,5.028571429
2012-12-24,,,,4.242,0.047,18.77428571,13.35428571,790.015,1191.313,9.8,-1.442857143,2.571428571
2012-12-31,,,,,,18.72142857,12.60857143,586.842,905.293,17.95,-2.414285714,0.942857143
2013-01-07,2.2,18.9,0,5.15,0.049,18.76571429,13.39571429,518.794,457.337,0.25,-3.685714286,-0.085714286
2013-01-14,3.4,15,68,4.977,0.046,18.80285714,13.64714286,627.578,702.993,0,-0.628571429,3.157142857
2013-01-21,3.2,24.7,0,4.592,0.034,18.62,14.06142857,570.065,590.6,12.55,1.371428571,3.9
2013-01-28,3.1,13,0,4.276,0.047,18.68,14.13428571,1054.188,1163.233,5.05,0.214285714,3.371428571
2013-02-04,3.4,11.1,0,4.13,0.047,18.78,14.05571429,1469.828,1526.816,19,5,6.628571429
2013-02-11,2.4,20.4,0,3.969,0.04,18.76142857,14.14714286,1230.963,1373.751,3,-1.228571429,2.385714286
2013-02-18,3.6,29.5,108,4.235,0.044,18.73142857,14.08285714,874.942,936.091,5.3,2.3,4.8
2013-02-25,5,47.6,0,4.261,0.048,19.03571429,14.04142857,313.696,484.085,0.05,2.7,5.9
2013-03-04,5.7,67,0,5.495,0.064,18.97285714,14.08285714,614.794,781.777,4.5,6.342857143,9.714285714
2013-03-11,8.1,81.2,0,4.225,0.084,18.00285714,14.13,802.749,884.101,0,11.51428571,14.37142857
2013-03-18,11.7,104.1,0,5.084,0.077,19.33285714,13.98,471.683,963.076,50.1,10.52857143,13
2013-03-25,11.1,64.9,0,3.982,0.056,19.15428571,14.20428571,1332.827,1870.071,0,9.157142857,13.07142857
2013-04-01,13,67.9,0,4.319,0.085,19.10714286,14.05857143,664.152,878.555,0.55,11,13.85714286
2013-04-08,13.7,40.7,132,3.904,0.054,19.14142857,14.09714286,835.431,1152.988,31.5,11.75714286,15.81428571
2013-04-15,12.7,32,32,3.678,0.046,19.05,14.07857143,981.888,1336.212,1.2,10.41428571,15.02857143
2013-04-22,16.7,23.6,564,3.489,0.045,19.06428571,14.07285714,534.099,756.488,4.7,11.97142857,17.22857143
2013-04-29,14.8,34.4,100,3.995,0.073,18.85571429,14.11857143,995.05,1326.264,23.2,14.51428571,18.67142857
2013-05-06,18.9,15.7,100,3.464,0.046,19.13142857,14.06,734.588,939.944,0.1,16.54285714,19.77142857
2013-05-13,21.9,9.9,48,3.847,0.07,19.12285714,14.03857143,621.456,753.1,13.5,20.67142857,23.92857143
2013-05-20,21.7,5,0,3.848,0.128,19.15428571,14.07714286,603.976,755.898,16.9,19.25714286,25.22857143
2013-05-27,22.8,6,0,3.159,0.055,19.14714286,14.06714286,662.987,903.345,15,23.37142857,27.88571429
2013-06-03,24.1,12.8,0,2.635,0.044,19.16857143,14.16714286,2072.149,2539.997,25,21.75714286,25.45714286
2013-06-10,23.4,6.9,0,2.726,0.048,19.21,14.14714286,890.099,1208.721,0,23.18571429,29.25714286
2013-06-17,27.1,6.6,200,2.68,0.054,19.16142857,14.15,1100.795,1308.971,7.6,24.95714286,28.3
2013-06-24,23.4,15.7,0,3.02,0.147,19.20857143,14.15142857,5419.142,5390.271,19.05,25.02857143,27.97142857
2013-07-01,28.7,31.3,472,3.119,0.133,19.22714286,14.24285714,1770.114,1746.285,36.5,25.47142857,29.25714286
2013-07-08,26.2,7.7,116,3.022,0.125,19.33428571,14.38428571,4670.899,6545.535,222.5,26.58571429,27.64285714
2013-07-15,28.3,26.3,280,3.406,0.141,19.59571429,14.28428571,1675.275,2137.494,11,29.54285714,30.34285714
2013-07-22,28.9,34.6,1642,3.041,0.125,19.64285714,14.20714286,1212.681,1523.952,0,29.74285714,30.52857143
2013-07-29,29.5,41.7,17024,3.123,0.123,19.60428571,14.20857143,860.021,1178.067,4.9,29.38571429,30.2
2013-08-05,30.06666667,49.8,6762.666667,2.534,0.092,19.65428571,14.28571429,2206.795,2582.987,56,28.18571429,31.21428571
2013-08-12,32.2,55.03333333,9053.333333,2.67,0.087,19.68142857,14.3,1763.781,2311.623,62,31.15714286,33.81428571
2013-08-19,31.53333333,54.3,24585.33333,2.508,0.098,19.60142857,14.12714286,488.488,820.362,0,31.22857143,34.1
2013-08-26,28.43333333,33,24722.66667,2.906,0.154,19.62857143,14.27428571,1114.999,1923.336,88,26.94285714,31.37142857
2013-09-02,28.1,44.9,43974,2.526,0.12,19.59,14.11142857,623.833,1070.455,8.1,26.11428571,29.14285714
2013-09-09,25.85,65.5,40608,2.819,0.065,19.56285714,14.14142857,324.565,620.911,5.05,22.11428571,27.54285714
2013-09-16,25.95,74.5,42231,2.377,0.097,19.63,14.12714286,1513.505,1707.062,40,24.31428571,27.37142857
2013-09-23,26.1,42.7,7492,2.397,0.064,19.58714286,14.12142857,824.505,977.1,0,23.91428571,27.87142857
2013-09-30,25.4,38.7,4328,2.947,0.067,19.6,14.17571429,1081.707,1192.982,51.7,21,24.64285714
2013-10-07,24.5,31,1280,2.336,0.066,19.48714286,14.10571429,1467.222,1480.823,5.5,20.81428571,24.3
2013-10-14,23.7,41,672,3.346,0.163,19.11428571,14.17285714,1775.077,2550.352,101.5,19.61428571,23.75714286
2013-10-21,21.4,68.4,924,3.095,0.075,18.98571429,13.88857143,860.262,889.614,0.5,15.27142857,20.32857143
2013-10-28,19,49.7,2568,3.672,0.054,18.94857143,14.06857143,319.171,451.319,0,14.34285714,19.25714286
2013-11-04,17.1,43.7,140,3.776,0.058,18.97857143,14.05285714,242.018,417.165,0,14.87142857,18.7
2013-11-11,15.4,35.1,55,4.723,0.073,18.98714286,14.10428571,296.792,444.287,12.3,11.77142857,16.3
2013-11-18,11.7,12.2,195,4.498,0.068,18.93,14.07285714,417.197,552.14,1.05,7.685714286,12.4
2013-11-25,10.8,11.8,0,4.431,0.062,18.88714286,14.05142857,197.662,379.549,23,7.328571429,10.14285714
2013-12-02,9.8,19.7,895,4.993,0.061,18.91285714,14.04285714,353.723,570.762,3.5,4.357142857,7.842857143
2013-12-09,8,23.5,852,4.291,0.061,18.95,14.03285714,296.493,483.74,4,6.4,9.757142857
2013-12-16,6,21,0,5.12,0.058,18.39571429,14.07,466.69,609.715,0.75,1.842857143,5.214285714
2013-12-23,6,17.9,225,4.347,0.053,18.67428571,14.02857143,199.997,352.51,1.2,2.757142857,4.657142857
2013-12-30,,,,,,18.86428571,14.03857143,162.79,305.996,0.05,1.7,4.757142857
2014-01-06,5.8,20,0,6.134,0.053,18.93571429,13.90142857,197.561,403.392,0,4.6,6.542857143
2014-01-13,4.1,29.3,0,5.28,0.042,18.89428571,13.70285714,435.995,288.853,0.2,0.7,4.357142857
2014-01-20,4.1,40.7,0,5.111,0.035,18.77714286,14.02142857,357.52,374.102,0.05,1.428571429,4.371428571
2014-01-27,5.9,40.1,0,5.625,0.043,18.70714286,14.03428571,302.186,339.298,1.55,2.442857143,6.542857143
2014-02-03,6.5,38.7,0,5.873,0.046,18.72285714,14.05,267.444,310.974,0.05,7.9,8.985714286
2014-02-10,5,40.6,0,6.1,0.065,18.68857143,13.99142857,253.199,372.108,0.65,0.828571429,4.342857143
2014-02-17,5.3,39.5,0,5.943,0.048,18.70714286,14.00285714,246.634,339.46,0.5,3.2,6.071428571
2014-02-24,7.4,45.6,0,6.113,0.055,18.71714286,14.04714286,188.274,349.324,0,4.5,8.271428571
2014-03-03,8.3,43.5,0,5.883,0.044,18.65571429,13.92285714,234.88,399.982,7,8.714285714,11.32857143
2014-03-10,8.8,47,0,6.029,0.055,18.70857143,14.05285714,216.91,364.744,0.05,4.728571429,9.485714286
2014-03-17,11.6,46,0,6.134,0.106,18.71571429,14.14714286,624.908,1074.251,55,8.571428571,12.24285714
2014-03-24,12.8,48.9,0,4.75,0.073,18.87,14.00285714,414.178,558.365,4,10.97142857,15.54285714
2014-03-31,15.5,33.4,50,4.572,0.062,19.00714286,14.13571429,688.607,1001.202,50.5,15.47142857,19.21428571
2014-04-07,13.6,38.1,0,3.951,0.06,19.03857143,14.11285714,818.089,1141.955,3.5,12.97142857,18.24285714
2014-04-14,14.2,27.4,0,4.075,0.058,18.98857143,14.03428571,361.12,540.008,1.05,14.71428571,19.27142857
2014-04-21,15.4,13.3,0,4.267,0.076,19.07,14.03142857,382.479,505.126,23,16.52857143,20.65714286
2014-04-28,16.5,13.2,0,4.045,0.076,19.07142857,14.05142857,388.712,481.552,26,17.95714286,22.65714286
2014-05-05,18,12,0,3.685,0.078,19.24857143,14.26142857,1731.388,2274.322,55,16.65714286,21.85714286
2014-05-12,18.3,17.3,0,3.638,0.067,19.05714286,14.02285714,466.706,617.503,16.9,18.3,22.67142857
2014-05-19,19.8,10.1,0,3.901,0.058,19.04571429,14.04428571,424.781,551.035,0,22.32857143,25.67142857
2014-05-26,21.5,23.2,303,3.677,0.049,19.04571429,14.01,279.03,348.301,3.5,22.2,27.1
2014-06-02,22.4,5.7,2315,3.959,0.041,19.04142857,14.05,253.084,380.17,5,26.02857143,29.08571429
2014-06-09,22.7,12.1,12484,3.839,0.052,19.05714286,14.11,505.183,684.793,6.1,21.04285714,26.61428571
2014-06-16,23.45,23.05,44223.5,3.186,0.046,19.14142857,14.10428571,818.031,803.675,3,23.05714286,26.85714286
2014-06-23,24.03333333,23.86666667,187510.3333,3.457,0.043,19.07142857,14.10428571,407.721,540.331,9.65,23.18571429,27.97142857
2014-06-30,25.56666667,12.56666667,7424,2.433,0.038,19.18428571,14.07142857,1287.511,1190.017,5.05,25.62857143,28.94285714
2014-07-07,25.35,18,32837.5,2.375,0.068,19.16142857,14.04714286,1203.587,1201.877,79,23.91428571,28.75714286
2014-07-14,26.1,13.05,16280,2.349,0.045,19.42857143,14.05142857,352.822,545.633,8,27.61428571,29.82857143
2014-07-21,26.9,6.6,10157.5,3.021,0.075,19.50142857,14.08857143,254.556,583.201,42.5,26.91428571,30.57142857
2014-07-28,28.15,14.6,71290,2.389,0.059,19.49428571,14.11285714,116.495,418.782,0.6,28.67142857,30.51428571
2014-08-04,27.05,26.45,16652.5,2.956,0.112,19.53,14.15428571,817.63,1108.427,83.5,27.62857143,31.08571429
2014-08-11,25.75,10.4,14867.5,2.569,0.106,19.64,14.27857143,2756.664,3152.835,67.4,25.38571429,30.25714286
2014-08-18,,,705,,,19.64,14.33142857,3303.703,4435.618,160,23.71428571,29.18571429
2014-08-25,23.5,5.2,0,3.342,0.131,19.55857143,14.09,10130.572,11224.796,103.9,25.32857143,27.88571429
2014-09-01,23.5,14.5,0,3.663,0.104,19.64857143,14.30714286,3963.258,4281.566,0.5,23.02857143,27.77142857
2014-09-08,25.3,5.6,0,3.862,0.074,19.61428571,14.22428571,1114.268,1425.205,10.5,24.31428571,27.61428571
2014-09-15,24.9,5,4510,3.718,0.081,19.54142857,14.08,518.797,721.51,0,23.54285714,27.47142857
2014-09-22,23.7,11.4,5105,3.951,0.067,19.51428571,14.03714286,413.967,579.186,4.5,21.37142857,26.07142857
2014-09-29,22.4,4.2,150,2.995,0.108,19.64714286,14.18857143,3949.351,3477.596,95.5,21.01428571,25.65714286
2014-10-06,21.2,9.3,550,2.998,0.105,19.55428571,14.13142857,988.879,1073.66,0,18.75714286,24.24285714
2014-10-13,19.5,13.2,450,3.004,0.081,19.04714286,14.01428571,673.109,692.004,19,18.15714286,23.98571429
2014-10-20,18.7,33.5,695,3.738,0.071,19.02142857,14.03857143,466.052,569.595,13.6,15.5,20.81428571
2014-10-27,16.9,13.9,965,3.141,0.074,19.06714286,14.22857143,3163.9,3542.419,40,15.14285714,20.07142857
2014-11-03,15,9.2,135,3.285,0.118,19.14285714,14.17,1654.672,1787.058,17.8,13.14285714,18.38571429
2014-11-10,13.9,36.3,0,3.679,0.082,19.00857143,14.18714286,1491.165,1333.475,0.05,12.5,16.04285714
2014-11-17,12.2,76.2,0,4.405,0.064,18.97428571,14.02857143,735.973,659.898,0.05,8.328571429,13.35714286
2014-11-24,11,85.4,0,3.876,0.049,18.97285714,14.04714286,458.344,607.351,30,9,13.71428571
2014-12-01,10.3,102.8,0,3.939,0.067,19.47571429,14.24285714,1414.098,1459.096,13.55,9.685714286,12.38571429
2014-12-08,6.9,92.6,0,3.763,0.06,19.53571429,14.13,1054.279,1043.826,1,0.314285714,4.057142857
2014-12-15,5.6,64.9,0,3.888,0.048,19.52142857,14.04714286,510.686,699.374,0.05,2.428571429,4.585714286
2014-12-22,3.6,44.5,0,3.743,0.04,19.51571429,14.03571429,416.199,618.444,3.55,-0.971428571,2.642857143
2014-12-29,3.1,32.8,0,4.467,0.031,19.51285714,14.06285714,455.101,591.176,0,2.014285714,5.671428571
2015-01-05,2.9,19.3,0,4.536,0.028,19.51142857,14.06142857,377.062,545.12,2.5,0.9,4.414285714
2015-01-12,3,23.1,0,4.765,0.033,19.52142857,14.07,437.437,599.675,6.5,1.414285714,5.257142857
2015-01-19,3.5,12.4,0,4.753,0.032,19.55857143,14.08428571,509.39,574.262,0.5,3.285714286,6.357142857
2015-01-26,4.1,16.9,0,4.66,0.039,19.56285714,14.07571429,529.612,617.579,15,4.185714286,7.071428571
2015-02-02,4,27.3,0,4.839,0.038,19.56285714,14.06,569.394,583.679,0.6,1.271428571,5.657142857
2015-02-09,4.3,27,0,4.772,0.04,19.54,14.06285714,443.417,512.926,0,1.842857143,5.585714286
2015-02-16,4.3,38.1,0,5.052,0.042,19.54571429,14.06285714,459.961,532.053,10.4,4.328571429,7.014285714
2015-02-23,5.7,29.5,0,4.456,0.041,19.56,14.07142857,671.397,701.865,1.7,5.8,8.642857143
2015-03-02,5.7,29.9,0,4.347,0.038,19.55714286,14.06,676.866,694.189,5.5,4.442857143,7.371428571
2015-03-09,6.8,32.7,0,5.381,0.036,19.54142857,14.05285714,552.495,594.018,6,5.114285714,9.114285714
2015-03-16,7.2,31.5,0,5.007,0.041,19.54142857,14.04571429,434.994,488.562,0,6.685714286,10.72857143
2015-03-23,9.6,21.7,0,3.562,0.053,19.63142857,14.18571429,1372.065,1713.771,40.5,12.77142857,16.27142857
2015-03-30,11.9,31.8,0,3.735,0.051,19.57428571,14.07428571,774.899,855.749,0,12.67142857,16.44285714
2015-04-06,12.4,17,0,3.915,0.051,19.55857143,14.08,676.859,788.913,25.8,13.01428571,18.15714286
2015-04-13,12.8,25,0,3.392,0.053,19.53428571,14.09142857,714.342,989.6,13.6,10.95714286,16.38571429
2015-04-20,14.2,32.5,495,3.319,0.054,19.56857143,13.95,1123.602,1482.856,36,13.62857143,18.67142857
2015-04-27,15.4,25.2,138,2.941,0.044,19.39571429,14.17,1230.265,1533.438,0,19.04285714,22.57142857
2015-05-04,19.4,28.5,127,3.198,0.046,19.49571429,14.05142857,566.628,727.384,20.9,19.48571429,25.2
2015-05-11,20.3,37.1,56,2.759,0.033,19.54571429,14.03428571,466.374,558.45,8.6,19.38571429,24.02857143
2015-05-18,20.3,15.3,170,2.804,0.05,19.51857143,14.03285714,376.766,513.247,12.6,20.8,24.51428571
2015-05-25,21.8,18.9,782,2.632,0.057,19.51571429,14.03,210.19,330.315,0,22.97142857,26.8
2015-06-01,23.3,11.7,515,2.778,0.056,19.53142857,14.01714286,191.34,228.679,1,24.85714286,29.22857143
2015-06-08,23,12.3,3286,2.883,0.046,19.52285714,14.03,275.463,332,3.6,22.2,29.3
2015-06-15,24,15.55,106127.5,2.455,0.079,19.53,14.03,367.274,378.802,0,24.67142857,28.64285714
2015-06-22,24.4,28.15,62982.5,2.578,0.111,19.52714286,14.05,485.321,526.63,21.05,22.15714286,28.15714286
2015-06-29,24.4,31.85,36147,2.155,0.052,19.55714286,14.06285714,1102.998,1166.731,25,22.42857143,27.42857143
2015-07-06,23.65,17.05,585,2.15,0.045,19.49142857,14.02142857,502.959,545.784,13,22.71428571,28.1
2015-07-13,23.9,7.8,1376,3.319,0.102,19.66571429,14.27285714,2620.877,3418.495,154,22.67142857,27.77142857
2015-07-20,25,34.4,250,2.623,0.071,19.61571429,14.14857143,1189.569,1324.005,0.1,23.57142857,29.35714286
2015-07-27,26.1,15.95,21535,2.868,0.049,19.54285714,14.05571429,455.408,441.045,1.5,27.6,29.41428571
2015-08-03,28.6,18.75,74370.5,3.473,0.054,19.53142857,14.04285714,234.245,249.433,13.5,30.07142857,31.55714286
2015-08-10,29.1,16.25,73064,2.647,0.061,19.45285714,14.05571429,154.072,209.676,65.5,29.45714286,32.65714286
2015-08-17,28.2,23.35,92680,3.29,0.094,19.53857143,14.06714286,343.212,514.029,93.5,24.98571429,29.91428571
2015-08-24,26.5,9.35,31119,2.48,0.074,19.54571429,14.02571429,384.752,526.235,43.55,24.52857143,29.21428571
2015-08-31,25.85,15,266824.5,2.876,0.088,19.57571429,14.12857143,598.94,1058.901,55,23.25714286,28.01428571
2015-09-07,25.1,20,77150,3.081,0.077,19.52571429,14.09428571,555.133,878.392,49.5,22.24285714,27.38571429
2015-09-14,23.75,51.65,29398.5,2.686,0.079,19.52428571,14.04714286,221.17,312.241,1.5,20.51428571,26.61428571
2015-09-21,23.2,15.2,24058,2.673,0.045,19.35,14.04714286,58.829,174.234,13.3,19.68571429,26.11428571
2015-09-28,23.2,39.7,34493,3.428,0.053,19.47714286,14.05428571,47.136,160.729,6,20.32857143,25.92857143
2015-10-05,21.7,22.4,39499.5,3.79,0.063,19.53285714,14.06428571,257.064,344.851,22.5,18.35714286,24.01428571
2015-10-12,20.2,18.55,24676.5,3.159,0.046,19.52714286,14.04571429,148.77,226.748,2.1,16.24285714,22.35714286
2015-10-19,19.7,15.6,17789,3.116,0.052,19.50285714,14.04285714,169.57,218.795,0,16.55714286,22.74285714
2015-10-26,18.85,10.15,5060,2.669,0.035,19.35285714,14.04,23.591,90.816,0,16.67142857,22.04285714
2015-11-02,16.7,8.9,2630,2.874,0.039,19.46714286,14.04714286,29.104,185.763,13.8,10.25714286,16.48571429
2015-11-09,15.9,5.8,1087,4.442,0.039,19.49428571,14.06,142.784,352.124,38.5,12.97142857,17.37142857
2015-11-16,15.4,9,780,3.623,0.046,19.53714286,14.09857143,330.38,596.988,25.5,13.44285714,15.87142857
2015-11-23,14.4,9.3,2385,3.009,0.047,19.53,14.11,500.39,755.673,6.15,12.22857143,14.14285714
2015-11-30,12.3,13.9,973,3.149,0.05,19.20714286,14.04571429,354.118,476.346,0.55,5.957142857,8.342857143
2015-12-07,10,15,2591,4.283,0.049,18.99142857,14.01571429,243.991,338.205,0.6,5.728571429,8.328571429
2015-12-14,9.6,12.1,1280,3.316,0.022,19.01428571,14.03857143,330.91,430.549,27.5,7.4,9.728571429
2015-12-21,8.3,9.6,3350,4.459,0.031,19.01571429,14.01285714,330.627,382.663,5.05,2.9,6.4
2015-12-28,7,9.4,1370,3.55,0.027,19.00857143,14.02285714,242.556,278.763,0.55,3.457142857,6.928571429
2016-01-04,5.9,14,332,3.682,0.027,19.00857143,14.02714286,213.95,213.624,0,2.571428571,6.228571429
2016-01-11,5.2,13.9,310,4.077,0.025,19.01142857,14.01428571,205.76,161.847,0,1.785714286,4.485714286
2016-01-18,4.4,16.6,158,4.471,0.035,18.98285714,14.04428571,218.527,197.095,1.1,0.171428571,3.185714286
2016-01-25,,,,,,19.01857143,13.84285714,132.58,119.064,0,-5.457142857,0.157142857
2016-02-01,2.8,35.7,0,5.319,0.034,19.00571429,14.02,90.794,185.09,22.85,0.357142857,4.071428571
2016-02-08,3.6,42.5,0,5.827,0.051,18.99571429,14.00857143,58.295,135.682,0,0.657142857,4.742857143
2016-02-15,4.8,33.2,0,6.135,0.044,19.01714286,13.95428571,179.186,262.806,12.55,5.342857143,9.257142857
2016-02-22,5.8,32.3,0,6.433,0.04,19.05714286,13.86714286,321.345,204.166,0.05,3.485714286,6.1
2016-02-29,6.1,33,0,5.628,0.034,19.00571429,14.03857143,109.109,191.418,3.2,3.385714286,7.371428571
2016-03-07,9,29.3,0,5.945,0.042,19.24714286,14.11714286,328.905,743.685,49.5,8.228571429,11.25714286
2016-03-14,7.8,18.3,0,4.15,0.041,19.50142857,14.13285714,748.424,1011.402,0.05,5.214285714,11.08571429
2016-03-21,9.9,36.1,0,4.721,0.052,19.52285714,14.05857143,235.126,348.964,11.5,10.35714286,15.07142857
2016-03-28,11.3,21.8,0,4.839,0.038,19.51,14.04,139.323,242.921,6.6,9.242857143,14.82857143
2016-04-04,13.1,20.2,43,4.125,0.041,19.51714286,14.04428571,102.428,206.738,19,13.4,18.17142857
2016-04-11,14.4,20.8,145,4.024,0.077,19.60571429,14.13714286,957.654,1597.629,41.05,14.24285714,19.34285714
2016-04-18,15.6,29.8,170,3.696,0.063,19.60571429,14.13571429,828.114,1008.796,32,15.37142857,20.34285714
2016-04-25,16.3,14.3,0,3.14,0.079,19.61285714,14.13714286,1813.85,2111.102,20,16.38571429,21.32857143
2016-05-02,17.3,29.6,94,3.263,0.041,19.57714286,14.10857143,1349.814,2059.528,39.1,16.14285714,22.21428571
2016-05-09,18.5,32.5,115,2.689,0.037,19.58714286,14.07857143,846.7,990.981,13,19.47142857,23
2016-05-16,20.1,48.4,254,2.879,0.041,19.62714286,14.06857143,831.161,818.271,35.1,17.14285714,24.08571429
2016-05-23,22.3,8,7607,2.675,0.027,19.57714286,14.03571429,543.777,541.525,0,20.2,26.97142857
2016-05-30,23.15,9.5,13385,2.822,0.032,19.56142857,14.04142857,438.177,473.47,16.8,22.7,27
2016-06-06,22.9,6.85,22168,2.725,0.028,19.54,14.04571429,302.827,331.83,1.1,21.45714286,28.2
2016-06-13,24.55,14.8,30420.5,2.863,0.031,19.57857143,14.06428571,517.715,501.027,11.9,23.47142857,28.25714286
2016-06-20,25.2,8.05,12299.5,2.476,0.045,19.58714286,14.05857143,562.558,553.331,6.95,24.74285714,28.52857143
2016-06-27,25.2,14.1,9571,2.545,0.044,19.55285714,14.04857143,610.466,633.382,25.75,23.9,28.07142857
2016-07-04,25.2,17.7,2217,1.814,0.054,19.53,14.03571429,2812.363,2668.135,66.1,23.81428571,27.92857143
2016-07-11,24.2,4.6,861,3.456,0.149,19.55428571,14.19857143,11332.152,10237.708,78.6,26.28571429,28.21428571
2016-07-18,25.4,16.9,1037,3.541,0.103,19.59714286,14.18285714,1538.998,1531.98,13,25.55714286,28.9
2016-07-25,26.6,2.7,790,3.589,0.079,19.44714286,14.03285714,747.519,755.4,100,25.85714286,29.27142857
2016-08-01,29.3,6.5,2490,3.601,0.084,19.43142857,14.03285714,542.099,616.751,49.85,29.58571429,31.57142857
2016-08-08,29.5,32.1,5109,3.427,0.044,19.52857143,14.06285714,598.747,641.213,46.5,28,32.24285714
2016-08-15,30.65,17.65,15327.5,2.995,0.059,19.49428571,14.01285714,485.119,485.678,0,30.75714286,33.48571429
2016-08-22,30.55,29.5,85061.5,2.947,0.055,19.38285714,13.91285714,378.794,435.505,0.1,28.4,32.07142857
2016-08-29,26.3,14.25,9138,2.616,0.051,19.57142857,14.07142857,628.636,602.483,34.6,24.42857143,30.87142857
2016-09-05,23.3,12.5,1653,3.379,0.139,19.62571429,14.11857143,1531.19,2438.029,118.55,23.27142857,28.35714286
2016-09-12,25.3,43.5,1619,3.585,0.057,19.60142857,14.17,932.679,1235.803,40.55,23.31428571,28.44285714
2016-09-19,21.9,8.1,162,2.789,0.118,19.62571429,14.16428571,4006.964,5261.728,119.5,21.52857143,26.7
2016-09-26,22,10.7,216,3.159,0.067,19.65714286,14.19714286,1530.932,1581.572,9,20.48571429,25.35714286
2016-10-03,22,26.4,343,3.482,0.061,19.58571429,14.10428571,877.925,994.486,23.55,21.24285714,24.44285714
2016-10-10,19.7,10,193,2.96,0.121,19.61,14.17,3642.299,4463.356,73.05,18.27142857,23.75714286
2016-10-17,19.2,17.6,99,3.244,0.052,19.56,14.00285714,1278.301,1614.73,26,16.28571429,21.65714286
2016-10-24,18.6,29.1,330,3.389,0.063,19.53714286,14.02285714,648.066,748.323,0.05,16.44285714,20.88571429
2016-10-31,17,49.4,253,3.404,0.032,19.53,14.02714286,546.23,571.264,8,13.2,17.3
2016-11-07,14.4,45,75,3.166,0.02,19.52714286,14.02571429,465.252,493.095,0,9.628571429,14.14285714
2016-11-14,13.4,13.7,333,3.667,0.034,19.52,14.02142857,382.67,400.189,0.3,10.27142857,13.48571429
2016-11-21,13.1,11.2,349,3.553,0.017,19.52571429,14.02571429,369.566,391.763,8,11.78571429,14.25714286
2016-11-28,10.7,21,133,3.795,0.023,19.52,14.03,320.645,340.177,2,4.028571429,8.657142857
2016-12-05,9,14.8,177,3.657,0.025,19.52,14.02857143,310.021,347.949,1,6.2,8.685714286
2016-12-12,7.5,15.4,0,3.953,0.03,19.52428571,14.03,298.774,314.881,0.05,3.157142857,6.685714286
2016-12-19,6.3,14.8,164,3.905,0.022,19.52142857,14.03142857,280.933,292.781,1.55,3.4,6.314285714
2016-12-26,7,15.8,0,4.057,0.034,19.53,14.03857143,550.094,650.29,39,5.757142857,7.714285714
2017-01-02,5.6,17.9,111,3.874,0.03,19.52571429,14.02571429,517.531,598.944,0.5,2.171428571,5.3
2017-01-09,5.8,14.7,0,3.959,0.027,19.53428571,14.03285714,454.886,474.065,0,4.9,7.528571429
2017-01-16,4.3,16.5,0,3.951,0.024,19.52285714,14.02571429,372.591,391.368,0.05,-1.057142857,2.942857143
2017-01-23,3.2,16.7,0,3.618,0.026,19.52,14.02142857,366.848,377.932,2.2,-0.971428571,3.242857143
2017-01-30,3.6,17.8,0,4.077,0.022,19.52142857,14.01857143,281.777,282.246,0.35,0.757142857,3.657142857
2017-02-06,4.2,15.9,0,4.186,0.024,19.51857143,14.02142857,222.346,233.335,0.65,2.971428571,4.457142857
2017-02-13,4.1,16.5,59,4.699,0.021,19.51857143,14.02571429,219.65,226.234,0.1,0.2,4.171428571
2017-02-20,5.8,20.6,156,4.657,0.031,19.54857143,13.70857143,243.414,548.922,5.75,5.128571429,7.442857143
2017-02-27,6.1,19.5,0,4.378,0.06,19.62,11.69,553.178,803.365,19.5,3.5,7.042857143
2017-03-06,7.3,32,31,4.028,0.04,19.55428571,12.83714286,397.244,258.821,5.5,6.742857143,10.25714286
2017-03-13,8.3,38.6,0,3.87,0.035,19.50428571,14.00285714,250.08,309.436,0,6.6,10.65714286
2017-03-20,10.5,48.3,0,4.095,0.037,19.57142857,11.94142857,291.183,717.042,6.05,8.828571429,14.55714286
2017-03-27,11.7,46.6,0,4.136,0.047,19.58428571,10.88571429,363.008,419.568,26,8.3,14.35714286
2017-04-03,11.9,31,0,3.814,0.046,19.46142857,13.61,435.195,255.187,6.4,10.07142857,15.27142857
2017-04-10,14.4,33.7,0,3.809,0.046,19.59285714,14.05571429,588.106,651.137,10.5,15.24285714,18.77142857
2017-04-17,15.7,13.7,0,3.204,0.033,19.63571429,14.08428571,863.154,864.646,28.55,16.32857143,19.2
2017-04-24,16.3,18,0,2.832,0.04,19.59714286,14.08142857,868.084,901.998,5,15.27142857,19.57142857
2017-05-01,18,9.9,0,3.247,0.028,19.46,13.97,283.249,388.583,3.5,18.61428571,22.25714286
2017-05-08,19.5,2.1,0,3.02,0.028,19.50142857,14.02,186.515,278.669,15.55,19.52857143,24.94285714
2017-05-15,20,4.7,0,3.039,0.033,19.5,14.02,184.952,317.109,17.55,18.37142857,24.88571429
2017-05-22,20.7,18,0,3.259,0.028,19.5,14.01428571,114.657,176.929,0,22.48571429,26.72857143
2017-05-29,22.4,9.5,38,3.273,0.067,19.49857143,14.01142857,145.973,209.916,0.1,22,27.55714286
2017-06-05,23.7,30.2,103344,2.998,0.037,18.91285714,13.71428571,494.992,546.352,0.1,22.27142857,27.74285714
2017-06-12,23.8,32,174398.5,2.334,0.041,18.25571429,13.50285714,554.075,510.65,1.6,21.45714286,27.07142857
2017-06-19,23.75,11.1,50860.5,2.468,0.046,18.25857143,13.51428571,271.275,396.212,2.05,24.17142857,28.97142857
2017-06-26,25.35,13.2,54118,2.903,0.059,18.28428571,13.52,392.228,578.712,67.55,24.71428571,30.37142857
2017-07-03,26.65,13.15,27708,2.486,0.05,18.27428571,13.52285714,917.406,972.88,4.9,26.52857143,29.02857143
2017-07-10,27.4,17.25,17880.5,1.509,0.043,18.27285714,13.51714286,2852.905,2444.406,8.35,27.58571429,29.51428571
2017-07-17,27.8,15.95,23618.5,2.56,0.071,18.27,13.51571429,2794.084,2507.656,16.55,28.75714286,31.57142857
2017-07-24,27.4,12.15,25050,2.432,0.045,18.29714286,13.51714286,1397.671,1282.673,28.55,29.25714286,32.41428571
2017-07-31,25.8,15.7,1928,2.348,0.087,18.29,13.52,4934.342,4306.572,47.55,26.16666667,31.42857143
2017-08-07,27.2,33.1,4305,2.746,0.075,18.30142857,13.54142857,2832.738,2470.413,7.55,28.77142857,32.12857143
2017-08-14,26.3,16,120,3.178,0.094,18.27571429,13.52428571,2048.484,1933.354,96.6,25.5,31.3
2017-08-21,26.2,16,845,3.237,0.074,18.29857143,13.51714286,4639.922,4176.977,65,25.14285714,28.97142857
2017-08-28,26.7,15,4219,2.843,0.053,18.28285714,13.53285714,2823.192,2472.393,2.25,27.52857143,29.12857143
2017-09-04,25.6,18.5,9660,2.915,0.052,18.27,13.51285714,1045.752,1077.598,0.15,22.21428571,27.52857143
2017-09-11,24.9,24.6,3770,3.483,0.046,18.27428571,13.52142857,853.585,1049.823,42.55,22.34285714,27.48571429
2017-09-18,23.5,17.8,7980,2.484,0.036,18.28428571,13.51428571,1054.965,1240.65,1,22.15714286,26.27142857
2017-09-25,23.7,35.6,2830,2.495,0.043,18.27428571,13.53285714,604.156,770.405,0,21.75714286,26.41428571
2017-10-02,,,,,,18.28714286,13.52857143,1041.791,1344.477,74.5,18.9,24.41428571
2017-10-09,21.2,18.7,10946,2.483,0.031,18.27714286,13.55571429,891.886,1118.591,6.6,19.1,22.47142857
2017-10-16,20.2,26.3,5147,2.793,0.038,18.26428571,13.53571429,683.013,979.545,27.2,17.11428571,21.04285714
2017-10-23,18.4,37.2,3756,2.8,0.04,18.26285714,13.53428571,530.558,730.441,0.1,15.64285714,20.57142857
2017-10-30,17.3,32.4,6571,3.483,0.03,18.24571429,13.55857143,413.025,604.031,0,13.27142857,19.31428571
2017-11-06,15.5,23.9,4392,3.924,0.036,18.27857143,13.54571429,335.9,532.521,0.05,11,16.28571429
2017-11-13,14.1,15.6,4018,3.82,0.037,18.26142857,13.52142857,249.059,416.523,0.05,10.7,14.77142857
2017-11-20,11.4,20.8,2752,4.182,0.036,18.27571429,13.53285714,244.812,445.882,0.05,5.428571429,9.685714286
2017-11-27,9.1,15.4,939,4.017,0.037,18.27571429,13.54,277.149,471.294,0.15,4.5,8.885714286
2017-12-04,7.8,12.5,960,3.575,0.028,18.28,13.53142857,258.922,448.255,0,4.442857143,7.7
2017-12-11,6.4,14.3,246,5.223,0.023,18.28142857,13.53142857,256.505,450.4,0.15,0.685714286,4.2
2017-12-18,3.9,14.9,38,4.972,0.018,18.26142857,13.53,253.988,423.599,0,-1.914285714,1.757142857
2017-12-25,3.3,14,124,4.704,0.017,18.27,13.53571429,262.118,437.867,11.05,1.357142857,4.857142857
2018-01-01,3.5,17.8,109,5.288,0.027,18.26571429,13.52857143,241.876,449.37,0.1,1.8,3.3
2018-01-08,3.2,20.4,0,5.176,0.025,18.27571429,13.52571429,245.235,440.381,1.55,1.042857143,2.457142857
2018-01-15,3.1,20.3,40,5.251,0.03,18.28428571,13.53428571,233.535,391.267,0.65,-2.171428571,1.814285714
2018-01-22,4,22.4,0,5.324,0.025,18.25142857,13.56142857,308.968,556.846,19.05,3.557142857,5.5
2018-01-29,2.5,26.2,0,6.743,0.03,18.28142857,13.53,196.036,311.368,0,-6.185714286,-1.285714286
2018-02-05,,,,,,18.29428571,13.56428571,278.878,479.462,0,-3.042857143,1.185714286
2018-02-12,3.2,22.3,0,4.669,0.026,18.26,13.53,286.082,432.108,0.25,-2.071428571,1.7
2018-02-19,4.1,19.9,0,5.411,0.032,18.27571429,13.54142857,226.456,449.882,0.05,3.357142857,5.685714286
2018-02-26,4.8,24.3,0,4.636,0.03,18.27571429,13.55142857,251.236,428.431,0.45,4.457142857,8.314285714
2018-03-05,7.4,48.3,0,4.656,0.046,18.30285714,13.56428571,538.743,799.051,47.05,7.028571429,10.02857143
2018-03-12,7.5,47.5,0,4.063,0.045,18.3,13.58285714,1587.465,2188.977,23,5.728571429,9.9
2018-03-19,9.7,34.3,0,3.531,0.045,18.30428571,13.54285714,1093.281,1543.54,41,10.11428571,14.85714286
2018-03-26,10.3,34.4,193,4.199,0.04,18.26571429,13.54285714,2155.58,2621.759,12.2,8.814285714,13.18571429
2018-04-02,13.4,27.8,280,4.178,0.047,18.28571429,13.56857143,505.471,891.014,0,16.41428571,18.54285714
2018-04-09,12.6,29.5,0,3.829,0.05,18.24857143,13.58571429,2174.906,2574.078,46,11,15.55714286
2018-04-16,14,29,215,3.741,0.041,18.30571429,13.57571429,1256.005,1693.484,20.05,14.17142857,18.17142857
2018-04-23,15.7,42.2,372,3.642,0.038,18.29714286,13.55714286,841.102,872.531,38.05,17.21428571,20.9
2018-04-30,17.5,53.2,419,3.445,0.024,18.32142857,13.57714286,2012.289,2159.49,9,16.57142857,20.45714286
2018-05-07,17.7,52.5,130,2.99,0.027,18.57428571,13.72285714,1203.103,1129.421,37.7,16.71428571,21.58571429
2018-05-14,18.9,39.3,156,2.911,0.024,18.74571429,13.82142857,1283.517,1317.249,14,17.85714286,22.97142857
2018-05-21,19.8,23.9,40,2.898,0.032,18.72571429,13.82428571,950.222,1045.665,4.1,19.54285714,24.68571429
2018-05-28,22,11.1,181,2.787,0.021,18.70714286,13.79142857,903.011,1043.767,28,21.44285714,25.54285714
2018-06-04,23.1,4.3,519,2.934,0.022,18.68285714,13.84571429,357.481,691.478,16.05,24.17142857,27.57142857
2018-06-11,24.5,7,569,2.975,0.025,18.71714286,13.83,426.521,631.392,21.6,22.24285714,27.37142857
2018-06-18,23.1,14.5,9946,2.98,0.029,18.73,13.83285714,451.283,641.332,0,20.65714286,27.62857143
2018-06-25,24.9,16.4,38193,2.881,0.027,18.73428571,13.84285714,398.089,592.219,1.55,25.9,29.91428571
2018-07-02,22.1,6.3,133,3.388,0.164,18.71285714,13.76714286,3991.181,4107.449,207.5,24.67142857,28.15714286
2018-07-09,22,7.8,209,3.576,0.11,18.34714286,13.54285714,6699.682,7172.059,58.5,21.72857143,28.28571429
2018-07-16,25.2,35.1,1112,3.584,0.059,18.34428571,13.58285714,1313.599,1297.098,0,29.47142857,31.08571429
2018-07-23,28.3,18.2,9111,3.105,0.043,18.32142857,13.61857143,374.055,537.925,0,31.21428571,34.2
2018-07-30,30.45,31.9,124100,2.802,0.036,18.35428571,13.62142857,217.107,366.835,1.65,31.15714286,35.48571429
2018-08-06,30.5,37.9,135800,2.721,0.05,18.33571429,13.60571429,239.323,358.16,0,30.9,35.84285714
2018-08-13,29.75,31,53498.5,3.091,0.116,18.45,13.63428571,431.294,674.34,89.05,28.21428571,34.81428571
2018-08-20,28.55,28.4,16060,2.482,0.059,18.37571429,13.65285714,667.635,774.689,4.6,26.44285714,34.02857143
2018-08-27,24.95,9.25,4097,2.686,0.131,18.34571429,13.67142857,2423.184,3029.119,203,26.37142857,32.04285714
2018-09-03,24.3,7.3,1515,2.973,0.118,18.32571429,13.56428571,6313.576,5699.284,48.9,24.78571429,29.57142857
2018-09-10,23,4.6,476,2.837,0.119,18.4,13.57571429,5198.734,4900.822,40.1,22.3,27.47142857
2018-09-17,22.7,7.8,3384,3.16,0.08,18.30142857,13.53428571,1143.775,967.759,11.3,21.97142857,26.48571429
2018-09-24,21.8,7.8,245,3.192,0.076,18.36571429,13.56,1452.723,1435.382,46.5,20.7,24.95714286
2018-10-01,21,9,487,3.412,0.054,18.36714286,13.59428571,882.905,874.073,0.6,17.74285714,23.37142857
2018-10-08,18.5,5.3,1005,2.892,0.125,18.50142857,13.96857143,5540.851,7296.533,157,18.18571429,22.08571429
2018-10-15,17.4,7.3,137,2.921,0.089,18.35285714,13.56285714,1513.031,1387.472,0,14.04285714,19.04285714
2018-10-22,17,9,49,2.929,0.052,18.54142857,13.48714286,650.304,700.126,0.3,13.18571429,19.05714286
2018-10-29,16.1,16,75,3.651,0.043,18.63285714,13.07857143,506.38,498.262,7.3,12.81428571,17.28571429
2018-11-05,14.3,18.3,273,3.415,0.038,18.60285714,13.15,443.675,450.319,0,9.714285714,15.54285714
2018-11-12,14.1,51.3,192,3.292,0.028,18.62714286,13.03,777.432,594.336,16.9,12.68571429,16.05714286
2018-11-19,13,15.6,250,3.631,0.022,18.61857143,13.02142857,520.84,318.416,0.2,9.114285714,13.41428571
2018-11-26,10.5,14.1,765,3.946,0.054,18.60857143,13.01285714,441.895,276.997,0.1,4.914285714,10.12857143
2018-12-03,9.8,12.2,311,3.668,0.028,18.29857143,12.94285714,437.237,300.18,2.5,7.785714286,10.6
2018-12-10,7.6,18.7,209,3.627,0.035,18.27428571,12.51,574.742,374.014,15,1.928571429,5.057142857
2018-12-17,5.3,20.7,10,3.927,0.03,18.28857143,12.50714286,410.459,245.037,4.8,0.328571429,4.685714286
2018-12-24,5.4,20.1,47,4.102,0.031,18.29857143,12.51714286,378.541,279.174,1.5,4.742857143,6.657142857
2018-12-31,,,,,,18.26571429,12.54,311.658,251.008,0,-1.928571429,1.342857143
2019-01-07,3.2,16.5,212,3.812,0.022,18.27,12.52571429,270.885,228.075,0,0.571428571,3.528571429
2019-01-14,3.9,8.7,0,4.388,0.031,18.28428571,12.53857143,273.261,222.263,3.5,1.642857143,4.314285714
2019-01-21,4,11.6,34,4.551,0.04,18.26571429,12.53285714,251.511,212.559,0.6,2.071428571,4.514285714
2019-01-28,4.1,16.5,27,4.434,0.034,18.30857143,12.53428571,391.31,328.343,0,2.214285714,5.242857143
2019-02-04,4.9,23.5,18,4.221,0.036,18.32,12.56571429,351.242,266.669,11.5,2.9,5.485714286
2019-02-11,5,29,0,4.291,0.044,18.34714286,12.59714286,323.396,291.183,0,2.214285714,5.471428571
2019-02-18,5.4,30.3,198,4.049,0.047,18.35,11.39,423.516,412.074,0.1,2.571428571,6.385714286
2019-02-25,7.2,36.1,0,4.183,0.055,18.39428571,9.405714286,288.581,413.819,19.5,5.542857143,9.628571429
2019-03-04,11,150.4,0,4.663,0.071,18.34142857,10.43571429,71.995,50.583,0.7,9.071428571,11.74285714
2019-03-11,10.3,35.6,89,4.926,0.036,18.30571429,12.28,130.003,123.539,8.25,9.442857143,12.45714286
2019-03-18,10.9,51.2,0,4.712,0.052,18.29571429,12.61857143,232.11,377.736,1.5,7.485714286,12
2019-03-25,11.2,27.7,0,4.014,0.03,18.28857143,12.58857143,258.017,555.198,6.55,9.814285714,14.44285714
2019-04-01,12.9,21,41,3.843,0.029,18.28714286,12.91285714,284.921,348.456,4.5,10.61428571,14.87142857
2019-04-08,12.9,11.1,30,3.724,0.022,18.27142857,13.56285714,274.634,537.538,0.2,12.57142857,15.9
2019-04-15,13.1,26.2,196,3.522,0.019,18.31428571,13.56571429,784.364,1061.69,28.05,11.47142857,16.57142857
2019-04-22,16.1,14,0,3.212,0.02,18.28428571,13.58285714,452.693,708.559,0,17.14285714,20.52857143
2019-04-29,15.9,14.1,0,3.038,0.031,18.30142857,13.57428571,709.727,974.452,59.7,13.58571429,20.45714286
2019-05-06,18.6,20.5,73,2.943,0.03,18.40714286,13.66714286,916.932,1382.445,0.1,18.25714286,22.8
2019-05-13,20.2,7.3,0,2.81,0.021,18.69142857,13.78285714,375.509,633.916,0,19.18571429,24.44285714
2019-05-20,21.2,2.8,496,2.703,0.023,18.65,13.88285714,349.497,557.796,18.8,21.1,27.12857143
2019-05-27,22,9.3,1300,2.562,0.039,18.73285714,13.91571429,351.097,437.111,5.5,23.01428571,27.14285714
2019-06-03,22.6,16.2,6632,2.261,0.022,18.73142857,13.93571429,484.817,590.729,1.55,22.14285714,26.47142857
2019-06-10,23.7,19.45,9339,2.256,0.054,18.76571429,13.93285714,861.418,1194.51,11.5,22.28571429,27.98571429
2019-06-17,23.9,17.6,4176,2.037,0.032,18.74571429,13.99142857,486.646,789.679,16.85,21.38571429,27.34285714
2019-06-24,25.3,10.4,52773,2.282,0.033,18.78142857,13.92857143,462.646,648.794,18,23.87142857,27.71428571
2019-07-01,24.55,22.35,57005.5,3.19,0.104,18.72571429,13.94,1342.553,2536.108,114.55,23.45714286,28.71428571
2019-07-08,25.5,17.05,47410.5,2.763,0.076,18.33142857,13.58857143,625.418,1048.437,0.05,24.57142857,30.32857143
2019-07-15,25.4,10.65,51996.5,2.452,0.047,18.30571429,13.57,577.603,932.343,27.5,23.55714286,28.87142857
2019-07-22,25.7,20.2,23800,2.332,0.084,18.27857143,13.53428571,1982.495,2904.712,105.55,25.24285714,29.98571429
2019-07-29,27.7,28.2,8934.5,1.772,0.037,18.30571429,13.51285714,2215.625,2228.946,6.4,28.71428571,30.85714286
2019-08-05,28.95,12.55,35560,1.959,0.031,18.31571429,13.56714286,774.881,978.13,0,30.54285714,33.02857143
2019-08-12,29.4,7.2,9887.5,2.057,0.06,18.33,13.56428571,1113.878,1262.24,19.6,28.81428571,33.04285714
2019-08-19,29.15,33.15,12994.5,2.052,0.038,18.29142857,13.56714286,650.928,899.778,10.7,28.4,31.88571429
2019-08-26,26.8,9.35,29567.5,2.411,0.12,18.28428571,13.55428571,1281.281,1911.715,88.55,25.58571429,30.32857143
2019-09-02,25.9,27.95,18031,1.722,0.046,18.28285714,13.56142857,1056.96,1343.653,26.6,22.92857143,28.5
2019-09-09,26.25,27.5,19909.5,1.65,0.043,18.30428571,13.56285714,1431.942,1855.603,51.5,25.4,27.4
2019-09-16,25.3,65.5,17688,1.635,0.038,18.31857143,13.63571429,1033.877,1217.163,9,23.31428571,27.62857143
2019-09-23,20.75,10.35,431.5,2.985,0.16,18.28714286,13.70428571,3676.309,4729.512,121.05,19.98571429,25.38571429
2019-09-30,21.4,39.2,1637,3.001,0.09,18.34142857,13.57857143,2270.137,2709.659,0.5,21.94285714,25.17142857
2019-10-07,20.1,3.2,132,2.565,0.107,19.14428571,14.31,9915.539,13297.048,151.7,20.6,23.92857143
2019-10-14,20,22.2,68,2.927,0.114,18.33714286,13.56714286,1366.883,1546.067,0,17.12857143,20.95714286
2019-10-21,18.4,7,288,3.371,0.084,18.35142857,13.58714286,743.476,905.576,3.5,14.94285714,20.08571429
2019-10-28,18.2,13.2,149,3.44,0.093,18.37142857,13.58714286,922.519,1003.789,0.05,15.55714286,19.81428571
2019-11-04,17.1,27.4,522,3.329,0.027,18.37142857,13.58285714,836.348,869.383,0.05,14.2,18.38571429
2019-11-11,15.6,14.7,430,3.605,0.038,18.31428571,13.58142857,378.921,465.693,7.3,11.32857143,16.01428571
2019-11-18,13.4,7.1,320,3.73,0.029,18.33714286,13.60857143,455.935,535.75,8.05,9.357142857,12.94285714
2019-11-25,12,12.1,153,3.207,0.024,18.33428571,13.56428571,529.787,634.265,0.05,8.385714286,11.7
2019-12-02,10.7,8.2,73,3.232,0.025,18.35142857,13.59142857,388.975,514.871,21.05,6.514285714,9.314285714
2019-12-09,8.1,8.7,65,3.453,0.039,18.35428571,13.59,346.488,524.112,0,2.414285714,6.214285714
2019-12-16,7.1,19.6,114,3.46,0.032,18.36,13.61428571,324.479,483.221,0.1,4.771428571,8.571428571
2019-12-23,6.6,11,0,3.167,0.03,18.40857143,13.71285714,281.186,427.56,0.05,4.114285714,7.614285714
2019-12-30,,,,,,18.41571429,13.71714286,286.134,432.839,6.5,3,6.385714286
2020-01-06,7.4,15.7,8,4.121,0.03,18.40142857,13.66714286,288.439,439.524,12,1.571428571,5.742857143
2020-01-13,5.1,12.2,155,3.435,0.027,19.25714286,14.04,783.54,1146.334,27.3,4.057142857,5.771428571
2020-01-20,4.3,17.5,0,3.648,0.027,18.78142857,13.78571429,645.096,759.369,0,2.157142857,4.871428571
2020-01-27,5.7,22.1,0,4.479,0.034,18.36714286,13.59142857,421.917,583.274,30.6,5.142857143,7.714285714
2020-02-03,6.2,19.2,23,3.923,0.051,18.35428571,13.64,551.03,894.685,0.65,4.757142857,7.314285714
2020-02-10,5.4,31.7,4,3.778,0.03,18.34,13.65714286,323.436,511.505,0.05,1.385714286,5.228571429
2020-02-17,6.7,28.5,0,3.89,0.031,18.38142857,13.76285714,388.968,532.726,10.05,7.242857143,9.957142857
2020-02-24,7.1,44.6,0,3.956,0.031,18.34142857,13.63571429,364.215,520.916,0.15,5.728571429,8.914285714
2020-03-02,8.2,21,742,3.387,0.026,18.99571429,13.66142857,1581.777,1822.423,30.25,6.957142857,11.32857143
2020-03-09,9,23,255,3.47,0.028,18.71857143,13.58142857,686.017,794.318,5,6.542857143,11.02857143
2020-03-16,9.4,25.4,188,3.241,0.038,18.40857143,13.59285714,488.282,674.644,10,7.457142857,12.25714286
2020-03-23,11.3,18.6,522,3.315,0.027,18.3,13.65428571,356.335,483.987,0,12.22857143,15.27142857
2020-03-30,12.6,14.6,100,3.655,0.033,18.31857143,13.65428571,299.505,470.147,9.5,11.5,17
2020-04-06,13.5,14.5,666,3.378,0.033,18.77285714,13.65142857,272.931,417.382,0.05,12.02857143,17.54285714
2020-04-13,13.7,33.6,839,3.403,0.03,18.34428571,13.61571429,231.591,358.51,1.15,11.25714286,17.5
2020-04-20,14.1,24.2,398,3.882,0.044,18.38571429,13.59285714,240.44,370.047,31.3,13.04285714,18.9
2020-04-27,14.7,35.5,115,3.511,0.029,18.35857143,13.63,362.093,486.143,0,12,17.51428571
2020-05-04,20.8,5.8,60,3.246,0.023,18.31714286,13.58714286,144.151,247.341,5.55,19.5,23.71428571
2020-05-11,19.6,5,120,3.831,0.039,18.72571429,13.96285714,404.662,455.635,20.5,17.81428571,24.25714286
2020-05-18,21.9,7.5,45,3.25,0.03,18.74857143,14.03714286,684.805,685.99,8.6,19.47142857,23.27142857
2020-05-25,21.3,8.1,756,2.5,0.016,18.75571429,14.02285714,1146.603,981.342,3.5,18.21428571,22.94285714
2020-06-01,23.4,24.1,93,2.392,0.023,18.77285714,14.03285714,360.222,468.452,0,21.81428571,26
2020-06-08,25.1,14.2,618,2.328,0.027,18.68285714,13.97142857,394.719,510.706,0,24.54285714,28.61428571
2020-06-15,27.8,13.4,1244,2.716,0.067,18.79285714,13.98428571,1495.902,1650.408,126.6,26.27142857,29.81428571
2020-06-22,26.6,23,4098,2.287,0.041,18.75285714,14.00571429,1012.281,992.092,7.6,22.85714286,29.31428571
2020-06-29,26.8,34.7,9575,2.135,0.048,18.73285714,13.87,1017.668,941.27,45.2,24.58571429,29.25714286
2020-07-06,25.5,49.8,33055,2.217,0.055,18.58,13.64,2032.941,1849.127,12.25,22.71428571,28.54285714
2020-07-13,20.6,4.1,130,2.999,0.11,18.51857143,13.89714286,3476.683,3545.137,108.6,23.74285714,29.14285714
2020-07-20,24.8,29.3,300,3.034,0.076,18.40857143,13.64142857,5372.139,5932.58,4.15,22.78571429,27.68571429
2020-07-27,,,,,,18.57,13.98428571,10046.304,12250.221,156.75,23.12857143,28.35714286
2020-08-03,24.4,3.9,103,2.469,0.12,18.64285714,14.03428571,11165.491,12565.18,55,25.71428571,29.25714286
2020-08-10,,,,,,19.45285714,15.65,19139.279,25821.876,281.45,27.05714286,29.25714286
2020-08-17,30.5,38.3,862,2.303,0.082,18.59571429,14.02142857,12313.487,14175.48,4.8,29.88571429,31.18571429
2020-08-24,28.4,27.4,1686,2.189,0.047,18.47571429,13.62571429,2101.427,1868.903,0.05,28.7,33.27142857
2020-08-31,28.3,35.9,5041,2.254,0.047,18.41857143,13.58,2797.479,2440.831,36.45,28.61428571,31.55714286
2020-09-07,22.5,7.7,12347,2.102,0.109,18.51285714,13.87,10933.058,12117.577,146.25,23.65714286,29.11428571
2020-09-14,22.9,5.4,4098,2.435,0.109,18.39142857,13.62428571,4905.725,5596.027,9.95,22.51428571,26.62857143
2020-09-21,23.4,16.6,3161,2.611,0.086,18.38857143,13.63857143,1791.364,2114.314,4.9,20.68571429,25.35714286
2020-09-28,21.9,8.1,4110,3.153,0.066,18.32857143,13.65428571,856.481,1022.795,0.1,18.75714286,23.87142857
2020-10-05,21.5,22.7,330,3.238,0.055,18.30857143,13.63571429,738.911,824.284,1.1,19.08571429,23.41428571
2020-10-12,20.4,44.8,1218,2.789,0.037,18.33428571,13.69142857,516.377,708.985,0,17.47142857,21.44285714
2020-10-19,18.8,26.8,509,3.354,0.042,18.34857143,13.67285714,425.244,655.795,0,14.34285714,19.68571429
2020-10-26,17.1,42.6,1010,3.282,0.037,18.35857143,13.64571429,418.736,674.603,12,13.4,18.27142857
2020-11-02,15.9,42.7,195,3.229,0.034,18.39142857,13.68571429,437.637,667.999,3.1,12.81428571,17.02857143
2020-11-09,13.9,54.5,858,3.357,0.03,18.36428571,13.69285714,352.064,640.062,0,9.828571429,14.38571429
2020-11-16,13.1,11.6,815,3.551,0.039,18.32142857,13.65857143,372.033,581.288,0,10.34285714,15.54285714
2020-11-23,13.5,9.9,1841,4.108,0.033,18.32857143,13.59714286,516.35,743.553,20.85,12.08571429,14.85714286
2020-11-30,10.7,13.4,489,2.997,0.034,18.32428571,13.58428571,421.009,567.637,0.05,5.857142857,8.914285714
2020-12-07,8.8,15,10726,3.431,0.026,18.36,13.64142857,488.97,655.515,0,3.757142857,7.271428571
2020-12-14,5.6,22.5,1984,3.541,0.025,18.36,13.65285714,443.297,684.057,0.05,3.171428571,6.828571429
2020-12-21,4.6,23,141,3.84,0.02,18.36571429,13.65285714,447.382,667.596,0,-1.5,2.257142857
2020-12-28,4.6,24.7,23,3.546,0.025,18.33428571,13.59428571,405.99,596.198,1.3,2.514285714,5.528571429
2021-01-04,3.5,34.9,29,4.592,0.031,18.37142857,13.61428571,394.319,516.82,1.6,-1.685714286,0.942857143
2021-01-11,,,,,,18.34714286,13.59714286,314.911,446.253,0.2,-5.871428571,-1.471428571
2021-01-18,,,,,,18.33571429,13.63285714,358.318,581.655,0.05,1.685714286,4.414285714
2021-01-25,4.5,34.2,0,5.129,0.039,18.33285714,13.60714286,410.791,570.969,1.45,4.857142857,6.314285714
2021-02-01,5,40.9,0,4.875,0.038,18.41714286,13.63714286,377.4,581.868,19.85,3.028571429,6.428571429
2021-02-08,4.6,56.7,0,4.295,0.039,18.3,13.59285714,193.469,337.101,0.05,1.957142857,7.157142857
2021-02-15,5.7,56,0,4.501,0.038,18.37714286,13.66142857,270.53,467.639,5.5,5.885714286,10.08571429
2021-02-22,5.9,52.2,0,5.164,0.05,18.34,13.61142857,306.967,454.934,0.1,4.9,8.157142857
2021-03-01,7.4,54.1,0,4.445,0.043,18.36857143,13.60285714,324.422,462.812,39.7,6.814285714,11.52857143
2021-03-08,7.9,46.3,0,3.733,0.058,18.45714286,13.71571429,828.905,1284.446,10.5,5.885714286,12.14285714
2021-03-15,10.5,52.9,24,4.439,0.05,18.35285714,13.59428571,549.733,778.519,19.5,9.942857143,14.97142857
2021-03-22,11.2,43.9,370,3.861,0.066,18.35,13.6,468.025,696.276,5.3,10.51428571,16.11428571
2021-03-29,13.9,28.6,28,3.572,0.049,18.36714286,13.57571429,451.991,760.627,24.4,13.7,17.1
2021-04-05,13.6,21.5,39,2.918,0.052,18.37571429,13.62571429,1681.772,2082.501,35.5,12.92857143,18.75714286
2021-04-12,15.4,26.8,833,3.721,0.03,18.37285714,13.61,1087.518,1413.482,7.4,12.87142857,17.88571429
2021-04-19,15.6,26.1,241,3.054,0.052,18.49857143,13.72142857,798.774,1051.232,0.05,13.5,18.57142857
2021-04-26,18.3,11.6,470,3.119,0.037,19.12,13.73571429,347.482,491.342,0.05,17.07142857,22.82857143
2021-05-03,17.1,4.3,68,3.23,0.038,19.50285714,14.01857143,225.984,495.652,4.35,15.9,20.81428571
2021-05-10,18.1,2.7,42,3.628,0.042,19.52,14.06,380.328,691.327,11.9,17.34285714,22.38571429
2021-05-17,19.3,4.6,0,2.936,0.043,19.52571429,14.11142857,1192.4,1372.951,46.1,18.45714286,24.12857143
2021-05-24,20.5,6,0,2.529,0.042,19.47857143,14.05714286,1731.458,2281.622,13.05,20.14285714,24.28571429
2021-05-31,21.4,21.9,147,2.327,0.026,18.75142857,13.93285714,1157.81,1398.927,15.75,19.04285714,24.54285714
2021-06-07,23.8,26.4,1367,2.681,0.029,18.75714286,13.91571429,1361.48,1500.028,21.5,22.7,26.85714286
2021-06-14,25.3,7.8,149,2.794,0.041,18.97285714,13.94714286,930.8,1089.535,5.65,24.34285714,28.34285714
2021-06-21,25.8,16.1,4373,2.338,0.036,18.78428571,13.98,1023.648,1052.207,6.6,22.74285714,27.87142857
2021-06-28,26,32.4,38965,2.114,0.026,18.74285714,13.95571429,1009.94,986.855,20.4,22.61428571,27.3
2021-07-05,25.6,29.5,13679,2.016,0.045,18.74571429,14.00285714,1378.982,1560.55,44.55,24.62857143,28.58571429
2021-07-12,25.2,8.7,70,2.732,0.139,18.80571429,13.96714286,8778.537,9845.692,100,25,29.58571429
2021-07-19,29.1,50.6,2198,2.642,0.065,18.77285714,14.01571429,2525.543,2997.356,4.45,27.68571429,32.65714286
2021-07-26,31.8,10.2,8492,2.377,0.047,18.33285714,13.67,1050.071,1291.595,0.05,28.1,33.61428571
2021-08-02,31.4,47.3,74942,2.187,0.046,18.38714286,13.67285714,894.574,1108.452,31.7,28.87142857,33.6
2021-08-09,29.8,9.3,3840,2.017,0.062,18.39142857,13.59571429,1557.288,1902.846,14.75,28.85714286,32.72857143
2021-08-16,27.8,14.1,4760,2.296,0.096,18.39571429,13.66,1271.95,1630.797,37.05,24.45714286,30.94285714
2021-08-23,26.4,17.8,32680,2.221,0.077,18.34857143,13.63857143,1296.697,1344.84,59.7,24.04285714,29.82857143
2021-08-30,24.8,5.5,684,2.408,0.117,18.34,13.84571429,6945.127,9089.112,103.6,25.02857143,28.5
2021-09-06,22.2,5.4,357,2.802,0.136,18.34142857,13.61,5327.646,5772.002,66.1,22.08571429,26.8
2021-09-13,24.6,36.7,562,2.888,0.072,18.37714286,13.64428571,2342.201,1785.857,0.05,23.34285714,27.3
2021-09-20,23.4,13.8,650,2.686,0.063,18.36285714,13.54714286,1751.089,1372.866,4.15,21.82857143,26.57142857
2021-09-27,23.1,13,100,2.379,0.063,18.35,13.56571429,1316.465,1071.048,10.2,21.4,25.81428571
2021-10-04,24.6,20.4,705,2.452,0.058,18.37285714,13.61285714,1182.262,1015.25,18.9,22.38571429,25.84285714
2021-10-11,22.3,7.2,165,2.797,0.05,18.35571429,13.61428571,724.643,640.525,23.35,22.55714286,24.74285714
2021-10-18,20.3,13.1,415,2.655,0.056,18.41714286,13.62285714,1125.299,931.202,34.5,14.9,19.61428571
2021-10-25,18.4,24.4,380,2.37,0.039,18.36714286,13.54714286,844.249,703.967,0.05,11.62857143,16.48571429
2021-11-01,17.2,19.8,579,2.908,0.021,18.32857143,13.57142857,589.994,492.463,0,13.1,18.71428571
2021-11-08,15.7,17.1,153,2.754,0.025,18.36428571,13.55142857,810.668,663.068,26.8,12.58571429,17.37142857
2021-11-15,13.6,10,403,2.635,0.032,18.32285714,13.56,681.878,629.188,0.5,8.614285714,12.82857143
2021-11-22,12.8,34.5,313,2.757,0.028,18.30857143,13.58,449.36,430.227,0.4,9.985714286,14.57142857
2021-11-29,10.7,34.4,789,3.24,0.03,18.36857143,13.59571429,500.492,485.741,0,6.657142857,9.5
2021-12-06,9.2,16,296,3.11,0.029,18.34714286,13.57571429,687.864,746.137,15.55,4.071428571,9.228571429
2021-12-13,7.8,11.1,115,3.045,0.03,18.35,13.58,435.718,595.392,0,6.371428571,10.35714286
2021-12-20,7.4,12.3,38,3.311,0.03,18.3,13.55428571,524.158,714.866,0.15,2.742857143,5.285714286
2021-12-27,4.5,9.9,0,3.357,0.031,18.33,13.55571429,380.89,635.722,0,0.6,4.857142857
2022-01-03,3.5,7.7,0,3.281,0.038,18.32714286,13.57285714,420.046,704.753,0.05,0.328571429,3.128571429
2022-01-10,3.2,9.3,0,3.396,0.024,18.28142857,13.54571429,381.2,670.147,0,1.7,4.657142857
2022-01-17,3.4,13.3,0,3.357,0.028,18.31428571,13.58714286,352.324,649.823,0.15,-1,2.271428571
2022-01-24,3.5,14.9,0,3.687,0.038,18.31857143,13.57571429,369.474,644.527,0.05,1.185714286,4.2
2022-01-31,4,12.2,0,4.155,0.032,18.30142857,13.55571429,358.124,665.383,0.05,2.457142857,5.557142857
2022-02-07,3.7,16.7,0,4.144,0.032,18.23428571,13.69571429,175.19,378.529,0,-0.214285714,3.585714286
2022-02-14,5,14.9,0,4.144,0.031,18.34857143,13.89428571,85.76,186.141,0,4.342857143,7.142857143
2022-02-21,4.5,15.9,0,4.871,0.037,18.73714286,14.09142857,333.817,516.734,0.05,-0.985714286,4.214285714
2022-02-28,5.2,18,0,3.973,0.038,18.39857143,13.65142857,349.204,558.497,0.2,3.271428571,7.242857143
2022-03-07,8,16.8,29,3.81,0.035,18.34428571,13.54142857,297.339,362.267,0.05,6.957142857,11.28571429
2022-03-14,9.1,23,0,4.01,0.033,18.38,13.53,297.13,349.823,2.1,11.54285714,15.67142857
2022-03-21,10.4,27.4,0,3.605,0.034,18.41714286,13.76714286,623.08,773.792,18.8,8.685714286,13.85714286
2022-03-28,12.3,27.1,0,3.009,0.048,18.51571429,13.62285714,1000.013,831.105,13.35,10.7,14.8
2022-04-04,14.5,22.2,45,2.716,0.03,18.54428571,13.68342857,711.526,828.646,0.4,11.37142857,15.52857143
2022-04-11,16,30.8,0,2.596,0.032,18.47685714,13.64942857,478.309,613.003,2.4,16.98571429,19.97142857
2022-04-18,16.7,31.4,0,2.7,0.037,18.49914286,13.64971429,477.199,559.198,0.05,14.98571429,20.75714286
2022-04-25,21,8.4,0,2.698,0.028,18.472,13.64171429,379.933,478.421,2.7,18.95714286,22.81428571
2022-05-02,19,10.6,0,2.905,0.041,18.48885714,13.59085714,553.57,705.797,34.3,15.04285714,22.45714286
2022-05-09,20.6,3.3,0,2.703,0.037,18.49314286,13.57114286,476.949,567.237,0.4,18.12857143,23.38571429
2022-05-16,20.9,6.1,0,3.05,0.037,18.488,13.56857143,467.064,533.362,2.65,18.08571429,23.85714286
2022-05-23,23.8,6.1,0,3.096,0.024,18.45485714,13.52571429,326,392.819,0,23.18571429,27.41428571
2022-05-30,23.4,19.1,169,2.798,0.033,18.46457143,13.54428571,302.465,358.248,0.05,24.67142857,28.55714286
2022-06-06,23.6,22.8,8752,2.825,0.046,18.49828571,13.55714286,441.086,522.717,33,22.54285714,27.47142857
2022-06-13,24.2,69.6,38572,1.912,0.034,18.47428571,13.56914286,527.053,628.181,1.15,19.87142857,26.28571429
2022-06-20,28.2,43.7,50852,1.932,0.027,18.52714286,13.54,549.582,630.391,9,24.44285714,27.8
2022-06-27,26.2,12.7,33649,1.98,0.037,18.49628571,13.67914286,675.75,860.311,38,28.22857143,30.17142857
2022-07-04,29.7,12.1,14126,1.563,0.052,18.53428571,13.77171429,727.255,824.021,1.8,29.42857143,30.28571429
2022-07-11,29.1,28.4,47348,1.999,0.048,18.46571429,13.58,527.5,691.712,29.65,28.38571429,31.75714286
2022-07-18,28.7,26.3,53203,1.41,0.044,18.51285714,13.66,896.307,1071.715,49.2,26.21428571,30.3
2022-07-25,31.4,64.9,348349,1.235,0.054,18.51142857,13.62571429,1002.555,1130.784,6.35,27.12857143,30.55714286
2022-08-01,28.5,26.4,5800,1.244,0.058,18.5,13.74142857,536.046,670.488,2.85,27.38571429,32.12857143
2022-08-08,29.3,35.8,11363,1.734,0.032,18.49714286,13.85857143,576.443,715.313,5.25,30.51428571,32.08571429
2022-08-15,,,,,,18.59971429,13.87457143,3494.301,3173.974,14.35,28.75714286,30.82857143
2022-08-22,29.2,11.3,500,2.763,0.088,18.55428571,13.68514286,2845.018,2530.084,72.9,26.51428571,30.68571429
2022-08-29,26,12.5,1425,2.662,0.075,18.56857143,13.68428571,1114.167,1071.481,11.6,23.22857143,28.48571429
2022-09-05,,,,,,18.57,13.606,2473.884,2134.677,72,22.54285714,26.65714286
2022-09-12,23.6,25,1362,3.62,0.089,18.57971429,14.12667143,4718.708,5648.527,81.4,21.94285714,27.1
2022-09-19,24.5,19.1,3244,3.423,0.059,18.52942857,13.62857143,891.777,988.179,0.5,24.74285714,27.22857143
2022-09-26,22.5,45.7,673,3.22,0.036,18.512,13.59142857,640.213,760.291,0,18.87142857,24.72857143
2022-10-03,23.7,12.3,2753,3.234,0.037,18.58285714,13.62057143,576.842,678.48,3.9,21.54285714,25.84285714
2022-10-10,20.6,21.8,417,2.869,0.037,18.51857143,13.60714286,780.061,895.439,21.5,16.61428571,20.77142857
2022-10-17,20.3,26.4,2175,2.82,0.051,18.44285714,13.63142857,447.169,587.723,0,16.11428571,20.74285714
2022-10-24,17.9,4.6,2255,3.479,0.026,18.48571429,13.59285714,396.56,500.729,0.3,13.31428571,17.95714286
2022-10-31,17.2,1.3,4557,3.41,0.032,18.47571429,13.61,373.837,460.069,0,13,17.54285714
2022-11-07,15.5,5.1,8109,3.283,0.033,18.48844286,13.60571429,377.205,501.022,0,10.97142857,16.72857143
2022-11-14,15.3,16.8,63250,2.809,0.027,18.42351429,13.61467143,405.924,521.389,16.4,13.48571429,17.22857143
2022-11-21,14.4,4.9,4270,2.302,0.024,18.48194286,13.60675714,723.088,801.477,0.4,10.82857143,15.45714286
2022-11-28,12.9,4,1522,2.766,0.028,18.46142857,13.55078571,351.741,437.849,12.1,10.35714286,13.52857143
2022-12-05,9.4,7.8,519,3.353,0.04,18.52598571,13.5874,499.016,671.722,17.7,2.842857143,7.128571429
2022-12-12,7.7,14,431,2.763,0.028,18.42752857,13.65571429,311.696,501.019,1.15,4.114285714,6.5
2022-12-19,5.5,19.1,0,3.339,0.028,18.44714286,13.70142857,310.482,551.075,0.15,-1.485714286,1.557142857
2022-12-26,3.2,20.7,37,3.197,0.025,18.48428571,13.67428571,288.826,546.013,2.55,-2.314285714,1
2023-01-02,4.7,13.3,261,3.215,0.017,18.51857143,13.69571429,394.594,810.06,0,0.6,3
2023-01-09,3.5,11,0,3.346,0.019,18.51818571,13.69571429,364.372,702.698,0.1,1.714285714,4.9
2023-01-16,4.9,9.3,0,4.397,0.034,18.50285714,13.74428571,442.178,846.265,11.6,5.171428571,8.228571429
2023-01-23,3,11.6,0,3.466,0.03,18.49714286,13.69285714,362.134,762.363,0,0.214285714,2.428571429
2023-01-30,2.7,11.6,0,3.599,0.024,18.46247143,13.71285714,190.618,362.36,0.15,-3.685714286,-0.142857143
2023-02-06,3.2,19.1,0,4.973,0.037,18.51908571,13.82142857,296.791,585.507,0,2.371428571,5.628571429
2023-02-13,4.6,13,0,4,0.031,18.46675714,13.64571429,263.134,416.089,11.25,4.742857143,9.257142857
2023-02-20,,,,,,18.33791429,13.57428571,138.152,226.032,0.15,4.742857143,8.3
2023-02-27,7.7,22.8,0,4.58,0.041,18.38571429,13.60142857,241.893,314.495,0.05,4.857142857,8.342857143
2023-03-06,9,23.9,30,,,18.42688571,13.55,239.428,293.928,0,8.1,13.05714286
2023-03-13,10.6,22.4,23,,,18.42078571,13.56,268.296,324.8,6.75,12.84285714,17.67142857
2023-03-20,12.3,30.8,0,,,18.37142857,13.55337143,229.939,297.188,0,11.28571429,14.98571429
2023-03-27,13.9,20.7,38,,,18.47728571,13.56012857,264.544,370.356,20.65,12.97142857,18.3
2023-04-03,15.7,15.4,192,3.459,0.046,18.51935714,13.54857143,235.036,294.327,0,14.08571429,20.34285714
2023-04-10,15.3,11.7,50,3.244,0.043,18.46117143,13.57727143,377.934,478.739,14.2,13.71428571,18.3
2023-04-17,15.7,4.4,0,2.99,0.037,18.26311429,13.54857143,275.797,349.764,0.4,14.77142857,19.22857143
2023-04-24,17.3,5.3,0,2.946,0.033,18.26117143,13.55142857,172.745,230.336,1.6,16.52857143,21.01428571
2023-05-01,18.1,15.3,0,3.515,0.052,18.26532857,13.53078571,210.521,280.236,14.7,14.97142857,20.21428571
2023-05-08,17.5,4.6,0,2.932,0.035,18.30232857,13.48818571,1325.139,1461.075,82,16.02857143,22.3
2023-05-15,21.1,28.7,165,3.023,0.022,18.28805714,13.56064286,605.458,781.502,0.05,19.45714286,23.94285714
2023-05-22,22.6,11.8,798,3.061,0.029,18.28142857,13.53792857,326.692,429.743,6.45,20.92857143,26.42857143
2023-05-29,22.3,6.8,479,3.588,0.083,18.28038571,13.55428571,829.109,961.717,111.65,20.9,25.58571429
2023-06-05,26,20.1,14779,3.383,0.038,18.26727143,13.55,1200.054,1563.306,0.5,21.87142857,26.85714286
2023-06-12,29,26.3,62952,3.219,0.035,18.28714286,13.56571429,482.263,595.353,0.7,24.21428571,27.98571429
2023-06-19,28.9,63.5,50630,2.587,0.042,18.26882857,13.55091429,614.376,761.155,17.5,24.3,29.05714286
2023-06-26,26.8,33.5,27454,2.313,0.022,18.29247143,13.52622857,804.267,839.695,40.05,23.8,28.9
2023-07-03,26.8,17.6,1908,2.957,0.132,18.28357143,13.53052857,6028.962,6416.705,120,26.1,29.65714286
2023-07-10,24.3,9,797,2.706,0.105,18.30355714,13.47068571,7685.733,7603.537,66.9,25.68571429,30.34285714
2023-07-17,,,,,,19.2549,14.96121429,21435.048,24955.675,143,26.04285714,29
2023-07-24,,,,,,18.6241,14.30214286,12277.324,16502.918,88.95,26.17142857,30.37142857
2023-07-31,,,,,,18.30948571,13.55571429,3897.848,3391.779,0.15,28.75714286,31.74285714
2023-08-07,,,,,,18.30597143,13.57428571,954.486,993.125,0,30.44285714,33.5
2023-08-14,,,,,,18.65895714,14.24838571,8914.178,12381.511,134.4,26.78571429,31.71428571
2023-08-21,30.1,29.3,1878,2.956,0.071,18.31142857,13.54727143,1711.458,1608.547,11.15,27.08571429,31.65714286
2023-08-28,28.2,15.2,3350,2.268,0.091,18.27618571,13.53505714,3555.509,3483.354,57.7,26.77142857,30.45714286
2023-09-04,,,,,,18.31131429,13.94047143,8029.115,11146.756,110.75,25.34285714,28.57142857
2023-09-11,28.7,22.8,8460,2.517,0.094,18.30767143,13.51752857,1402.591,1349.263,0,24.45714286,29.31428571
2023-09-18,26.5,3.6,197,3.038,0.109,18.28844286,13.52571429,2960.397,2775.921,60.25,24.28571429,27.47142857
2023-09-25,22.5,3.7,315,2.845,0.14,18.3639,13.78274286,7922.482,9380.805,40.95,21.31428571,26.45714286
2023-10-02,22.1,17.2,716,2.732,0.057,18.3,13.54325714,4040.798,3526.619,21.4,20.97142857,24.57142857
2023-10-09,21.4,22.3,1241,3.04,0.042,18.30507143,13.51752857,1831.341,1572.912,1.55,17.3,21.97142857
2023-10-16,21.1,36.6,1276,2.975,0.032,18.30428571,13.56414286,790.254,878.251,0.2,16.74285714,21.41428571
2023-10-23,20.1,14,2260,2.967,0.037,18.28727143,13.57115714,575.508,722.395,4,14.17142857,19.22857143
2023-10-30,19.2,18.4,7103,2.876,0.035,18.26895714,13.5622,503.453,670.597,0.05,14.8,20.12857143
2023-11-06,18.5,58.8,1654,3.027,0.03,18.27765714,13.5774,451.491,631.606,9.9,17.64285714,19.87142857
2023-11-13,14.9,46.4,604,2.617,0.025,18.28234286,13.57038571,530.728,722.534,11,8.7,13.27142857
2023-11-20,12.1,11.1,75,3.133,0.022,18.25298571,13.57441429,467.144,656.886,10.65,6.685714286,10.68571429
2023-11-27,10.7,16.1,486,3.446,0.039,18.27277143,13.55934286,403.215,583.332,0.15,6.871428571,10.05714286
2023-12-04,8.7,14.3,1045,3.493,0.024,18.28777429,13.54545714,400.859,556.481,0,3.542857143,7.614285714
2023-12-11,8.8,14,893,3.617,0.029,18.34519429,13.55714286,632.858,705.459,32.1,9.1,11.94285714
2023-12-18,6.3,11.9,12,3.861,0.084,18.32051429,13.53884286,3410.418,3462.816,55.8,4.214285714,7.314285714
2023-12-25,4.4,5.8,95,3.615,0.077,18.29272857,13.5387,1285.558,1174.713,0.1,-2.714285714,0.557142857
