Date,WT_GJGR,Chla_GJGR,Cyanocell_GJGR,TN_GJGR,TP_GJGR,WL_UP_CGB,WL_GJGRB,Discharge_UP_CGB,Discharge_GJGRB,Prec_GJGRB,Temp_GJGRB,Forecast_Temp_GJGRB
2016-04-04,12.4,12.8,0,3.121,0.017,25.54142857,19.51714286,146.839,102.428,19,13.4,18.17142857
2016-04-11,14.6,20.8,42,3.589,0.018,25.63142857,19.60571429,723.782,957.654,41.05,14.24285714,19.34285714
2016-04-18,16,12.9,72,3.184,0.02,25.58857143,19.60571429,577.209,828.114,32,15.37142857,20.34285714
2016-04-25,17.9,15.9,19,3.085,0.025,25.60857143,19.61285714,1278.3,1813.85,20,16.38571429,21.32857143
2016-05-02,19.6,27.2,22,2.294,0.024,25.59428571,19.57714286,952.615,1349.814,39.1,16.14285714,22.21428571
2016-05-09,19.2,35.9,0,2.502,0.027,25.55285714,19.58714286,671.114,846.7,13,19.47142857,23
2016-05-16,19.5,23,2877,2.377,0.022,25.68714286,19.62714286,634.23,831.161,35.1,17.14285714,24.08571429
2016-05-23,23.4,3.3,985,2.181,0.017,25.54428571,19.57714286,437.349,543.777,0,20.2,26.97142857
2016-05-30,24.7,3.9,1525,,,25.56428571,19.56142857,380.721,438.177,16.8,22.7,27
2016-06-06,23.7,5.1,4996,2.309,0.029,25.55428571,19.54,293.17,302.827,1.1,21.45714286,28.2
2016-06-13,25.7,6.9,9975,2.082,0.014,25.61857143,19.57857143,493.408,517.715,11.9,23.47142857,28.25714286
2016-06-20,25.8,6.1,2782,2.089,0.017,25.62571429,19.58714286,521.4,562.558,6.95,24.74285714,28.52857143
2016-06-27,26,11.3,1701,1.715,0.017,25.62142857,19.55285714,595.348,610.466,25.75,23.9,28.07142857
2016-07-04,25,8.4,957,2.527,0.12,25.61714286,19.53,2707.073,2812.363,66.1,23.81428571,27.92857143
2016-07-11,26,10.5,203,2.99,0.085,25.42142857,19.55428571,11334.232,11332.152,78.6,26.28571429,28.21428571
2016-07-18,27.4,19.6,473,3.193,0.057,25.53142857,19.59714286,1179.896,1538.998,13,25.55714286,28.9
2016-07-25,28.3,6.2,35,2.95,0.036,25.55714286,19.44714286,620.468,747.519,100,25.85714286,29.27142857
2016-08-01,31.4,37.6,1988,2.506,0.044,25.58714286,19.43142857,569.266,542.099,49.85,29.58571429,31.57142857
2016-08-08,31.2,24.8,3738,2.333,0.03,25.63857143,19.52857143,628.119,598.747,46.5,28,32.24285714
2016-08-15,30.4,25.6,7187,2.053,0.029,25.54428571,19.49428571,538.052,485.119,0,30.75714286,33.48571429
2016-08-22,31.4,9.2,3270,1.779,0.027,25.51714286,19.38285714,392.488,378.794,0.1,28.4,32.07142857
2016-08-29,27.1,10.5,2279,,,25.58714286,19.57142857,513.493,628.636,34.6,24.42857143,30.87142857
2016-09-05,26.1,10.8,173,1.511,0.035,25.61714286,19.62571429,1047.171,1531.19,118.55,23.27142857,28.35714286
2016-09-12,24.9,34.6,720,1.488,0.029,25.69571429,19.60142857,757.477,932.679,40.55,23.31428571,28.44285714
2016-09-19,22.5,5.7,172,2.33,0.062,25.69428571,19.62571429,3564.974,4006.964,119.5,21.52857143,26.7
2016-09-26,22.2,50.8,118,2.334,0.063,25.73428571,19.65714286,1137.611,1530.932,9,20.48571429,25.35714286
2016-10-03,22.1,19.6,351,2.568,0.048,25.65714286,19.58571429,711.454,877.925,23.55,21.24285714,24.44285714
2016-10-10,20.1,8.6,172,2.679,0.075,25.63428571,19.61,3096.273,3642.299,73.05,18.27142857,23.75714286
2016-10-17,19.6,14.6,152,2.489,0.027,25.62857143,19.56,989.125,1278.301,26,16.28571429,21.65714286
2016-10-24,18.7,58.6,18,2.553,0.015,25.62,19.53714286,634.177,648.066,0.05,16.44285714,20.88571429
2016-10-31,15.9,63,23,2.357,0.019,25.61,19.53,572.925,546.23,8,13.2,17.3
2016-11-07,15.1,60.4,10,2.38,0.01,25.55142857,19.52714286,535.679,465.252,0,9.628571429,14.14285714
2016-11-14,13.5,9.4,0,2.387,0.015,25.53428571,19.52,447.824,382.67,0.3,10.27142857,13.48571429
2016-11-21,13,11.4,0,2.45,0.012,25.53285714,19.52571429,447.365,369.566,8,11.78571429,14.25714286
2016-11-28,9.7,15.7,0,,,25.53142857,19.52,413.834,320.645,2,4.028571429,8.657142857
2016-12-05,8.7,13.8,0,2.65,0.018,25.53142857,19.52,400.361,310.021,1,6.2,8.685714286
2016-12-12,7,10.7,0,2.818,0.024,25.52571429,19.52428571,382.75,298.774,0.05,3.157142857,6.685714286
2016-12-19,5.6,11.2,0,2.713,0.016,25.52142857,19.52142857,359.253,280.933,1.55,3.4,6.314285714
2016-12-26,5.8,11.1,0,2.865,0.019,25.59714286,19.53,569.01,550.094,39,5.757142857,7.714285714
2017-01-02,5.3,13.4,0,2.735,0.011,25.58857143,19.52571429,569.521,517.531,0.5,2.171428571,5.3
2017-01-09,5.3,13.8,0,2.827,0.019,25.54571429,19.53428571,516.875,454.886,0,4.9,7.528571429
2017-01-16,3.2,17.1,0,2.765,0.021,25.53142857,19.52285714,435.372,372.591,0.05,-1.057142857,2.942857143
2017-01-23,2.7,21,0,3.088,0.023,25.52714286,19.52,428.09,366.848,2.2,-0.971428571,3.242857143
2017-01-30,2.8,15.8,0,3.182,0.025,25.51857143,19.52142857,334.117,281.777,0.35,0.757142857,3.657142857
2017-02-06,3.6,11.3,0,3.77,0.016,25.52857143,19.51857143,266.871,222.346,0.65,2.971428571,4.457142857
2017-02-13,3.4,12.3,0,3.239,0.024,25.53142857,19.51857143,269.974,219.65,0.1,0.2,4.171428571
2017-02-20,4.7,11.5,0,3.156,0.014,25.53571429,19.54857143,276.488,243.414,5.75,5.128571429,7.442857143
2017-02-27,5.3,16,0,,,25.58428571,19.62,466.982,553.178,19.5,3.5,7.042857143
2017-03-06,6.5,11.9,0,3.245,0.028,25.51285714,19.55428571,401.599,397.244,5.5,6.742857143,10.25714286
2017-03-13,8.2,9.1,0,3.075,0.021,25.51571429,19.50428571,318.053,250.08,0,6.6,10.65714286
2017-03-20,9.4,7.7,0,2.86,0.024,25.51142857,19.57142857,278.838,291.183,6.05,8.828571429,14.55714286
2017-03-27,9.6,8.3,0,2.815,0.018,25.52,19.58428571,321.854,363.008,26,8.3,14.35714286
2017-04-03,11.8,9.5,0,2.633,0.027,25.38857143,19.46142857,428.969,435.195,6.4,10.07142857,15.27142857
2017-04-10,14.1,15.8,0,2.655,0.014,25.59571429,19.59285714,525.363,588.106,10.5,15.24285714,18.77142857
2017-04-17,14.7,15.8,0,2.42,0.019,25.57571429,19.63571429,615.377,863.154,28.55,16.32857143,19.2
2017-04-24,16.4,17.7,0,2.002,0.028,25.58142857,19.59714286,709.438,868.084,5,15.27142857,19.57142857
2017-05-01,18.6,9.1,38,,,25.44428571,19.46,352.294,283.249,3.5,18.61428571,22.25714286
2017-05-08,20.3,5.1,0,1.819,0.022,25.52,19.50142857,262.095,186.515,15.55,19.52857143,24.94285714
2017-05-15,19,4.1,0,1.905,0.008,25.52571429,19.5,257.358,184.952,17.55,18.37142857,24.88571429
2017-05-22,22,5.1,215,1.824,0.006,25.50142857,19.5,177.991,114.657,0,22.48571429,26.72857143
2017-05-29,23.3,7,3813,1.96,0.015,25.49428571,19.49857143,196.673,145.973,0.1,22,27.55714286
2017-06-05,23.6,17.9,11844,1.963,0.024,25.55,18.91285714,185.806,494.992,0.1,22.27142857,27.74285714
2017-06-12,23.45,34,51558,2.256,0.048,25.58285714,18.25571429,299.24,554.075,1.6,21.45714286,27.07142857
2017-06-19,25.75,13.8,40067,1.74,0.029,25.63142857,18.25857143,223.108,271.275,2.05,24.17142857,28.97142857
2017-06-26,25.3,12.55,28013.5,1.736,0.055,25.66142857,18.28428571,253.709,392.228,67.55,24.71428571,30.37142857
2017-07-03,27.05,18.35,23923.5,1.265,0.062,25.61571429,18.27428571,566.886,917.406,4.9,26.52857143,29.02857143
2017-07-10,27.65,17.7,4187.5,1.831,0.046,25.55142857,18.27285714,2709.812,2852.905,8.35,27.58571429,29.51428571
2017-07-17,27.6,16.5,477,1.954,0.039,25.57142857,18.27,2516.919,2794.084,16.55,28.75714286,31.57142857
2017-07-24,28.5,5.8,492,2.164,0.093,25.54714286,18.29714286,978.796,1397.671,28.55,29.25714286,32.41428571
2017-07-31,25.4,20.6,1793,2.207,0.049,25.62714286,18.29,4913.399,4934.342,47.55,26.16666667,31.42857143
2017-08-07,28.5,61.8,2552,2.085,0.032,25.67857143,18.30142857,2693.063,2832.738,7.55,28.77142857,32.12857143
2017-08-14,26.4,9.6,645,2.508,0.038,25.66,18.27571429,1184.992,2048.484,96.6,25.5,31.3
2017-08-21,25.2,14.2,721,2.288,0.054,25.69857143,18.29857143,4120.165,4639.922,65,25.14285714,28.97142857
2017-08-28,27.4,18,487,,,25.65,18.28285714,2510.298,2823.192,2.25,27.52857143,29.12857143
2017-09-04,25.6,12,810,2.287,0.051,25.66714286,18.27,776.71,1045.752,0.15,22.21428571,27.52857143
2017-09-11,24.4,28.7,245,2.489,0.058,25.64285714,18.27428571,667.756,853.585,42.55,22.34285714,27.48571429
2017-09-18,24.2,17.3,395,1.869,0.04,25.65714286,18.28428571,874.226,1054.965,1,22.15714286,26.27142857
2017-09-25,23.05,25.1,3086.5,1.677,0.064,25.59285714,18.27428571,473.454,604.156,0,21.75714286,26.41428571
2017-10-02,,,,,,25.57714286,18.28714286,542.484,1041.791,74.5,18.9,24.41428571
2017-10-09,22.5,39,2034,1.521,0.022,25.49571429,18.27714286,493.088,891.886,6.6,19.1,22.47142857
2017-10-16,19.3,29.1,2435,1.764,0.024,25.78285714,18.26428571,497.418,683.013,27.2,17.11428571,21.04285714
2017-10-23,18.6,25.9,1145,1.797,0.036,25.74,18.26285714,422.849,530.558,0.1,15.64285714,20.57142857
2017-10-30,16.5,18.9,878,1.737,0.024,25.69285714,18.24571429,327.364,413.025,0,13.27142857,19.31428571
2017-11-06,15.4,16,2049,1.773,0.022,25.53285714,18.27857143,148.224,335.9,0.05,11,16.28571429
2017-11-13,13.5,15.1,501,1.846,0.032,25.58571429,18.26142857,153.805,249.059,0.05,10.7,14.77142857
2017-11-20,10.8,14.5,519,2.058,0.023,25.61571429,18.27571429,177.17,244.812,0.05,5.428571429,9.685714286
2017-11-27,9.8,12.8,418,2.218,0.022,25.62857143,18.27571429,196.429,277.149,0.15,4.5,8.885714286
2017-12-04,7.3,21.9,256,2.184,0.005,25.61714286,18.28,185.196,258.922,0,4.442857143,7.7
2017-12-11,5.4,19.4,104,2.217,0.017,25.62285714,18.28142857,187.266,256.505,0.15,0.685714286,4.2
2017-12-18,3.6,16.9,176,2.648,0.016,25.59428571,18.26142857,162.64,253.988,0,-1.914285714,1.757142857
2017-12-25,3.8,15.3,107,2.694,0.012,25.60428571,18.27,160.739,262.118,11.05,1.357142857,4.857142857
2018-01-01,,,,2.942,0.028,25.61142857,18.26571429,175.253,241.876,0.1,1.8,3.3
2018-01-08,2.5,7.7,0,3.074,0.025,25.61142857,18.27571429,174.709,245.235,1.55,1.042857143,2.457142857
2018-01-15,,,,3.06,0.036,25.59428571,18.28428571,143.565,233.535,0.65,-2.171428571,1.814285714
2018-01-22,,,,3.183,0.037,25.61571429,18.25142857,177.784,308.968,19.05,3.557142857,5.5
2018-01-29,,,,,,25.57857143,18.28142857,121.237,196.036,0,-6.185714286,-1.285714286
2018-02-05,,,,3.676,0.026,25.57857143,18.29428571,177.211,278.878,0,-3.042857143,1.185714286
2018-02-12,,,,3.486,0.022,25.52285714,18.26,190.156,286.082,0.25,-2.071428571,1.7
2018-02-19,,,,3.163,0.025,25.54571429,18.27571429,140.246,226.456,0.05,3.357142857,5.685714286
2018-02-26,4.3,33.4,0,3.296,0.024,25.55142857,18.27571429,167.55,251.236,0.45,4.457142857,8.314285714
2018-03-05,6.3,37.4,0,3.281,0.02,25.55,18.30285714,342.978,538.743,47.05,7.028571429,10.02857143
2018-03-12,8.1,41.4,0,2.946,0.033,25.56428571,18.3,1557.693,1587.465,23,5.728571429,9.9
2018-03-19,9,41.6,0,2.96,0.013,25.54285714,18.30428571,1133.495,1093.281,41,10.11428571,14.85714286
2018-03-26,10.9,30.7,49,3.167,0.019,25.54714286,18.26571429,2282.665,2155.58,12.2,8.814285714,13.18571429
2018-04-02,15.7,26,54,3.052,0.022,25.66571429,18.28571429,418.368,505.471,0,16.41428571,18.54285714
2018-04-09,12.6,22.3,34,3.402,0.02,25.55571429,18.24857143,2292.716,2174.906,46,11,15.55714286
2018-04-16,14.4,39.2,145,3.112,0.03,25.57,18.30571429,1206.769,1256.005,20.05,14.17142857,18.17142857
2018-04-23,14.9,29.4,117,3.27,0.038,25.55142857,18.29714286,707.472,841.102,38.05,17.21428571,20.9
2018-04-30,18.4,28.3,493,,,25.58714286,18.32142857,2341.866,2012.289,9,16.57142857,20.45714286
2018-05-07,17.2,33,37,2.728,0.026,25.58142857,18.57428571,666.883,1203.103,37.7,16.71428571,21.58571429
2018-05-14,19.7,39.9,451,2.706,0.023,25.59714286,18.74571429,834.814,1283.517,14,17.85714286,22.97142857
2018-05-21,19.5,60.2,49,2.425,0.021,25.61857143,18.72571429,788.232,950.222,4.1,19.54285714,24.68571429
2018-05-28,22.7,32.3,257,2.479,0.019,25.58428571,18.70714286,669.06,903.011,28,21.44285714,25.54285714
2018-06-04,24.7,9.8,146,2.443,0.029,25.59,18.68285714,407.199,357.481,16.05,24.17142857,27.57142857
2018-06-11,23.8,4.2,430,2.282,0.015,25.62714286,18.71714286,424.469,426.521,21.6,22.24285714,27.37142857
2018-06-18,24.4,11.7,2284,2.153,0.022,25.63714286,18.73,379.37,451.283,0,20.65714286,27.62857143
2018-06-25,26.3,10.7,7357,2.088,0.022,25.62285714,18.73428571,339.462,398.089,1.55,25.9,29.91428571
2018-07-02,24.1,17.1,375,2.434,0.052,25.61571429,18.71285714,3972.939,3991.181,207.5,24.67142857,28.15714286
2018-07-09,21.8,6.5,28,2.906,0.12,25.58714286,18.34714286,6619.179,6699.682,58.5,21.72857143,28.28571429
2018-07-16,28.9,41.4,820,2.448,0.096,25.62428571,18.34428571,1411.548,1313.599,0,29.47142857,31.08571429
2018-07-23,30.3,22.8,15113,2.399,0.031,25.61714286,18.32142857,493.671,374.055,0,31.21428571,34.2
2018-07-30,30.6,34.7,20150,,,25.58285714,18.35428571,274.399,217.107,1.65,31.15714286,35.48571429
2018-08-06,31.7,23.45,15470.5,2.401,0.035,25.58857143,18.33571429,267.385,239.323,0,30.9,35.84285714
2018-08-13,31.45,20.75,3699.5,2.649,0.056,25.68285714,18.45,365.726,431.294,89.05,28.21428571,34.81428571
2018-08-20,30.8,17.1,474,1.921,0.029,25.65285714,18.37571429,607.512,667.635,4.6,26.44285714,34.02857143
2018-08-27,25.8,34.5,7280,2.164,0.149,25.55857143,18.34571429,2143.469,2423.184,203,26.37142857,32.04285714
2018-09-03,23.3,2.9,84,2.65,0.129,25.55,18.32571429,6671.323,6313.576,48.9,24.78571429,29.57142857
2018-09-10,22.7,3.8,80,2.882,0.084,25.65,18.4,5222.457,5198.734,40.1,22.3,27.47142857
2018-09-17,23.2,11,682,2.677,0.071,25.57714286,18.30142857,884.47,1143.775,11.3,21.97142857,26.48571429
2018-09-24,21.6,12,21,2.873,0.078,25.54857143,18.36571429,1020.311,1452.723,46.5,20.7,24.95714286
2018-10-01,20.4,8.8,5,2.853,0.031,25.55714286,18.36714286,718.153,882.905,0.6,17.74285714,23.37142857
2018-10-08,18.5,6,269,2.676,0.072,25.57142857,18.50142857,6068.143,5540.851,157,18.18571429,22.08571429
2018-10-15,17.9,9.1,70,2.36,0.068,25.50857143,18.35285714,1142.288,1513.031,0,14.04285714,19.04285714
2018-10-22,16.6,14.9,29,2.627,0.053,25.59571429,18.54142857,569.461,650.304,0.3,13.18571429,19.05714286
2018-10-29,15.6,13.4,23,,,25.56857143,18.63285714,355.755,506.38,7.3,12.81428571,17.28571429
2018-11-05,14.1,43,394,2.678,0.024,25.60428571,18.60285714,382.033,443.675,0,9.714285714,15.54285714
2018-11-12,13.5,41.7,78,3.089,0.024,25.56714286,18.62714286,563.025,777.432,16.9,12.68571429,16.05714286
2018-11-19,12.7,55.8,12,2.853,0.012,25.52142857,18.61857143,362.092,520.84,0.2,9.114285714,13.41428571
2018-11-26,9.7,65.6,98,2.935,0.011,25.53428571,18.60857143,320.766,441.895,0.1,4.914285714,10.12857143
2018-12-03,9.4,8.1,0,3.129,0.006,25.54,18.29857143,337.004,437.237,2.5,7.785714286,10.6
2018-12-10,6,13.9,0,3.148,0.009,25.48142857,18.27428571,407.311,574.742,15,1.928571429,5.057142857
2018-12-17,4.4,18.2,65,2.91,0.011,25.49142857,18.28857143,274.249,410.459,4.8,0.328571429,4.685714286
2018-12-24,4.7,14.5,38,3.043,0.01,25.51714286,18.29857143,269.399,378.541,1.5,4.742857143,6.657142857
2018-12-31,,,,,,25.52714286,18.26571429,248.461,311.658,0,-1.928571429,1.342857143
2019-01-07,,,,3.47,0.014,25.51714286,18.27,234.355,270.885,0,0.571428571,3.528571429
2019-01-14,,,,3.75,0.019,25.49285714,18.28428571,217.774,273.261,3.5,1.642857143,4.314285714
2019-01-21,,,,3.261,0.017,25.50142857,18.26571429,170.647,251.511,0.6,2.071428571,4.514285714
2019-01-28,,,,3.572,0.016,25.51,18.30857143,276.482,391.31,0,2.214285714,5.242857143
2019-02-04,4,23.3,0,3.544,0.013,25.52,18.32,240.771,351.242,11.5,2.9,5.485714286
2019-02-11,3.7,22.1,0,4.008,0.056,25.51714286,18.34714286,265.076,323.396,0,2.214285714,5.471428571
2019-02-18,4.1,24.8,0,3.48,0.014,25.52571429,18.35,251.857,423.516,0.1,2.571428571,6.385714286
2019-02-25,5.6,22.9,0,3.473,0.032,25.60428571,18.39428571,218.67,288.581,19.5,5.542857143,9.628571429
2019-03-04,8,22.7,0,3.442,0.029,25.54142857,18.34142857,66.041,71.995,0.7,9.071428571,11.74285714
2019-03-11,8,23.8,0,3.453,0.013,25.54428571,18.30571429,85.655,130.003,8.25,9.442857143,12.45714286
2019-03-18,9.2,22.3,0,3.294,0.017,25.61,18.29571429,208.416,232.11,1.5,7.485714286,12
2019-03-25,10.6,15.3,0,3.357,0.022,25.59142857,18.28857143,227.218,258.017,6.55,9.814285714,14.44285714
2019-04-01,10.7,9.3,0,3.246,0.031,25.60285714,18.28714286,223.065,284.921,4.5,10.61428571,14.87142857
2019-04-08,12.6,14.4,0,3.182,0.021,25.60714286,18.27142857,210.748,274.634,0.2,12.57142857,15.9
2019-04-15,13.3,15,0,2.824,0.02,25.58285714,18.31428571,485.069,784.364,28.05,11.47142857,16.57142857
2019-04-22,16.7,9.1,0,2.249,0.017,25.57857143,18.28428571,345.083,452.693,0,17.14285714,20.52857143
2019-04-29,14.8,13.3,0,,,25.60571429,18.30142857,456.18,709.727,59.7,13.58571429,20.45714286
2019-05-06,18.2,11.5,81,1.946,0.013,25.56714286,18.40714286,617.869,916.932,0.1,18.25714286,22.8
2019-05-13,20.4,6.9,0,1.566,0.011,25.50857143,18.69142857,271.183,375.509,0,19.18571429,24.44285714
2019-05-20,20.5,3.7,0,1.72,0.019,25.47857143,18.65,240.771,349.497,18.8,21.1,27.12857143
2019-05-27,21.4,21.4,435,2.28,0.021,25.53571429,18.73285714,242.438,351.097,5.5,23.01428571,27.14285714
2019-06-03,23,5.1,354,1.535,0.023,25.50571429,18.73142857,375.049,484.817,1.55,22.14285714,26.47142857
2019-06-10,23.6,11.5,579,1.688,0.017,25.52285714,18.76571429,755.603,861.418,11.5,22.28571429,27.98571429
2019-06-17,24.1,4.9,1490,1.291,0.018,25.56714286,18.74571429,373.286,486.646,16.85,21.38571429,27.34285714
2019-06-24,26.4,10.4,26446,1.444,0.026,25.54,18.78142857,332.985,462.646,18,23.87142857,27.71428571
2019-07-01,25.2,8,9529,1.573,0.029,25.52714286,18.72571429,722.471,1342.553,114.55,23.45714286,28.71428571
2019-07-08,25.8,15,9444,1.308,0.031,25.52285714,18.33142857,379.504,625.418,0.05,24.57142857,30.32857143
2019-07-15,25.7,25.1,11427,1.307,0.039,25.50571429,18.30571429,353.418,577.603,27.5,23.55714286,28.87142857
2019-07-22,26.2,15.9,4501,1.489,0.027,25.50714286,18.27857143,1644.972,1982.495,105.55,25.24285714,29.98571429
2019-07-29,26.8,32.1,1037,,,25.53428571,18.30571429,1753.058,2215.625,6.4,28.71428571,30.85714286
2019-08-05,30.1,30,7601,1.811,0.02,25.57,18.31571429,501.052,774.881,0,30.54285714,33.02857143
2019-08-12,29.2,52,23949,1.928,0.022,25.54428571,18.33,668.97,1113.878,19.6,28.81428571,33.04285714
2019-08-19,28.3,29.5,24558.5,1.705,0.033,25.56714286,18.29142857,440.098,650.928,10.7,28.4,31.88571429
2019-08-26,27.15,21.45,9455.5,1.279,0.025,25.57428571,18.28428571,806.651,1281.281,88.55,25.58571429,30.32857143
2019-09-02,25.5,16.6,9820,1.398,0.025,25.56285714,18.28285714,673.994,1056.96,26.6,22.92857143,28.5
2019-09-09,26.1,33.1,25074,1.822,0.057,25.58142857,18.30428571,999.899,1431.942,51.5,25.4,27.4
2019-09-16,25.8,45,2428,1.223,0.023,25.57142857,18.31857143,612.786,1033.877,9,23.31428571,27.62857143
2019-09-23,20.6,7.5,123,2.231,0.09,25.56,18.28714286,3269.911,3676.309,121.05,19.98571429,25.38571429
2019-09-30,21.9,38.2,185,,,25.58428571,18.34142857,2034.034,2270.137,0.5,21.94285714,25.17142857
2019-10-07,20.1,2.4,92,2.703,0.139,25.59428571,19.14428571,9391.527,9915.539,151.7,20.6,23.92857143
2019-10-14,19.6,20.1,32,3.048,0.087,25.53142857,18.33714286,840.496,1366.883,0,17.12857143,20.95714286
2019-10-21,18.2,14.2,100,3.092,0.052,25.55142857,18.35142857,451.404,743.476,3.5,14.94285714,20.08571429
2019-10-28,17.8,28.5,167,3.468,0.116,25.57714286,18.37142857,586.974,922.519,0.05,15.55714286,19.81428571
2019-11-04,16.9,15.7,8,3.152,0.02,25.56857143,18.37142857,536.791,836.348,0.05,14.2,18.38571429
2019-11-11,14.8,4.1,25,3.082,0.032,25.54285714,18.31428571,256.031,378.921,7.3,11.32857143,16.01428571
2019-11-18,12.5,3.4,27,2.645,0.048,25.57428571,18.33714286,283.776,455.935,8.05,9.357142857,12.94285714
2019-11-25,10.9,5.8,19,2.513,0.021,25.55285714,18.33428571,337.371,529.787,0.05,8.385714286,11.7
2019-12-02,9.5,13.8,14,2.481,0.024,25.53,18.35142857,238.031,388.975,21.05,6.514285714,9.314285714
2019-12-09,6.9,39.8,430,2.377,0.018,25.59285714,18.35428571,231.324,346.488,0,2.414285714,6.214285714
2019-12-16,6.6,14.1,261,2.565,0.015,25.60571429,18.36,239.899,324.479,0.1,4.771428571,8.571428571
2019-12-23,5.8,5.7,0,2.68,0.036,25.63428571,18.40857143,242.509,281.186,0.05,4.114285714,7.614285714
2019-12-30,4.7,7.2,0,,,25.64142857,18.41571429,252.342,286.134,6.5,3,6.385714286
2020-01-06,3.6,9,0,3.043,0.012,25.62,18.40142857,255.094,288.439,12,1.571428571,5.742857143
2020-01-13,4.3,14.1,0,3.133,0.015,25.76428571,19.25714286,867.863,783.54,27.3,4.057142857,5.771428571
2020-01-20,3.3,14.1,0,3.058,0.019,25.63285714,18.78142857,412.152,645.096,0,2.157142857,4.871428571
2020-01-27,4.4,12,0,3.141,0.02,25.56285714,18.36714286,262.301,421.917,30.6,5.142857143,7.714285714
2020-02-03,4.7,50.4,0,3.202,0.015,25.60714286,18.35428571,375.343,551.03,0.65,4.757142857,7.314285714
2020-02-10,5,53.4,0,3.262,0.021,25.62285714,18.34,266.696,323.436,0.05,1.385714286,5.228571429
2020-02-17,5.6,52,0,3.373,0.021,25.64857143,18.38142857,309.735,388.968,10.05,7.242857143,9.957142857
2020-02-24,6.2,14.5,0,3.497,0.027,25.62428571,18.34142857,315.487,364.215,0.15,5.728571429,8.914285714
2020-03-02,,,,3.06,0.031,25.58285714,18.99571429,1306.328,1581.777,30.25,6.957142857,11.32857143
2020-03-09,,,,2.518,0.026,25.60285714,18.71857143,519.098,686.017,5,6.542857143,11.02857143
2020-03-16,8.7,19.7,0,3.179,0.037,25.61285714,18.40857143,467.609,488.282,10,7.457142857,12.25714286
2020-03-23,11.1,19.8,53,3.065,0.017,25.59714286,18.3,351.71,356.335,0,12.22857143,15.27142857
2020-03-30,12,15.3,146,,,25.57428571,18.31857143,321.26,299.505,9.5,11.5,17
2020-04-06,13.4,12.6,1366,3.114,0.02,25.53857143,18.77285714,287.303,272.931,0.05,12.02857143,17.54285714
2020-04-13,12.3,24.7,2976,2.756,0.022,25.52,18.34428571,189.69,231.591,1.15,11.25714286,17.5
2020-04-20,14.1,17.9,4744,2.808,0.013,25.54857143,18.38571429,250.319,240.44,31.3,13.04285714,18.9
2020-04-27,14.4,15.6,5076,2.755,0.021,25.39571429,18.35857143,500.198,362.093,0,12,17.51428571
2020-05-04,18.1,4.5,0,3.043,0.022,25.45428571,18.31714286,211.458,144.151,5.55,19.5,23.71428571
2020-05-11,19.4,5.3,0,2.439,0.028,25.57571429,18.72571429,340.101,404.662,20.5,17.81428571,24.25714286
2020-05-18,20.5,7.5,230,2.255,0.03,25.59714286,18.74857143,507.237,684.805,8.6,19.47142857,23.27142857
2020-05-25,21.1,10.3,29,1.542,0.027,25.59857143,18.75571429,839.541,1146.603,3.5,18.21428571,22.94285714
2020-06-01,23,11.1,333,1.527,0.024,25.58714286,18.77285714,334.88,360.222,0,21.81428571,26
2020-06-08,24.3,10.1,569,1.916,0.021,25.55,18.68285714,359.949,394.719,0,24.54285714,28.61428571
2020-06-15,25.3,4.3,198,1.795,0.032,25.63142857,18.79285714,1328.246,1495.902,126.6,26.27142857,29.81428571
2020-06-22,26.8,13.6,520,1.701,0.043,25.6,18.75285714,828.57,1012.281,7.6,22.85714286,29.31428571
2020-06-29,26.1,19.9,6390,,,25.61,18.73285714,713.698,1017.668,45.2,24.58571429,29.25714286
2020-07-06,24.7,21.8,329,1.3,0.032,25.61428571,18.58,1993.222,2032.941,12.25,22.71428571,28.54285714
2020-07-13,19.1,5.4,196,2.255,0.137,25.60285714,18.51857143,3400.262,3476.683,108.6,23.74285714,29.14285714
2020-07-20,21.2,13,217,2.437,0.053,25.61857143,18.40857143,4931.884,5372.139,4.15,22.78571429,27.68571429
2020-07-27,20.6,3.6,343,2.471,0.127,25.62857143,18.57,9950.615,10046.304,156.75,23.12857143,28.35714286
2020-08-03,22.7,3.1,188,2.597,0.084,25.67428571,18.64285714,11622.259,11165.491,55,25.71428571,29.25714286
2020-08-10,,,,1.97,0.143,25.68285714,19.45285714,18690.823,19139.279,281.45,27.05714286,29.25714286
2020-08-17,26.6,14.8,568,2.208,0.077,25.59714286,18.59571429,13536.425,12313.487,4.8,29.88571429,31.18571429
2020-08-24,28.5,19.6,2821,2.384,0.052,25.66857143,18.47571429,2124.109,2101.427,0.05,28.7,33.27142857
2020-08-31,27,31.6,3262,2.066,0.069,25.61,18.41857143,3131.83,2797.479,36.45,28.61428571,31.55714286
2020-09-07,21.2,6.4,9604,2.039,0.111,25.59285714,18.51285714,11291.223,10933.058,146.25,23.65714286,29.11428571
2020-09-14,23,3.9,9945,2.009,0.091,25.56714286,18.39142857,4822.411,4905.725,9.95,22.51428571,26.62857143
2020-09-21,22.4,11,1761,2.319,0.063,25.59571429,18.38857143,2185.545,1791.364,4.9,20.68571429,25.35714286
2020-09-28,21.6,6.5,955,,,25.61714286,18.32857143,985.974,856.481,0.1,18.75714286,23.87142857
2020-10-05,20.8,6.1,360,2.15,0.047,25.56,18.30857143,535.866,738.911,1.1,19.08571429,23.41428571
2020-10-12,19.8,18.6,3355,2.269,0.04,25.53142857,18.33428571,426.099,516.377,0,17.47142857,21.44285714
2020-10-19,17.8,16.3,48,2.497,0.052,25.61285714,18.34857143,339.676,425.244,0,14.34285714,19.68571429
2020-10-26,16.3,16.9,965,2.385,0.04,25.61,18.35857143,340.475,418.736,12,13.4,18.27142857
2020-11-02,15.3,60.5,713,2.22,0.023,25.57142857,18.39142857,296.81,437.637,3.1,12.81428571,17.02857143
2020-11-09,12.9,6.1,1112,2.225,0.022,25.56285714,18.36428571,310.394,352.064,0,9.828571429,14.38571429
2020-11-16,12.2,4.9,2368,2.291,0.021,25.49714286,18.32142857,243.024,372.033,0,10.34285714,15.54285714
2020-11-23,12.2,16.4,8848,2.176,0.016,25.56571429,18.32857143,368.326,516.35,20.85,12.08571429,14.85714286
2020-11-30,9.7,18.4,2769,2.298,0.018,25.56,18.32428571,336.918,421.009,0.05,5.857142857,8.914285714
2020-12-07,7.7,20.5,74,2.266,0.027,25.46571429,18.36,389.556,488.97,0,3.757142857,7.271428571
2020-12-14,6,50.5,24,2.216,0.022,25.41571429,18.36,308.215,443.297,0.05,3.171428571,6.828571429
2020-12-21,3.1,52.8,131,2.27,0.025,25.53714286,18.36571429,325.003,447.382,0,-1.5,2.257142857
2020-12-28,3.5,48.6,170,,,25.54428571,18.33428571,284.435,405.99,1.3,2.514285714,5.528571429
2021-01-04,2.1,46.2,0,2.964,0.038,25.53571429,18.37142857,301.503,394.319,1.6,-1.685714286,0.942857143
2021-01-11,,,,3.042,0.016,25.52714286,18.34714286,226.362,314.911,0.2,-5.871428571,-1.471428571
2021-01-18,,,,,,25.52714286,18.33571429,302.542,358.318,0.05,1.685714286,4.414285714
2021-01-25,,,,3.123,0.025,25.52857143,18.33285714,350.164,410.791,1.45,4.857142857,6.314285714
2021-02-01,3.2,40.1,0,3.292,0.02,25.53571429,18.41714286,335.658,377.4,19.85,3.028571429,6.428571429
2021-02-08,3.4,46.4,0,3.205,0.02,25.49428571,18.3,153.213,193.469,0.05,1.957142857,7.157142857
2021-02-15,5.1,36.8,0,3.107,0.015,25.53571429,18.37714286,245.303,270.53,5.5,5.885714286,10.08571429
2021-02-22,5.6,38.2,0,3.408,0.025,25.5,18.34,252.794,306.967,0.1,4.9,8.157142857
2021-03-01,5.9,29,0,3.407,0.022,25.53857143,18.36857143,276.991,324.422,39.7,6.814285714,11.52857143
2021-03-08,7.4,24.2,0,3.062,0.028,25.48,18.45714286,631.559,828.905,10.5,5.885714286,12.14285714
2021-03-15,9.4,22.2,0,2.773,0.324,25.55857143,18.35285714,431.436,549.733,19.5,9.942857143,14.97142857
2021-03-22,9.7,23.7,0,2.578,0.02,25.50857143,18.35,390.307,468.025,5.3,10.51428571,16.11428571
2021-03-29,12.4,20.3,41,,,25.55714286,18.36714286,396.074,451.991,24.4,13.7,17.1
2021-04-05,13.3,12.1,89,2.6,0.034,25.62714286,18.37571429,1571.035,1681.772,35.5,12.92857143,18.75714286
2021-04-12,14.5,45.5,654,2.343,0.026,25.60285714,18.37285714,934.147,1087.518,7.4,12.87142857,17.88571429
2021-04-19,14.8,46.8,694,2.741,0.028,25.67714286,18.49857143,647.582,798.774,0.05,13.5,18.57142857
2021-04-26,17.2,33.6,521,3.146,0.034,25.58,19.12,462.75,347.482,0.05,17.07142857,22.82857143
2021-05-03,18.1,18.5,0,3.193,0.03,25.57857143,19.50285714,388.281,225.984,4.35,15.9,20.81428571
2021-05-10,17.3,2.6,0,3.059,0.03,25.64571429,19.52,471.139,380.328,11.9,17.34285714,22.38571429
2021-05-17,19.2,4.1,0,2.533,0.031,25.61142857,19.52571429,1162.742,1192.4,46.1,18.45714286,24.12857143
2021-05-24,20.9,26.2,199,2.133,0.03,25.54428571,19.47857143,1377.013,1731.458,13.05,20.14285714,24.28571429
2021-05-31,21.1,37.2,181,2.662,0.034,25.54142857,18.75142857,744.779,1157.81,15.75,19.04285714,24.54285714
2021-06-07,24.1,48.1,4499,2.689,0.029,25.55428571,18.75714286,929.378,1361.48,21.5,22.7,26.85714286
2021-06-14,24.7,12.4,1598,2.097,0.037,25.53428571,18.97285714,723.029,930.8,5.65,24.34285714,28.34285714
2021-06-21,24.2,11.6,3287,1.999,0.032,25.55571429,18.78428571,680.643,1023.648,6.6,22.74285714,27.87142857
2021-06-28,25.6,25.8,9884,,,25.38428571,18.74285714,738.525,1009.94,20.4,22.61428571,27.3
2021-07-05,24.9,32.5,4074,1.667,0.034,25.52142857,18.74571429,951.621,1378.982,44.55,24.62857143,28.58571429
2021-07-12,24.5,6.2,189,2.471,0.093,25.54,18.80571429,8610.099,8778.537,100,25,29.58571429
2021-07-19,27,35.4,5714,2.229,0.051,25.58,18.77285714,2403.07,2525.543,4.45,27.68571429,32.65714286
2021-07-26,29.4,29.7,6039,2.132,0.054,25.63571429,18.33285714,904.174,1050.071,0.05,28.1,33.61428571
2021-08-02,29.7,18.3,18548,2.093,0.047,25.58142857,18.38714286,743.479,894.574,31.7,28.87142857,33.6
2021-08-09,28.7,8.2,7387,1.933,0.1,25.6,18.39142857,1120.751,1557.288,14.75,28.85714286,32.72857143
2021-08-16,27,8.9,2415,1.604,0.057,25.61285714,18.39571429,948.983,1271.95,37.05,24.45714286,30.94285714
2021-08-23,26.4,11.6,1415,2.034,0.146,25.63714286,18.34857143,1308.294,1296.697,59.7,24.04285714,29.82857143
2021-08-30,23.1,2.4,393,2.471,0.092,25.58142857,18.34,6576.599,6945.127,103.6,25.02857143,28.5
2021-09-06,21.1,3.1,547,2.478,0.123,25.62714286,18.34142857,5297.977,5327.646,66.1,22.08571429,26.8
2021-09-13,23.2,25.4,1496,2.448,0.057,25.54,18.37714286,2438.232,2342.201,0.05,23.34285714,27.3
2021-09-20,23.2,11.4,175,,,25.58571429,18.36285714,1702.356,1751.089,4.15,21.82857143,26.57142857
2021-09-27,22.8,11.5,346,2.462,0.054,25.59,18.35,1400.002,1316.465,10.2,21.4,25.81428571
2021-10-04,23.9,13.1,3589,2.257,0.065,25.60428571,18.37285714,1012.03,1182.262,18.9,22.38571429,25.84285714
2021-10-11,22.1,7.1,165,2.198,0.059,25.55714286,18.35571429,743.444,724.643,23.35,22.55714286,24.74285714
2021-10-18,18.9,5.5,116,2.284,0.051,25.65142857,18.41714286,920.923,1125.299,34.5,14.9,19.61428571
2021-10-25,16.8,32.1,3495,1.895,0.036,25.56142857,18.36714286,731.203,844.249,0.05,11.62857143,16.48571429
2021-11-01,16.6,11.3,890,1.959,0.031,25.62428571,18.32857143,603.01,589.994,0,13.1,18.71428571
2021-11-08,15.1,12.5,984,2.147,0.039,25.30142857,18.36428571,791.567,810.668,26.8,12.58571429,17.37142857
2021-11-15,12.8,6.5,822,2.339,0.018,25.11857143,18.32285714,610.359,681.878,0.5,8.614285714,12.82857143
2021-11-22,11.9,9.8,700,2.247,0.02,25.19857143,18.30857143,447.243,449.36,0.4,9.985714286,14.57142857
2021-11-29,9.6,8.7,1901,,,25.38857143,18.36857143,497.578,500.492,0,6.657142857,9.5
2021-12-06,7.3,12.5,909,2.384,0.03,24.65142857,18.34714286,683.786,687.864,15.55,4.071428571,9.228571429
2021-12-13,6.9,29,36,2.447,0.023,24.64142857,18.35,454.352,435.718,0,6.371428571,10.35714286
2021-12-20,5.6,16.3,0,2.637,0.028,24.56285714,18.3,487.777,524.158,0.15,2.742857143,5.285714286
2021-12-27,3.8,13.5,0,2.29,0.024,24.63571429,18.33,413.118,380.89,0,0.6,4.857142857
2022-01-03,,,,2.656,0.028,24.64,18.32714286,377.637,420.046,0.05,0.328571429,3.128571429
2022-01-10,,,,2.786,0.027,24.64285714,18.28142857,365.4,381.2,0,1.7,4.657142857
2022-01-17,,,,2.85,0.019,24.61428571,18.31428571,379.184,352.324,0.15,-1,2.271428571
2022-01-24,,,,2.386,0.028,24.63,18.31857143,365.924,369.474,0.05,1.185714286,4.2
2022-01-31,3.2,11.4,0,2.912,0.03,24.63714286,18.30142857,352.892,358.124,0.05,2.457142857,5.557142857
2022-02-07,,,,2.884,0.015,24.57428571,18.23428571,180.433,175.19,0,-0.214285714,3.585714286
2022-02-14,4.6,12.2,0,2.896,0.012,25.41571429,18.34857143,157.487,85.76,0,4.342857143,7.142857143
2022-02-21,3.8,14.3,149,3.024,0.053,25.62857143,18.73714286,360.643,333.817,0.05,-0.985714286,4.214285714
2022-02-28,4.6,14.7,0,2.98,0.015,25.55,18.39857143,373.961,349.204,0.2,3.271428571,7.242857143
2022-03-07,6.3,14.6,0,3.069,0.019,25.54571429,18.34428571,333.29,297.339,0.05,6.957142857,11.28571429
2022-03-14,8.7,17.6,0,2.905,0.015,25.57,18.38,364.361,297.13,2.1,11.54285714,15.67142857
2022-03-21,9.2,23.2,0,2.07,0.015,25.62428571,18.41714286,607.905,623.08,18.8,8.685714286,13.85714286
2022-03-28,10.3,23.7,0,,,25.53428571,18.51571429,873.796,1000.013,13.35,10.7,14.8
2022-04-04,13.3,14.4,24,1.979,0.023,25.53257143,18.54428571,692.853,711.526,0.4,11.37142857,15.52857143
2022-04-11,16.2,19.7,412,2.205,0.016,25.52714286,18.47685714,484.205,478.309,2.4,16.98571429,19.97142857
2022-04-18,16.1,34.1,1799,2.294,0.021,25.52714286,18.49914286,463.179,477.199,0.05,14.98571429,20.75714286
2022-04-25,19.2,16.3,370,2.561,0.038,25.51285714,18.472,389.854,379.933,2.7,18.95714286,22.81428571
2022-05-02,18.3,11.9,0,2.567,0.026,25.53142857,18.48885714,527.532,553.57,34.3,15.04285714,22.45714286
2022-05-09,20.4,2.3,0,2.508,0.027,25.52428571,18.49314286,477.286,476.949,0.4,18.12857143,23.38571429
2022-05-16,20.8,2.5,0,1.971,0.031,25.5,18.488,485.807,467.064,2.65,18.08571429,23.85714286
2022-05-23,23.5,6.1,0,1.714,0.02,25.53714286,18.45485714,380.598,326,0,23.18571429,27.41428571
2022-05-30,23.1,12.2,111,,,25.50685714,18.46457143,366.438,302.465,0.05,24.67142857,28.55714286
2022-06-06,23.2,16.8,1710,1.464,0.022,25.55714286,18.49828571,451.669,441.086,33,22.54285714,27.47142857
2022-06-13,23.7,38.5,28762,1.374,0.032,25.54857143,18.47428571,500.757,527.053,1.15,19.87142857,26.28571429
2022-06-20,25.6,31.45,48402.5,1.731,0.043,25.59714286,18.52714286,556.518,549.582,9,24.44285714,27.8
2022-06-27,27.15,32.55,47092,1.276,0.046,25.68057143,18.49628571,711.835,675.75,38,28.22857143,30.17142857
2022-07-04,29.35,22.5,17431,1.589,0.089,25.72857143,18.53428571,752.507,727.255,1.8,29.42857143,30.28571429
2022-07-11,28.85,23.45,25818.5,1.519,0.073,25.56714286,18.46571429,544.328,527.5,29.65,28.38571429,31.75714286
2022-07-18,28.2,63.65,17597,0.986,0.041,25.61428571,18.51285714,867.595,896.307,49.2,26.21428571,30.3
2022-07-25,29.5,28.4,9116,2.277,0.124,25.63857143,18.51142857,997.289,1002.555,6.35,27.12857143,30.55714286
2022-08-01,28.8,36,28800,1.112,0.042,25.58314286,18.5,603.992,536.046,2.85,27.38571429,32.12857143
2022-08-08,28.6,38.9,9877,1.197,0.033,25.61285714,18.49714286,570.326,576.443,5.25,30.51428571,32.08571429
2022-08-15,25,9,1219,2.547,0.103,25.79428571,18.59971429,3257.164,3494.301,14.35,28.75714286,30.82857143
2022-08-22,26.8,18.3,1400,2.378,0.065,25.69428571,18.55428571,2325.477,2845.018,72.9,26.51428571,30.68571429
2022-08-29,25.7,17.1,75,,,25.67,18.56857143,1032.583,1114.167,11.6,23.22857143,28.48571429
2022-09-05,25,7.8,85,2.999,0.167,25.69857143,18.57,2563.428,2473.884,72,22.54285714,26.65714286
2022-09-12,23.3,20.9,2495,2.812,0.08,25.68428571,18.57971429,4298.585,4718.708,81.4,21.94285714,27.1
2022-09-19,23.3,13.2,1992,2.743,0.056,25.62428571,18.52942857,857.217,891.777,0.5,24.74285714,27.22857143
2022-09-26,22.5,12.6,765,2.693,0.051,25.59428571,18.512,662.716,640.213,0,18.87142857,24.72857143
2022-10-03,23.1,14.9,103,2.345,0.027,25.60571429,18.58285714,613.097,576.842,3.9,21.54285714,25.84285714
2022-10-10,20,48.4,926,2.172,0.018,25.65714286,18.51857143,743.508,780.061,21.5,16.61428571,20.77142857
2022-10-17,19.5,22.7,377,2.298,0.034,25.56571429,18.44285714,499.664,447.169,0,16.11428571,20.74285714
2022-10-24,17.5,8.7,954,1.939,0.019,25.54142857,18.48571429,402.545,396.56,0.3,13.31428571,17.95714286
2022-10-31,16.9,8.4,4769,1.902,0.025,25.60571429,18.47571429,463.509,373.837,0,13,17.54285714
2022-11-07,14.9,6.7,14520,1.919,0.027,25.58857143,18.48844286,470.91,377.205,0,10.97142857,16.72857143
2022-11-14,14.8,10.1,4816,1.879,0.019,25.47428571,18.42351429,424.847,405.924,16.4,13.48571429,17.22857143
2022-11-21,13.8,21,2430,1.968,0.024,24.68142857,18.48194286,798.189,723.088,0.4,10.82857143,15.45714286
2022-11-28,12.2,14.9,624,,,24.57714286,18.46142857,442.079,351.741,12.1,10.35714286,13.52857143
2022-12-05,8.5,21.3,224,2.103,0.032,24.60155714,18.52598571,608.431,499.016,17.7,2.842857143,7.128571429
2022-12-12,7.3,15.4,373,2.272,0.033,24.56285714,18.42752857,361.366,311.696,1.15,4.114285714,6.5
2022-12-19,4.7,9.2,186,2.152,0.017,24.57571429,18.44714286,364.495,310.482,0.15,-1.485714286,1.557142857
2022-12-26,,,,2.47,0.016,24.58507143,18.48428571,335.783,288.826,2.55,-2.314285714,1
2023-01-02,,,,2.336,0.017,24.59078571,18.51857143,455.193,394.594,0,0.6,3
2023-01-09,,,,2.5,0.017,24.60857143,18.51818571,440.272,364.372,0.1,1.714285714,4.9
2023-01-16,2.9,18.2,0,2.6,0.017,24.63571429,18.50285714,517.849,442.178,11.6,5.171428571,8.228571429
2023-01-23,1.9,15.4,0,2.581,0.016,24.61091429,18.49714286,469.765,362.134,0,0.214285714,2.428571429
2023-01-30,,,,2.895,0.015,24.65492857,18.46247143,259.158,190.618,0.15,-3.685714286,-0.142857143
2023-02-06,,,,2.71,0.02,24.67558571,18.51908571,351.76,296.791,0,2.371428571,5.628571429
2023-02-13,3.7,14.8,0,2.77,0.022,24.67285714,18.46675714,290.837,263.134,11.25,4.742857143,9.257142857
2023-02-20,4.6,12.6,0,2.874,0.025,25.39792857,18.33791429,180.787,138.152,0.15,4.742857143,8.3
2023-02-27,5.6,6.9,0,,,25.54,18.38571429,307.367,241.893,0.05,4.857142857,8.342857143
2023-03-06,7.8,13.3,0,,,25.53285714,18.42688571,304.211,239.428,0,8.1,13.05714286
2023-03-13,8.5,19.6,0,,,25.51805714,18.42078571,322.933,268.296,6.75,12.84285714,17.67142857
2023-03-20,10.9,21.5,0,,,25.41857143,18.37142857,272.219,229.939,0,11.28571429,14.98571429
2023-03-27,12.3,12.1,79,,,25.49428571,18.47728571,328.958,264.544,20.65,12.97142857,18.3
2023-04-03,15.2,10.8,0,2.519,0.034,25.51311429,18.51935714,281.81,235.036,0,14.08571429,20.34285714
2023-04-10,14.6,10,0,2.353,0.03,25.57857143,18.46117143,389.517,377.934,14.2,13.71428571,18.3
2023-04-17,15.3,6.8,0,2.237,0.024,25.5365,18.26311429,343.468,275.797,0.4,14.77142857,19.22857143
2023-04-24,17.1,4.2,0,2.512,0.018,25.53714286,18.26117143,245.166,172.745,1.6,16.52857143,21.01428571
2023-05-01,17.9,4.5,0,2.08,0.02,25.53428571,18.26532857,242.21,210.521,14.7,14.97142857,20.21428571
2023-05-08,17.7,4.2,0,2,0.03,25.54492857,18.30232857,1327.425,1325.139,82,16.02857143,22.3
2023-05-15,21.3,15.7,121,1.698,0.014,25.54285714,18.28805714,626.802,605.458,0.05,19.45714286,23.94285714
2023-05-22,21.6,9.2,824,1.685,0.016,25.55428571,18.28142857,330.955,326.692,6.45,20.92857143,26.42857143
2023-05-29,21.6,9.1,519,,,25.50324286,18.28038571,639.776,829.109,111.65,20.9,25.58571429
2023-06-05,23.4,31.3,166,2.13,0.033,25.48102857,18.26727143,1191.951,1200.054,0.5,21.87142857,26.85714286
2023-06-12,25.8,12.1,5851,2.44,0.043,25.52714286,18.28714286,439.451,482.263,0.7,24.21428571,27.98571429
2023-06-19,27.6,16.4,31109,2.48,0.042,25.51272857,18.26882857,507.913,614.376,17.5,24.3,29.05714286
2023-06-26,26.6,11.4,4688,1.89,0.048,25.51,18.29247143,700.37,804.267,40.05,23.8,28.9
2023-07-03,25,6.2,315,2.618,0.186,25.51285714,18.28357143,5497.588,6028.962,120,26.1,29.65714286
2023-07-10,23.4,4.6,602,2.27,0.132,25.56092857,18.30355714,7081.314,7685.733,66.9,25.68571429,30.34285714
2023-07-17,,,,2.109,0.218,25.64202857,19.2549,20889.456,21435.048,143,26.04285714,29
2023-07-24,24.7,4.7,273,2.22,0.103,25.53895714,18.6241,12313.887,12277.324,88.95,26.17142857,30.37142857
2023-07-31,27.3,26.2,1255,2.023,0.084,25.55272857,18.30948571,3794.917,3897.848,0.15,28.75714286,31.74285714
2023-08-07,31.3,10.6,1233,2.046,0.09,25.54714286,18.30597143,790.023,954.486,0,30.44285714,33.5
2023-08-14,25.2,2.8,312,2.214,0.147,25.57208571,18.65895714,8198.019,8914.178,134.4,26.78571429,31.71428571
2023-08-21,28.9,20.5,2875,2.248,0.105,25.53142857,18.31142857,1275.271,1711.458,11.15,27.08571429,31.65714286
2023-08-28,28.2,7.5,228,,,25.51857143,18.27618571,2959.965,3555.509,57.7,26.77142857,30.45714286
2023-09-04,25,3.9,526,2.295,0.151,25.53168571,18.31131429,7937.922,8029.115,110.75,25.34285714,28.57142857
2023-09-11,27.3,26.5,9927,2.052,0.067,25.53844286,18.30767143,1044.503,1402.591,0,24.45714286,29.31428571
2023-09-18,26.1,3.5,350,2.283,0.111,25.56701429,18.28844286,2584.629,2960.397,60.25,24.28571429,27.47142857
2023-09-25,22.1,3.6,2467,1.849,0.081,25.5711,18.3639,8199.477,7922.482,40.95,21.31428571,26.45714286
2023-10-02,21.2,6.2,620,2.24,0.079,25.57467143,18.3,3933.659,4040.798,21.4,20.97142857,24.57142857
2023-10-09,20.2,19.1,765,2.123,0.055,25.51622857,18.30507143,1474.154,1831.341,1.55,17.3,21.97142857
2023-10-16,19.8,24.9,300,1.7,0.014,25.55,18.30428571,651.836,790.254,0.2,16.74285714,21.41428571
2023-10-23,18.2,20.4,372,2.03,0.026,25.53181429,18.28727143,510.13,575.508,4,14.17142857,19.22857143
2023-10-30,17.8,31.6,509,2.08,0.025,25.56,18.26895714,518.619,503.453,0.05,14.8,20.12857143
2023-11-06,18.3,35.9,522,2.01,0.024,25.54714286,18.27765714,468.429,451.491,9.9,17.64285714,19.87142857
2023-11-13,13.8,9.1,249,1.974,0.029,25.55571429,18.28234286,567.757,530.728,11,8.7,13.27142857
2023-11-20,11.5,5.2,796,2.224,0.021,25.5374,18.25298571,498.356,467.144,10.65,6.685714286,10.68571429
2023-11-27,9.7,7.5,813,,,25.54818571,18.27277143,472.701,403.215,0.15,6.871428571,10.05714286
2023-12-04,7.8,7.2,533,2.426,0.023,25.55142857,18.28777429,483.834,400.859,0,3.542857143,7.614285714
2023-12-11,8.3,22.2,255,2.319,0.029,25.54857143,18.34519429,541.115,632.858,32.1,9.1,11.94285714
2023-12-18,5.8,6.5,0,2.605,0.061,25.55,18.32051429,2338.156,3410.418,55.8,4.214285714,7.314285714
2023-12-25,3.9,3,67,3.42,0.067,25.52194286,18.29272857,1007.909,1285.558,0.1,-2.714285714,0.557142857
