Date,WT_SJB,Chla_SJB,Cyanocell_SJB,TN_SJB,TP_SJB,WL_UP_ADD,WL_SJB,Discharge_UP_ADD,Discharge_SJB,Prec_SJB,Temp_SJB,Forecast_Temp_SJB
2012-01-09,1,4.4,0,2.959,0.042,151.4128571,38.86,140.421,0,0.05,-2.985714286,4
2012-01-16,3.2,2,0,3.234,0.032,151.1628571,38.85,140.839,0,0.05,-1.042857143,4.357142857
2012-01-23,0.3,4.6,0,2.837,0.023,150.92,38.77285714,139.934,0,5.7,0.528571429,5.814285714
2012-01-30,1,1.9,0,2.878,0.025,150.6728571,38.77,141.036,0,2,-2.928571429,1.657142857
2012-02-06,1.5,3.1,0,2.952,0.037,150.38,38.77,170.036,0,13.3,-5.5,1.528571429
2012-02-13,3.8,2.7,0,2.665,0.026,150.0285714,38.77,178.345,0,0.1,-2.728571429,2.471428571
2012-02-20,2.4,1.9,0,2.358,0.025,149.66,38.77,185.406,0,0,-1.328571429,4.157142857
2012-02-27,2.4,2.7,0,2.484,0.02,149.3471429,38.77,135.093,0,0.4,1.785714286,8.214285714
2012-03-05,5.5,4.1,0,2.136,0.025,148.8542857,38.88285714,332.755,0,19.5,4.042857143,8.885714286
2012-03-12,4.4,2.7,0,2.292,0.033,148.1471429,39.31142857,359.529,0,1.5,3.071428571,9.071428571
2012-03-19,9.4,8,0,2.537,0.031,147.6585714,43.32142857,148.297,0,11,5.857142857,10.55714286
2012-03-26,9,36.6,0,2.569,0.038,147.2957143,46.52428571,382.257,0,28,4.942857143,10.22857143
2012-04-02,10.3,8.3,0,2.324,0.034,146.4771429,47.1,356.221,0,14.1,8.842857143,13.41428571
2012-04-09,12.3,8,0,2.72,0.034,147.1228571,47.03428571,232.376,0,15.3,9.728571429,14.22857143
2012-04-16,17.7,15.2,0,2.269,0.021,147.0728571,47.06428571,281.683,0,3,13.88571429,18.68571429
2012-04-23,14.5,7.9,0,2.153,0.054,146.7571429,46.98857143,366.925,0,38.3,13.42857143,19.51428571
2012-04-30,18.7,8,0,,,146.9071429,46.99428571,419.616,0,24.7,16.18571429,21.78571429
2012-05-07,21.2,20.8,0,2.089,0.041,146.3728571,47.08428571,419.426,0,1.5,19.38571429,24.07142857
2012-05-14,17.6,27.2,106,1.887,0.033,145.6085714,47.07714286,299.106,0,19.7,15.98571429,23.9
2012-05-21,22.3,20.3,71,2.254,0.028,145.2085714,47.08571429,223.91,0,3,17.88571429,24.38571429
2012-05-28,23.9,8.2,0,1.862,0.03,144.6714286,46.96428571,244.286,0,35.1,20.42857143,27.25714286
2012-06-04,25.7,11.5,51,1.824,0.047,144.0342857,47.08428571,305.383,0,4.5,20.12857143,27.17142857
2012-06-11,24.3,22.9,0,1.513,0.038,143.1342857,46.38428571,350.611,97.771,17.1,21.97142857,28.12857143
2012-06-18,24.5,4.6,0,1.483,0.041,142.1371429,47.08,362.053,0,9.5,21.47142857,27.85714286
2012-06-25,25,19.5,123,1.458,0.032,141.04,47.02857143,371.686,0,1.1,22.95714286,28.6
2012-07-02,25.5,8.1,738,1.468,0.027,139.9128571,47.10285714,355.358,0,28,22.34285714,27.5
2012-07-09,26.4,4.7,228,3.47,0.084,140.1542857,47.12,315.208,0,132,24.27142857,27.98571429
2012-07-16,21,6.4,552,3.591,0.147,141.84,47.15428571,286.993,2160.648,92.8,23.41428571,27.42857143
2012-07-23,27,12.7,553,3.329,0.053,145.17,47.07714286,278.137,2472.733,47,25.1,28.91428571
2012-07-30,30.05,8.85,674,2.687,0.034,145.2814286,47.06857143,244.65,716.714,0,28.24285714,33.22857143
2012-08-06,31.06666667,14.23333333,1136.666667,1.998,0.023,144.8314286,47.02428571,267.171,423.451,0,28.57142857,33.15714286
2012-08-13,25.62857143,10.85714286,625.4285714,1.829,0.032,144.2928571,47.06285714,244.232,1006.334,70,25.51428571,31.45714286
2012-08-20,25.76,9.94,396.8,2.813,0.147,145.7514286,47.15,245.01,4195.705,93.5,25.5,30.05714286
2012-08-27,23.8,3.5,350,2.533,0.073,147.5971429,46.99857143,346.409,3595.133,47.7,24.12857143,30.25714286
2012-09-03,24.4,4,74.66666667,2.696,0.071,148.9357143,47.12571429,313.396,4104.511,114.1,22.82857143,29.14285714
2012-09-10,23.3,6.35,24,2.194,0.082,149.6685714,47.03714286,213.897,2770.88,119.1,20.58571429,27.27142857
2012-09-17,21,1.55,22,2.771,0.076,150.1028571,46.82428571,139.036,2864.467,183,18.8,25.28571429
2012-09-24,22.45,35.55,0,2.997,0.069,152.2471429,47.11285714,136.487,3740.631,0,18.4,25.14285714
2012-10-01,21.5,41.2,0,2.869,0.051,152.4671429,47.08714286,142.484,895.114,0,16.38571429,24.74285714
2012-10-08,21.1,49.4,0,2.593,0.036,152.3557143,47.13571429,126.738,628.505,0,15.52857143,24.07142857
2012-10-15,17.8,37.2,152,2.429,0.04,152.25,47.12142857,105.392,622.568,0.5,12.85714286,21.92857143
2012-10-22,15.5,21.35,0,2.395,0.031,152.1214286,47.13,105.264,558.631,29,12.08571429,20.62857143
2012-10-29,14.35,4.75,0,2.282,0.026,152.0428571,47.13571429,105.102,641.159,15.6,11.42857143,18.34285714
2012-11-05,13.3,14.2,0,2.317,0.027,151.92,47.12,111.932,556.509,5.5,7.585714286,14.37142857
2012-11-12,10.9,3.7,0,2.552,0.021,151.76,47.12285714,113.956,579.421,23.5,9.071428571,13.74285714
2012-11-19,7.7,2.5,0,2.46,0.027,151.6214286,47.13,114.349,607.573,10.4,4.342857143,10.94285714
2012-11-26,7.4,2.6,0,2.715,0.023,151.4357143,47.08428571,156.255,508.398,0.9,3.1,10.18571429
2012-12-03,5,2.2,24,2.564,0.019,151.1842857,47.06857143,144.544,436.588,2.5,1.228571429,7.085714286
2012-12-10,2.1,1,0,2.677,0.017,150.8571429,47.05285714,190.313,384.121,8,-4.557142857,3.685714286
2012-12-17,1.6,0.8,0,2.787,0.019,150.5257143,47.13714286,185.096,628.499,20.6,-1.128571429,5.028571429
2012-12-24,,,,,,150.2785714,47.04285714,188.774,573.164,5,-4.257142857,2.571428571
2012-12-31,,,,,,149.9571429,46.99285714,185.147,363.51,6.1,-4.842857143,0.942857143
2013-01-07,,,,,,149.5957143,46.94142857,201.817,300.202,7.5,-6.857142857,-0.085714286
2013-01-14,,,,,,149.1957143,47.10285714,200.612,500.56,0,-3.6,3.157142857
2013-01-21,,,,,,148.7985714,46.97857143,200.361,398.833,27,-1.571428571,3.9
2013-01-28,,,,,,148.45,46.91742857,200.978,454.784,4,-2.185714286,3.371428571
2013-02-04,2.6,4.4,0,2.947,0.189,148.1914286,46.85428571,192.356,1015.442,25.5,1.957142857,6.628571429
2013-02-11,1.3,0.9,0,3.079,0.029,148.2014286,47.00142857,180.183,734.888,3.5,-4.185714286,2.385714286
2013-02-18,2.8,0.9,0,3.054,0.023,147.9242857,47.02857143,189.773,579.749,0.4,-0.057142857,4.8
2013-02-25,4.1,2.1,0,2.793,0.024,147.5985714,47.07142857,185.731,465.99,0.4,0.071428571,5.9
2013-03-04,6.7,9.9,0,2.802,0.025,147.2742857,47.01714286,184.824,405.964,3.5,3.6,9.714285714
2013-03-11,8.8,15.3,0,2.535,0.025,146.96,47.04,180.021,432.914,2,7.771428571,14.37142857
2013-03-18,11.1,14.4,0,2.487,0.025,146.8728571,47.13714286,177.532,613.885,37.2,7.685714286,13
2013-03-25,9.2,5.6,0,2.925,0.028,147.1971429,47.13428571,200.285,870.168,0,6.028571429,13.07142857
2013-04-01,12.3,13.1,0,2.47,0.048,147.0428571,47.05142857,245.426,529.474,0.4,8.142857143,13.85714286
2013-04-08,14.1,6.7,52,2.335,0.028,146.73,47.04571429,245.525,612.005,28.5,9.6,15.81428571
2013-04-15,10.1,6.5,0,2.665,0.024,146.5814286,46.86571429,245.244,624.442,1.8,7.814285714,15.02857143
2013-04-22,13.2,10.8,0,2.422,0.027,146.4157143,46.92285714,125.538,454.546,11.1,10.25714286,17.22857143
2013-04-29,14.8,11.9,0,2.391,0.039,146.3871429,46.97,212.638,658.674,30,12.14285714,18.67142857
2013-05-06,18,18.3,0,2.18,0.026,146.2642857,47.06857143,180.598,624.71,0,14.45714286,19.77142857
2013-05-13,22.6,15.7,0,2.01,0.037,145.9585714,46.92571429,255.592,455.357,18.5,18.75714286,23.92857143
2013-05-20,21,16.3,0,2.095,0.036,145.5457143,46.97285714,193.059,528.687,41.5,17.91428571,25.22857143
2013-05-27,24.7,20.7,0,2.156,0.039,145.3985714,46.99,168.175,626.657,29.5,21.51428571,27.88571429
2013-06-03,24.1,38.4,0,2.623,0.046,145.8342857,47.15285714,246.44,1508.192,16.1,19.9,25.45714286
2013-06-10,25.5,35.1,0,2.146,0.041,145.4542857,47.28571429,350.302,845.383,2.5,22.24285714,29.25714286
2013-06-17,25.4,26.7,0,2.034,0.035,144.7471429,47.20028571,350.115,874.757,6.75,22.84285714,28.3
2013-06-24,25.6,17.6,0,3.174,0.083,146.3,47.04571429,350.398,4198.811,112.55,23.37142857,27.97142857
2013-07-01,28.2,21.1,0,2.272,0.042,146.5628571,47.18857143,246.905,1219.01,4,24.32857143,29.25714286
2013-07-08,25.8,4.5,0,2.779,0.089,146.6428571,47.02571429,189.417,2321.45,93,24.98571429,27.64285714
2013-07-15,27.3,42.6,0,2.543,0.055,146.9228571,47.14714286,173.445,1154.764,22.2,26.57142857,30.34285714
2013-07-22,29.5,40.4,124,2.317,0.051,148.2728571,47.26142857,161.894,1122.421,3.6,27,30.52857143
2013-07-29,28.46666667,25.2,354.6666667,2.208,0.048,148.9057143,47.14,198.335,866.779,22.6,26.37142857,30.2
2013-08-05,29,15.5,705.3333333,2.263,0.081,148.8171429,47.32714286,304.111,1629.423,44.3,26.1,31.21428571
2013-08-12,32.16666667,16.03333333,2196,2.014,0.042,148.3928571,47.28571429,346.242,1262.559,36.5,28.34285714,33.81428571
2013-08-19,30.26666667,16.46666667,1226.666667,1.842,0.033,147.7642857,47.19142857,344.622,783.978,0,28.31428571,34.1
2013-08-26,27.73333333,32.16666667,1856,1.755,0.041,147.0671429,47.21,344.535,899.369,48.05,25.31428571,31.37142857
2013-09-02,26.95,18.3,482,1.983,0.032,146.3928571,47.20714286,319.797,766.895,1,24.15714286,29.14285714
2013-09-09,26.4,18.95,1500,1.991,0.04,145.8285714,47.14857143,242.217,695.053,3.5,19.54285714,27.54285714
2013-09-16,26.1,8,168,2.316,0.117,145.4157143,47.2,237.384,956.783,55.1,21.05714286,27.37142857
2013-09-23,25.5,34.3,96,2.232,0.039,145.13,47.17142857,226.57,611.296,0,20.61428571,27.87142857
2013-09-30,23.6,15.6,48,2.109,0.035,144.8028571,47.18,205.177,675.943,75.1,18.15714286,24.64285714
2013-10-07,22.3,94.1,180,3.097,0.141,145.6514286,46.79857143,105.105,757.764,0.6,18.01428571,24.3
2013-10-14,21.7,27.7,0,2.422,0.071,146.0328571,47.16428571,104.517,755.685,51.6,17.15714286,23.75714286
2013-10-21,18.6,43.2,0,2.803,0.039,146.1571429,47.03142857,105.231,376.061,0.4,12.02857143,20.32857143
2013-10-28,17.2,29.5,0,2.809,0.027,146.0485714,47.04,105.211,291.992,0,11.2,19.25714286
2013-11-04,15.8,17.4,0,2.581,0.029,145.8757143,47.05857143,112.664,281.218,0.2,11.68571429,18.7
2013-11-11,11.8,17.6,0,2.511,0.021,145.6771429,47.06285714,118.888,289.856,19,8.385714286,16.3
2013-11-18,7.5,12,0,2.662,0.023,145.4657143,46.05,119.337,426.739,1.2,4.128571429,12.4
2013-11-25,7.9,16,0,2.858,0.017,145.2242857,46.72857143,113.839,160.444,23.2,4.7,10.14285714
2013-12-02,7.9,7.1,0,2.755,0.03,145.1071429,47.08142857,116.533,385.17,10.4,1.771428571,7.842857143
2013-12-09,5.3,10.7,0,2.926,0.023,144.9385714,47.05714286,109.126,299.139,6.3,4.457142857,9.757142857
2013-12-16,3.5,13,0,2.98,0.026,144.7985714,47.06714286,109.326,345.834,9.8,-0.9,5.214285714
2013-12-23,2.8,4.8,0,2.936,0.022,144.6385714,47.02857143,109.605,251.097,2.2,-0.142857143,4.657142857
2013-12-30,,,,,,144.4457143,47.03,109.948,254.787,0.4,-1.128571429,4.757142857
2014-01-06,3.1,4.8,0,3.11,0.02,144.2485714,47.03285714,103.805,225.583,0,2.157142857,6.542857143
2014-01-13,2.3,17.2,0,3.129,0.016,144.1057143,47.03285714,57.816,189.461,0,-1.814285714,4.357142857
2014-01-20,,,,,,144.0242857,47.03285714,50.521,178.476,4.7,-1.485714286,4.371428571
2014-01-27,,,,,,143.9328571,47.01857143,72.341,147.654,1.8,-0.414285714,6.542857143
2014-02-03,,,,,,143.7457143,47.03,101.271,218.92,1.45,3.871428571,8.985714286
2014-02-10,3.3,17.9,0,3.128,0.026,143.5428571,47.06142857,102.012,225.353,6.7,-1.885714286,4.342857143
2014-02-17,4.4,18.7,0,3.274,0.017,143.3428571,47.04,102.147,213.037,0,0.5,6.071428571
2014-02-24,5.2,15.8,0,2.978,0.023,143.1171429,47.03571429,102.279,208.511,0,1.728571429,8.271428571
2014-03-03,7.1,22.3,0,2.937,0.022,142.9142857,47.04,120.794,211.983,1.25,6.242857143,11.32857143
2014-03-10,6.4,21.4,0,2.799,0.028,142.6342857,47.07428571,157.071,262.891,1.2,2.185714286,9.485714286
2014-03-17,10,11.2,0,2.667,0.029,142.3114286,47.10857143,166.58,440.207,38.4,6.228571429,12.24285714
2014-03-24,11.9,14.9,0,2.864,0.035,142.1571429,47.02571429,166.674,370.671,4.8,9.157142857,15.54285714
2014-03-31,15.6,15.4,0,2.639,0.029,142.0671429,47.11571429,166.641,470.278,43.1,14.18571429,19.21428571
2014-04-07,15.1,24.8,0,2.886,0.057,142.2114286,47.12571429,111.448,545.583,0.75,10.37142857,18.24285714
2014-04-14,14,27.2,0,2.713,0.038,142.1457143,47.02,148.392,308.331,0.2,13.47142857,19.27142857
2014-04-21,16.5,21.3,0,2.622,0.037,141.9028571,47.01142857,133.546,253.635,10.4,15.07142857,20.65714286
2014-04-28,17.9,11.1,0,2.287,0.027,141.7771429,47.03142857,78.413,240.217,40.6,15.54285714,22.65714286
2014-05-05,17.4,11.3,0,2.289,0.027,142.1485714,47.11428571,89.036,497.198,22.05,14.48571429,21.85714286
2014-05-12,18.7,11.7,0,2.302,0.042,142.1471429,47.02,170.053,304.247,21.6,15.92857143,22.67142857
2014-05-19,21,10.4,0,2.618,0.027,141.9157143,47.02571429,119.622,246.685,0,19.95714286,25.67142857
2014-05-26,22.4,12.6,0,1.826,0.024,141.6157143,47.02142857,146.233,247.104,3.3,20.81428571,27.1
2014-06-02,23.9,15.9,615,1.589,0.028,141.2314286,47.02428571,194.838,269.865,0.9,23.45714286,29.08571429
2014-06-09,22.3,25.7,0,1.629,0.04,140.4728571,47.06,300.161,421.433,2.95,20.84285714,26.61428571
2014-06-16,23,28.4,210,1.517,0.031,139.58,47.05857143,300.08,471.917,23.5,21.37142857,26.85714286
2014-06-23,23.3,12.6,0,1.921,0.026,138.62,47.06142857,300.318,405.338,44.85,21.98571429,27.97142857
2014-06-30,26,18.7,0,1.542,0.025,137.8685714,47.18,300.062,671.848,7.9,23.98571429,28.94285714
2014-07-07,25.3,26.9,0,1.402,0.027,137.0814286,47.15857143,300.223,554.864,44.1,22.48571429,28.75714286
2014-07-14,26.5,5.2,0,1.362,0.028,136.1785714,47.05857143,300.805,407.4,5.9,25.5,29.82857143
2014-07-21,27.3,7.4,1560,1.331,0.028,135.0985714,47.02857143,278.461,310.867,50,25.41428571,30.57142857
2014-07-28,28.4,7.2,1020,1.282,0.035,134.1114286,47.02142857,235.867,252.01,5.05,26.08571429,30.51428571
2014-08-04,27.8,4.8,0,1.359,0.042,133.1685714,47.12285714,222.189,391.318,64.3,25.74285714,31.08571429
2014-08-11,24.8,12.5,0,2.219,0.04,133.1228571,47.28428571,213.491,1031.057,68.5,23.71428571,30.25714286
2014-08-18,,,,,,134.1971429,47.32285714,213.441,959.357,112.6,22.11428571,29.18571429
2014-08-25,22.8,3.6,0,3.119,0.097,139.5957143,47.20285714,75.936,5175.785,190,23.18571429,27.88571429
2014-09-01,24,22.5,0,3.224,0.06,142.5457143,47.17142857,20.991,1614.452,0,21.4,27.77142857
2014-09-08,24.9,36.1,0,2.905,0.042,143.4142857,47.18714286,21.06,603.634,17.6,21.7,27.61428571
2014-09-15,24.5,20.6,940,2.726,0.034,143.9114286,47.04142857,18.043,327.526,0,20.78571429,27.47142857
2014-09-22,23.1,18,860,2.743,0.035,144.0971429,47.02142857,0,274.212,0,18.34285714,26.07142857
2014-09-29,21.2,5.6,0,2.754,0.092,145.1685714,47.24285714,33.235,1550.067,99.1,18.92857143,25.65714286
2014-10-06,19.8,37.5,0,2.992,0.052,145.9214286,47.09285714,5.944,466.323,0,15.72857143,24.24285714
2014-10-13,18.8,31,0,2.573,0.041,146.1128571,47.11,9.015,319.957,15.2,14.9,23.98571429
2014-10-20,16.5,19.1,320,2.712,0.036,146.3728571,47.04,6.01,268.623,18.4,11.34285714,20.81428571
2014-10-27,15.3,8.1,0,3.025,0.066,147.8471429,45.66,5.933,2439.899,87.2,12.48571429,20.07142857
2014-11-03,13.3,3.4,0,2.454,0.088,148.6485714,47.26857143,10.941,911.621,54.2,10.67142857,18.38571429
2014-11-10,11.9,4.6,785,3.319,0.044,149.3142857,47.25571429,12.037,625.914,0,10.67142857,16.04285714
2014-11-17,8.5,8,0,3.2,0.032,149.4971429,47.17,47.937,442.135,0.7,6.928571429,13.35714286
2014-11-24,7.9,13.5,0,3.212,0.024,149.6328571,47.11428571,16.168,371.478,36.3,5.771428571,13.71428571
2014-12-01,8.3,3.4,0,2.817,0.029,149.7814286,47.22,45.993,566.322,15.2,7.171428571,12.38571429
2014-12-08,,,,,,149.7614286,47.14857143,83.38,560.646,4.5,-1.728571429,4.057142857
2014-12-15,3.1,1.9,0,2.844,0.02,149.6985714,47.09285714,71.832,466.637,0.8,-0.171428571,4.585714286
2014-12-22,,,,,,149.6242857,47.07571429,68.158,417.262,10.8,-3.8,2.642857143
2014-12-29,,,,,,149.5457143,47.05,70.154,384.136,0.7,-0.2,5.671428571
2015-01-05,,,,,,149.4557143,47.04714286,76.281,357.392,3.2,-0.485714286,4.414285714
2015-01-12,,,,,,149.3385714,47.07571429,83.976,397.531,8.3,-0.2,5.257142857
2015-01-19,,,,,,149.07,47.07571429,204.268,402.973,2.9,0.957142857,6.357142857
2015-01-26,,,,,,148.67,47.08142857,163.523,380.742,12.1,2.1,7.071428571
2015-02-02,,,,,,148.5242857,47.02142857,89.941,383.647,1.3,-1.1,5.657142857
2015-02-09,,,,,,148.3542857,47.01857143,105.612,354.7,0,-0.157142857,5.585714286
2015-02-16,,,,,,148.1614286,47.08428571,105.152,362.672,29.6,3.014285714,7.014285714
2015-02-23,4.7,5.2,0,2.636,0.023,147.9928571,47.12571429,105.213,450.668,9,3.714285714,8.642857143
2015-03-02,6,9.8,0,2.551,0.022,147.8342857,47.12428571,137.866,469.25,1.3,2.642857143,7.371428571
2015-03-09,5.8,14.5,0,2.938,0.017,147.4428571,47.10428571,218.14,407.534,0.4,3.4,9.114285714
2015-03-16,5.8,15.1,0,2.532,0.019,146.9728571,47.09428571,218.328,366.372,1.7,4.771428571,10.72857143
2015-03-23,11.1,15,0,2.622,0.034,146.6285714,47.16285714,218.379,717.951,36,11.44285714,16.27142857
2015-03-30,11,18.7,0,2.419,0.028,146.3214286,47.17857143,217.714,587.425,0,11.05714286,16.44285714
2015-04-06,12.2,15.5,0,2.402,0.025,145.99,47.12,185.561,485.851,35.7,11.05714286,18.15714286
2015-04-13,12.9,13.4,0,2.338,0.024,145.7671429,47.14714286,228.764,546.321,7.5,9.771428571,16.38571429
2015-04-20,13.8,10.2,0,2.312,0.028,145.5071429,47.17142857,235.88,580.222,42,11.7,18.67142857
2015-04-27,16.8,18.8,0,2.143,0.023,145.6828571,47.12571429,198.115,683.323,0,18.01428571,22.57142857
2015-05-04,20.6,19.6,26,2.182,0.017,145.5328571,46.87142857,192.978,444.393,14.8,18.52857143,25.2
2015-05-11,20.3,10.1,0,1.803,0.02,145.2014286,46.75428571,188.938,405.682,5.4,17.54285714,24.02857143
2015-05-18,20,10,29,1.778,0.03,144.8385714,47.02857143,188.91,351.216,4.2,19.72857143,24.51428571
2015-05-25,21.3,37.9,2342,1.686,0.043,144.42,47.09142857,189.088,307.579,0.3,21.48571429,26.8
2015-06-01,22.95,26.5,30931,1.608,0.056,143.9414286,47.11,204.676,301.61,2.6,23.18571429,29.22857143
2015-06-08,20.15,15.2,4182.5,1.572,0.045,143.1842857,47.15142857,318.833,406.931,0.8,21.3,29.3
2015-06-15,22,13.3,154,1.597,0.04,142.2271429,47.10857143,340.703,435.991,0.1,24,28.64285714
2015-06-22,21.1,9,64,1.662,0.043,141.1757143,47.14428571,350.593,516.384,55.05,22.84285714,28.15714286
2015-06-29,21.8,12.1,0,1.865,0.034,140.4585714,47.20857143,188.981,711.106,63.6,23.28571429,27.42857143
2015-07-06,25.6,6,0,1.691,0.033,140.2942857,47.09714286,160.271,314.714,12.9,22.97142857,28.1
2015-07-13,23.9,14.9,165,1.899,0.026,139.9657143,47.24714286,203.802,809.761,104.7,22.77142857,27.77142857
2015-07-20,25.6,24.3,805,1.791,0.029,139.9328571,47.14571429,202.664,523.132,3.8,24.44285714,29.35714286
2015-07-27,27.5,8.8,951,1.731,0.018,139.6428571,47.10142857,122.809,311.91,13.9,27.1,29.41428571
2015-08-03,30.1,7.6,141,1.774,0.03,139.5428571,47.1,132.997,240.284,21.2,28.78571429,31.55714286
2015-08-10,31,6.4,263,1.219,0.024,139.2585714,47.10285714,124.218,223.152,2.3,28.17142857,32.65714286
2015-08-17,28.5,9.6,1670,1.204,0.032,139.0628571,47.10142857,121.084,241.253,13.9,24.91428571,29.91428571
2015-08-24,27.7,10,7877,1.122,0.024,138.86,47.10428571,106.788,269.143,5.9,24.8,29.21428571
2015-08-31,25.6,10.9,2786,1.129,0.032,139.4328571,47.11285714,43.963,285.237,23,23.2,28.01428571
2015-09-07,25.4,10,2462,1.107,0.024,139.7071429,47.09857143,70.014,233.241,28,22.2,27.38571429
2015-09-14,24,19.7,7962,1.136,0.034,139.7285714,47.08571429,42.008,132.487,2.6,19.54285714,26.61428571
2015-09-21,22.9,56.8,7748,1.174,0.029,139.6714286,47.10428571,60.959,107.124,0,19.58571429,26.11428571
2015-09-28,22.7,7.4,1263,0.909,0.024,139.5542857,47.10428571,55.982,122.038,0.3,19.91428571,25.92857143
2015-10-05,20.8,8.8,1307,0.864,0.03,139.4728571,47.11,43.971,198.078,37.9,18.08571429,24.01428571
2015-10-12,19.3,10.6,729,0.932,0.021,139.4328571,47.01428571,41.931,218.997,7.5,15.31428571,22.35714286
2015-10-19,17.9,17.1,8398,1.132,0.021,139.3471429,45.58714286,42.069,258.887,0,15.48571429,22.74285714
2015-10-26,17.7,11.3,3144,1.184,0.025,139.2542857,46.58285714,42.08,55.737,0,15.87142857,22.04285714
2015-11-02,15.3,19.4,1791,1.182,0.017,139.1714286,47.00428571,34.31,116.222,23.7,9.514285714,16.48571429
2015-11-09,13.9,14.2,721,1.283,0.019,139.1271429,47.01142857,26.852,115.872,46.4,11.92857143,17.37142857
2015-11-16,13.5,9.85,9737,1.43,0.028,139.3528571,47.05142857,11.338,238.995,54,12.25714286,15.87142857
2015-11-23,13,5.2,82,2.194,0.025,139.8228571,47.02285714,7.011,278.002,14.05,10.9,14.14285714
2015-11-30,10.2,6.5,22,2.233,0.021,140.2128571,47.01142857,7.002,216.991,6.3,4.228571429,8.342857143
2015-12-07,6.8,10,0,3.086,0.016,140.42,47.01285714,6.899,198.423,6.6,3.7,8.328571429
2015-12-14,6.2,10.3,0,2.488,0.012,140.5757143,47.01,6.978,171.179,21.1,5.428571429,9.728571429
2015-12-21,5.3,6.1,0,2.937,0.018,140.7414286,47.01857143,6.905,177.861,2.5,1.271428571,6.4
2015-12-28,4.6,6.2,0,2.781,0.015,140.8685714,47.00571429,6.922,116.912,0.45,1.442857143,6.928571429
2016-01-04,3.9,8.3,0,3.023,0.015,140.9428571,47.01571429,6.866,99.62,11.5,2.8,6.228571429
2016-01-11,3.4,8.5,0,3.024,0.013,141.0057143,47.03142857,6.996,84.559,0,0.871428571,4.485714286
2016-01-18,2,10.9,0,3.307,0.014,141.05,46.72714286,6.93,118.125,3.25,-0.942857143,3.185714286
2016-01-25,,,,,,141.0757143,47.02428571,7.068,62.521,0.3,-7.2,0.157142857
2016-02-01,,,,,,141.1,47.02142857,6.927,80.143,8.25,-0.157142857,4.071428571
2016-02-08,,,,,,141.13,47.03142857,7.086,61.592,0,-0.028571429,4.742857143
2016-02-15,3.9,5.6,0,3.814,0.012,141.2114286,47.02285714,7.218,98.728,24.2,3.171428571,9.257142857
2016-02-22,4.1,9,0,4.02,0.015,141.4171429,47.02571429,7.003,115.196,0.9,2.414285714,6.1
2016-02-29,4.4,12.8,0,3.735,0.019,141.5114286,47.02,6.983,90.461,11.5,1.657142857,7.371428571
2016-03-07,5.9,24.2,0,3.772,0.014,141.6471429,47.09285714,7.097,228.131,46.1,6.628571429,11.25714286
2016-03-14,7.5,25.8,0,3.398,0.031,142.1328571,47.06714286,0.983,374.334,0,3.728571429,11.08571429
2016-03-21,9.4,24.7,0,3.526,0.024,142.3485714,47.03571429,5.097,167.696,9.1,10.11428571,15.07142857
2016-03-28,11.1,14.2,0,3.454,0.02,142.4742857,47.02857143,7.038,119.85,1.1,9.242857143,14.82857143
2016-04-04,13,9.8,0,2.95,0.02,142.5714286,47.04428571,15.02,99.011,17.1,13.74285714,18.17142857
2016-04-11,16,11.9,61,2.816,0.021,142.7742857,47.05428571,21.066,283.271,35.8,14.64285714,19.34285714
2016-04-18,15.9,11.9,28,2.531,0.031,143.1957143,47.07857143,20.954,458.238,39.1,13.7,20.34285714
2016-04-25,16.3,17.7,73,2.866,0.029,143.9771429,47.11428571,52.732,855.224,41.7,15.57142857,21.32857143
2016-05-02,17.8,17.1,0,2.748,0.024,144.4328571,47.12428571,103.485,518.511,32.3,16.85714286,22.21428571
2016-05-09,18.4,14.1,0,2.31,0.023,144.2957143,47.10571429,216.91,563.973,9.2,18.72857143,23
2016-05-16,20.2,19.8,29,2.069,0.026,144,47.06,217.005,426.969,31.1,17.45714286,24.08571429
2016-05-23,22.3,11.5,0,1.807,0.029,143.5828571,47.02,216.877,313.077,0,20.7,26.97142857
2016-05-30,22.8,38.2,925,1.62,0.023,143.0828571,47.03857143,216.997,309.947,10.9,21.75714286,27
2016-06-06,22.9,17.5,175,1.293,0.025,142.6371429,47.05714286,93.827,289.988,2.35,21.78571429,28.2
2016-06-13,24.3,12.1,255,1.398,0.027,142.5257143,47.02428571,141.511,458.081,4.45,24.14285714,28.25714286
2016-06-20,24.3,11.2,100,1.155,0.023,141.7557143,47.07285714,299.662,446.723,10.65,24.24285714,28.52857143
2016-06-27,23.3,7.9,358,1.222,0.029,140.8585714,47.11428571,299.64,490.74,29.7,24.4,28.07142857
2016-07-04,23,4.1,39,2.099,0.066,140.6657143,47.14714286,193.476,1876.552,196.7,23.82857143,27.92857143
2016-07-11,26,7.3,123,3.67,0.058,148.7614286,46.97857143,29.439,7156.312,96.7,26.1,28.21428571
2016-07-18,23.2,14.1,449,2.862,0.044,150.4214286,47.10857143,25.222,840.066,19.6,24.44285714,28.9
2016-07-25,25.9,32.9,1821,2.402,0.025,150.6385714,47.02,207.693,502.904,0,26.22857143,29.27142857
2016-08-01,28.9,22,39748.5,2.138,0.039,150.34,47.10285714,247.682,399.729,0.6,28.7,31.57142857
2016-08-08,28.65,12,13563.5,1.972,0.015,149.8928571,47.13428571,330.278,423.647,62.6,28.12857143,32.24285714
2016-08-15,29.2,9.7,1198,1.863,0.025,149.3157143,47.05285714,329.555,418.118,0,29.64285714,33.48571429
2016-08-22,28.8,13.2,1325,1.908,0.021,148.59,47.05428571,390.985,416.08,0,28.77142857,32.07142857
2016-08-29,23.4,5.8,150,1.822,0.023,147.6957143,47.15,381.509,509.138,36.6,23.71428571,30.87142857
2016-09-05,21.9,13.2,868,1.931,0.028,147.25,47.18571429,255.221,708.494,48.9,22.52857143,28.35714286
2016-09-12,24.2,25.9,696,2.384,0.019,147.3642857,47.21,213.813,482.496,8.55,22.9,28.44285714
2016-09-19,20.2,7,468,2.601,0.107,147.2785714,47.13857143,178.387,1367.957,101.2,20.92857143,26.7
2016-09-26,21.5,20.8,1009,2.73,0.027,147.7728571,47.14285714,149.476,601.413,1.4,19.2,25.35714286
2016-10-03,20.6,19.2,333,2.31,0.02,147.5828571,47.09714286,164.368,464.598,20,19.97142857,24.44285714
2016-10-10,18,6.5,92,2.18,0.053,147.6185714,47.12428571,104.366,951.036,71.8,17.17142857,23.75714286
2016-10-17,17.7,25.8,73,2.381,0.016,147.83,47.06428571,104.249,522.002,9,15.08571429,21.65714286
2016-10-24,17.6,20.2,10,2.363,0.028,147.7728571,47.01,104.261,345.041,1.15,15.52857143,20.88571429
2016-10-31,15.2,14.4,0,2.302,0.017,147.6914286,47.04,104.278,366.906,23.4,11.41428571,17.3
2016-11-07,11.5,14.8,66,2.292,0.012,147.5628571,47.03142857,115.129,338.855,0.2,9.028571429,14.14285714
2016-11-14,11.2,8.6,0,2.384,0.012,147.3914286,46.99,115.497,311.222,4.3,8.257142857,13.48571429
2016-11-21,11,9.8,72,2.263,0.01,147.2114286,46.90285714,115.431,283.355,13.8,9.785714286,14.25714286
2016-11-28,8.7,9.1,0,2.202,0.01,147.0342857,46.99428571,115.456,275.192,3.9,2,8.657142857
2016-12-05,5.6,7.2,0,2.343,0.012,146.83,47.02714286,115.094,264.502,0.7,5.042857143,8.685714286
2016-12-12,4.8,5.5,0,2.455,0.011,146.6185714,47.03,115.565,268.135,3.1,1.357142857,6.685714286
2016-12-19,4.1,5.3,0,2.525,0.008,146.4014286,47.03142857,115.498,225.821,3.1,2.6,6.314285714
2016-12-26,6,5.5,0,2.583,0.024,146.4357143,47.08857143,101.513,400.818,40.2,3.371428571,7.714285714
2017-01-02,3.7,3.3,0,2.737,0.015,146.72,47.04714286,83.213,363.732,0,1.214285714,5.3
2017-01-09,4.7,4.6,0,2.781,0.016,146.7314286,47.04,79.277,354.152,0,4.528571429,7.528571429
2017-01-16,,,,,,146.6671429,47.05428571,79.17,344.01,0.2,-2.014285714,2.942857143
2017-01-23,,,,,,146.56,47.02857143,79.146,332.099,5.4,-2.185714286,3.242857143
2017-01-30,,,,,,146.44,47.03285714,78.909,238.226,4.6,-0.428571429,3.657142857
2017-02-06,,,,,,146.3214286,47.03285714,79.113,211.453,0.1,1.285714286,4.457142857
2017-02-13,,,,,,146.1885714,47.03,80.698,211.642,1.5,-1.128571429,4.171428571
2017-02-20,3.8,15.5,0,2.543,0.008,146.0442857,47.02428571,82.069,221.318,13.35,3.114285714,7.442857143
2017-02-27,5.2,14.6,0,2.36,0.017,145.99,47.03857143,81.991,333.646,18.6,2.514285714,7.042857143
2017-03-06,7.1,15.9,0,2.453,0.019,145.8728571,47.09142857,107.237,277.686,0.1,5.442857143,10.25714286
2017-03-13,7.5,13.4,0,2.077,0.016,145.6685714,47.03285714,111.354,240.026,0.5,5.771428571,10.65714286
2017-03-20,9.8,12.6,0,2.316,0.016,145.45,47.01285714,111.339,242.724,0.9,8.028571429,14.55714286
2017-03-27,10.8,16.4,0,2.078,0.019,145.2471429,46.96285714,111.539,259.848,14.1,7.885714286,14.35714286
2017-04-03,11.8,14.5,0,2.102,0.022,145.0914286,46.80285714,107.457,288.014,8.8,10.27142857,15.27142857
2017-04-10,14.9,22.8,0,2.209,0.029,145.2342857,47.03857143,102.302,440.605,16.2,14.75714286,18.77142857
2017-04-17,15.8,23.3,26,2.116,0.024,145.6814286,47.03714286,102.318,472.035,38.4,15.37142857,19.2
2017-04-24,15.4,23.2,142,2.348,0.028,146.0642857,47.01,102.326,526.655,1.4,14.62857143,19.57142857
2017-05-01,18.3,20.5,75,2.284,0.025,146.1557143,46.96142857,115.147,250.61,0.6,18.02857143,22.25714286
2017-05-08,20,6.5,0,1.879,0.023,145.88,47.02,192.559,219.772,0,19.31428571,24.94285714
2017-05-15,19,17.8,70,1.516,0.019,145.4828571,47.02,192.556,210.394,12.5,17.35714286,24.88571429
2017-05-22,20.5,7.1,541,1.577,0.022,145.06,47.01857143,192.574,183.479,0,21.75714286,26.72857143
2017-05-29,21.6,10.8,4608,1.513,0.024,144.59,47.01142857,192.666,214.025,7.2,21.27142857,27.55714286
2017-06-05,23.2,17.3,1391,1.262,0.024,144.0557143,47.00142857,236.433,260.712,10.6,22.15714286,27.74285714
2017-06-12,20.5,19.2,355,1.231,0.027,143.4085714,47.01571429,250.65,356.07,13.8,20.6,27.07142857
2017-06-19,23.3,16.6,80,1.184,0.029,142.7028571,47.00571429,255.513,316.364,1,24.28571429,28.97142857
2017-06-26,25.8,7.1,0,1.127,0.017,142,47.01714286,229.638,303.991,38.5,25.34285714,30.37142857
2017-07-03,25.3,10.5,420,1.225,0.027,141.3742857,47.05428571,190.848,646.956,153.5,25.51428571,29.02857143
2017-07-10,25.1,11.3,2866,2.391,0.075,142.7342857,47.03285714,111.362,2316.656,55.4,26.61428571,29.51428571
2017-07-17,21.4,4.9,625,2.375,0.122,143.3,47.18428571,164.052,2436.018,61.3,26.71428571,31.57142857
2017-07-24,27.2,31.7,9820,2.537,0.032,143.9171429,47.04857143,221.727,1095.867,27,28.3,32.41428571
2017-07-31,23.4,3.5,623,2.997,0.087,144.1085714,46.97,95.724,4022.675,107.6,24.92857143,31.42857143
2017-08-07,27.1,31.3,4092,2.847,0.037,144.6471429,47.18714286,223.48,2146.071,9.3,28.07142857,32.12857143
2017-08-14,22.6,5.9,3711,2.192,0.07,144.6171429,47.18428571,264.795,1043.045,57.6,24.65714286,31.3
2017-08-21,24.5,5.3,929,2.847,0.054,146.1328571,47.18571429,64.211,2443.369,64.95,24.32857143,28.97142857
2017-08-28,25,29.4,4038,2.473,0.055,147.6357143,47.11571429,234.435,1999.165,22,25.7,29.12857143
2017-09-04,23.7,41.5,7381,2.291,0.034,147.82,47.13142857,226.285,685.413,4.6,20.48571429,27.52857143
2017-09-11,23.3,12.7,546,2.09,0.022,147.5457143,47.08,207.826,527.164,54.95,21.18571429,27.48571429
2017-09-18,22.6,26.3,2219,2.215,0.03,147.5342857,47.1,100.253,630.855,0,20.67142857,26.27142857
2017-09-25,22.3,24.8,2015,1.849,0.043,147.28,47.05571429,205.848,421.933,2.7,20.01428571,26.41428571
2017-10-02,,,,,,147.0014286,47.15142857,153.977,552.678,72.6,17.45714286,24.41428571
2017-10-09,20.6,28.5,700,2.234,0.028,146.9214286,47.10714286,123.291,519.511,8.9,18.28571429,22.47142857
2017-10-16,18.7,20.7,182,2.094,0.025,146.8128571,47.05714286,103.805,436.247,18.2,15.67142857,21.04285714
2017-10-23,17.5,22.8,265,2.372,0.03,146.7028571,47.01142857,117.588,358.382,0,14.04285714,20.57142857
2017-10-30,15.9,25.6,55,2.703,0.027,146.5114286,47.01571429,99.239,290.054,0,11.71428571,19.31428571
2017-11-06,13.4,41.1,160,2.633,0.025,146.3671429,47.00571429,77.757,279.012,0,10.95714286,16.28571429
2017-11-13,11.9,29.6,80,2.664,0.031,146.2314286,47,65.852,233.666,0.5,9.3,14.77142857
2017-11-20,8.4,29.4,100,2.623,0.027,146.16,47.00714286,58.186,255.775,0.1,4.071428571,9.685714286
2017-11-27,4.9,6.8,85,2.594,0.026,145.9328571,47.00571429,117.095,255.146,3.5,2.2,8.885714286
2017-12-04,5.1,6.3,0,2.69,0.014,145.6685714,47.01,124.63,253.547,0.3,2.5,7.7
2017-12-11,3,5.2,0,2.926,0.011,145.3728571,46.99714286,138.582,257.099,3.9,-0.828571429,4.2
2017-12-18,,,,,,145.0257143,47.01,144.246,250.402,0,-3.457142857,1.757142857
2017-12-25,,,,,,144.6714286,47.05285714,149.874,247.078,15.9,0.742857143,4.857142857
2018-01-01,,,,,,144.3114286,47.02285714,154.063,251.641,0.3,0.214285714,3.3
2018-01-08,,,,,,143.9285714,47.01,154.074,265.246,2.6,-0.528571429,2.457142857
2018-01-15,,,,,,143.5371429,47.01,154.048,238.274,4.2,-4,1.814285714
2018-01-22,,,,,,143.1528571,47.00428571,154.047,241.7,17.2,2.714285714,5.5
2018-01-29,,,,,,142.7428571,47.03285714,154.016,207.828,0,-8.085714286,-1.285714286
2018-02-05,,,,,,142.2928571,47.01571429,164.537,244.485,0,-3.785714286,1.185714286
2018-02-12,,,,,,141.7914286,47.00142857,160.186,229.145,1.3,-3.7,1.7
2018-02-19,,,,,,141.34,47.00571429,152.096,225.677,0.2,1.585714286,5.685714286
2018-02-26,,,,,,140.8957143,47.02,152.094,244.356,2,3.9,8.314285714
2018-03-05,6.6,13.7,0,2.659,0.021,140.5114286,47.00857143,151.939,299.471,74.4,5.585714286,10.02857143
2018-03-12,6.5,10.9,0,2.895,0.036,140.3485714,46.64428571,120.096,865.301,23.7,5.285714286,9.9
2018-03-19,9.5,8.4,0,2.927,0.028,140.4028571,45.47428571,91.606,878.819,40.8,9.242857143,14.85714286
2018-03-26,10.7,7.8,0,3.5,0.034,140.9642857,44.76428571,49.401,1320.656,17.6,8.285714286,13.18571429
2018-04-02,14.6,19.6,0,3.321,0.044,141.2471429,46.17428571,108.951,281.143,0,16.17142857,18.54285714
2018-04-09,9.1,6.7,30,3.231,0.046,141.7014286,47.00428571,100.213,1212.501,63.9,10.2,15.55714286
2018-04-16,12.8,12.6,26,3.259,0.022,142.7642857,46.81714286,0,784.675,26.6,13,18.17142857
2018-04-23,17.5,17.4,40,2.802,0.021,143.5142857,46.77571429,112.911,578.441,37.8,16.37142857,20.9
2018-04-30,17.4,26,284,3.147,0.022,145.0928571,46.97,56.112,1163.826,13.1,16.3,20.45714286
2018-05-07,16.2,19.7,13,2.621,0.022,145.6171429,47.01285714,152.996,766.469,55.2,16.05714286,21.58571429
2018-05-14,18.1,21.8,0,2.542,0.022,145.6528571,47.06714286,207.059,757.635,19.3,16.67142857,22.97142857
2018-05-21,18.3,29.9,108,2.706,0.037,145.8314286,47.07142857,242.633,663.356,6.9,19.81428571,24.68571429
2018-05-28,20.4,28.9,54,2.462,0.022,146.0028571,47.05,297.423,665.985,20,20.58571429,25.54285714
2018-06-04,23.3,24.6,242,1.921,0.035,145.58,47.01428571,224.078,357.751,3.7,23.61428571,27.57142857
2018-06-11,24.1,25.1,535,1.882,0.021,145.1542857,47.06285714,231.232,335.984,0.4,22.12857143,27.37142857
2018-06-18,20.8,10.7,988,1.826,0.021,144.6257143,46.90142857,231.264,461.192,0.2,20.91428571,27.62857143
2018-06-25,24.3,9.6,80,1.822,0.023,144.0557143,46.99142857,231.26,373.491,0.9,25.17142857,29.91428571
2018-07-02,23.5,3.2,141,3.266,0.104,143.9757143,47.07142857,103.848,1418.664,169.5,23.67142857,28.15714286
2018-07-09,22.3,6.4,0,3.237,0.058,147.2828571,47.03857143,18.053,3402.814,29.6,22.22857143,28.28571429
2018-07-16,27.9,35.9,125,2.681,0.023,148.3885714,47.06142857,42.734,836.307,0.1,28.02857143,31.08571429
2018-07-23,31.2,33,3515,1.941,0.022,148.6228571,46.96714286,42.325,398.84,0,29.72857143,34.2
2018-07-30,31.75,35.95,70339.5,1.586,0.026,148.6471429,47.01285714,39.467,291.082,7.65,30.57142857,35.48571429
2018-08-06,30.55,20.2,42110,1.584,0.029,148.5828571,47.07,66.271,315.784,0.05,30.67142857,35.84285714
2018-08-13,27.7,11.7,996,1.627,0.047,148.2842857,47.21285714,169.499,345.459,4.35,29,34.81428571
2018-08-20,24.3,9.9,3880,1.74,0.043,147.9228571,47.21285714,149.489,535.458,7.3,26.92857143,34.02857143
2018-08-27,24.7,8.7,255,1.721,0.032,147.8342857,47.06142857,144.873,965.505,208.5,25.2,32.04285714
2018-09-03,22.7,4.5,288,2.855,0.108,150.8714286,46.99571429,97.491,4331.171,131.1,24.01428571,29.57142857
2018-09-10,22.2,27,1218,3.145,0.048,153.7742857,47.05714286,141.489,3563.213,59.9,21.8,27.47142857
2018-09-17,21.3,53.6,177,2.496,0.024,153.8928571,46.97428571,207.801,662.385,19,20.64285714,26.48571429
2018-09-24,19.6,25.7,65,2.21,0.004,153.7714286,47.10285714,209.806,722.314,46.5,18.88571429,24.95714286
2018-10-01,19.4,18.8,77,2.286,0.005,153.7071429,47.06,198.672,578.793,3.4,16.6,23.37142857
2018-10-08,17.4,3.6,186,2.557,0.095,154.0242857,46.93,65.201,2412.794,153.5,16.61428571,22.08571429
2018-10-15,15.7,23.5,116,2.824,0.033,155.0385714,47.06857143,111.677,758.046,0.1,12.14285714,19.04285714
2018-10-22,15.1,40.1,29,2.632,0.035,154.9714286,46.97857143,149.135,473.834,1.2,11.2,19.05714286
2018-10-29,14.1,13.4,10,2.735,0.026,154.8328571,46.95714286,134.657,363.956,22.1,10.92857143,17.28571429
2018-11-05,11.5,20.1,70,2.817,0.03,154.7,46.98714286,116.83,334.183,0,8.157142857,15.54285714
2018-11-12,12.4,4.9,0,2.722,0.056,154.73,46.98714286,105.223,493.473,24.7,11.11428571,16.05714286
2018-11-19,11.2,13.3,40,2.595,0.016,154.9071429,47.06,105.076,411.443,0,7.985714286,13.41428571
2018-11-26,7.9,16.1,84,2.664,0.019,154.8771429,47.00571429,74.844,339.471,5.1,2.885714286,10.12857143
2018-12-03,6.5,14.1,53,2.878,0.017,154.77,47.01571429,105.576,320.633,9.3,6.142857143,10.6
2018-12-10,5.7,8.9,58,2.697,0.028,154.6828571,47.05285714,105.682,407.635,16.4,0.071428571,5.057142857
2018-12-17,,,,,,154.5914286,47.00714286,105.81,328.134,6.1,-0.8,4.685714286
2018-12-24,,,,,,154.4771429,47.01142857,105.884,294.599,0,3.471428571,6.657142857
2018-12-31,,,,,,154.3314286,47.03285714,105.748,263.452,0,-3.6,1.342857143
2019-01-07,,,,,,154.1442857,47.02428571,118.557,251.884,0,-0.542857143,3.528571429
2019-01-14,,,,,,153.9442857,46.99714286,124.879,226.136,1.9,-0.371428571,4.314285714
2019-01-21,,,,,,153.7357143,47.01428571,129.694,215.387,0.05,0.7,4.514285714
2019-01-28,,,,,,153.5128571,47.01571429,129.993,215.911,0,1.971428571,5.242857143
2019-02-04,,,,,,153.2871429,47.01571429,131.019,234.043,16,1.942857143,5.485714286
2019-02-11,,,,,,153.1342857,47.01,85.027,208.999,0,0.571428571,5.471428571
2019-02-18,3.9,35.8,0,2.61,0.022,153.0257143,47.02,87.469,155.431,0.1,0.742857143,6.385714286
2019-02-25,5.6,25.1,0,2.706,0.029,152.8671429,46.30857143,132.031,449.452,22.3,4.185714286,9.628571429
2019-03-04,9.1,20.3,0,2.647,0.022,152.6457143,45.34714286,147.843,370.329,0.1,7.428571429,11.74285714
2019-03-11,9.3,18.8,0,2.42,0.025,152.3185714,45.93571429,187.463,400.691,2.7,8.028571429,12.45714286
2019-03-18,8.7,26.4,0,2.367,0.013,152.0614286,47.01857143,154.29,250.663,4.6,5.628571429,12
2019-03-25,9.7,21.3,0,2.335,0.017,151.8528571,47.01571429,156.033,292.93,13.3,7.614285714,14.44285714
2019-04-01,10.6,23.8,0,2.23,0.017,151.6928571,47.01714286,132.214,315.562,6.2,9.257142857,14.87142857
2019-04-08,11.5,19.7,0,2.16,0.013,151.6257143,47.01428571,86.982,271.694,0.05,11.51428571,15.9
2019-04-15,11.9,25,23,2.038,0.009,151.5057143,47.09,182.549,475.904,46.8,10.12857143,16.57142857
2019-04-22,15,27.7,43,1.887,0.01,151.3971429,47.06,188.62,408.937,0,16.44285714,20.52857143
2019-04-29,15.8,21,0,1.733,0.021,151.2014286,47.06,188.946,453.861,65.5,12.74285714,20.45714286
2019-05-06,18.7,27.9,24,1.697,0.017,150.9571429,46.94857143,229.759,523.843,0,17.82857143,22.8
2019-05-13,18.8,19.4,0,1.463,0.014,150.5157143,47.02571429,238.22,320.538,0,18.17142857,24.44285714
2019-05-20,20.6,5.8,0,1.45,0.013,150.0457143,47.01,234.358,279.898,25.5,20.31428571,27.12857143
2019-05-27,21.5,29.8,300,1.618,0.041,149.5542857,47.01571429,241.683,316.003,20.7,21.12857143,27.14285714
2019-06-03,20.7,39.3,1868,1.545,0.028,149.0771429,47.03,239.983,394.493,0.15,20.27142857,26.47142857
2019-06-10,21.6,24.7,92,1.669,0.036,148.6242857,47.02285714,238.476,674.866,60.2,21.44285714,27.98571429
2019-06-17,22.3,18.4,0,1.425,0.036,148.5271429,47.06857143,199.722,454.541,0,21.24285714,27.34285714
2019-06-24,23.8,42.5,1111,1.435,0.023,148.1985714,47.02857143,319.745,438.521,5.2,22.95714286,27.71428571
2019-07-01,21.5,12.9,155,1.574,0.042,147.6914286,47.02428571,262.054,575.487,44.1,23.2,28.71428571
2019-07-08,24.4,21.9,5291,1.876,0.053,147.33,47.02857143,255.015,464.334,0,23.94285714,30.32857143
2019-07-15,24.7,15,2511,1.322,0.022,146.8085714,47.03,251.075,380.396,61.05,22.64285714,28.87142857
2019-07-22,23,6.9,18,1.945,0.053,146.6828571,47.01,203.099,998.729,103,24.75714286,29.98571429
2019-07-29,24.7,23,1591,2.076,0.033,148.0357143,47.03,173.571,1469.894,57.25,27.08571429,30.85714286
2019-08-05,27.15,20.45,39700.5,1.797,0.025,148.0214286,47.03,294.156,615.334,0,29.11428571,33.02857143
2019-08-12,27.3,17.45,13179.5,1.312,0.023,147.95,47.04857143,292.167,676.57,25.35,27.54285714,33.04285714
2019-08-19,25.9,13,8160,1.203,0.022,147.8314286,47.03142857,320.212,484.416,5.35,26.72857143,31.88571429
2019-08-26,23.5,12.2,350,1.259,0.036,147.56,47.03857143,284.023,600.34,46.3,24.51428571,30.32857143
2019-09-02,23.2,22.7,2170,1.264,0.031,147.18,47.05714286,272.072,682.492,35.85,21.95714286,28.5
2019-09-09,23.8,12.2,537,1.473,0.034,147.2085714,47.05285714,197.631,795.384,21.55,23.78571429,27.4
2019-09-16,23.3,25.7,1375,1.478,0.033,147.37,47.04,225.697,583.061,5.1,22.38571429,27.62857143
2019-09-23,18.3,4.1,133,2.391,0.095,147.3157143,47.02857143,173.947,1403.223,127.05,18.3,25.38571429
2019-09-30,22,37,1620,2.642,0.033,148.7185714,47.06571429,164.553,1329.896,0,19.91428571,25.17142857
2019-10-07,20.2,3,87,2.889,0.054,150.9242857,47.03428571,59.738,3913.952,177.2,19.27142857,23.92857143
2019-10-14,18.2,23.3,39,2.871,0.046,152.3728571,47.01571429,35.535,589.423,0,14.97142857,20.95714286
2019-10-21,16.9,16.1,0,2.338,0.034,152.63,47.03285714,14.374,483.767,1.2,13.12857143,20.08571429
2019-10-28,16.4,8.3,0,1.927,0.059,152.73,47.06142857,14.208,665.939,0.05,13.52857143,19.81428571
2019-11-04,15.1,5.4,0,1.769,0.037,152.7828571,47.04714286,21.111,645.912,0.05,13.12857143,18.38571429
2019-11-11,13.7,8.4,0,1.946,0.036,152.6785714,47.03142857,131.211,312.988,8.4,10.04285714,16.01428571
2019-11-18,10.4,23.1,0,2.053,0.019,152.4828571,47.09428571,131.502,299.089,24.35,6.628571429,12.94285714
2019-11-25,8.2,3.8,13,2.587,0.019,152.4671429,47.06571429,107.855,439.389,1.5,5.685714286,11.7
2019-12-02,8.6,10.6,0,2.308,0.013,152.3414286,47.04857143,125.715,308.781,12.5,4.985714286,9.314285714
2019-12-09,5.3,6,149,2.329,0.014,152.1928571,47.04428571,105.756,295.389,0.5,0.614285714,6.214285714
2019-12-16,3.7,4.2,0,2.75,0.022,152.0314286,47.05428571,106.446,251.257,1,2.1,8.571428571
2019-12-23,4.4,5.8,38,2.755,0.023,151.8671429,47.02428571,105.683,268.77,1.55,2.171428571,7.614285714
2019-12-30,,,,,,151.6928571,47.03,105.748,261.844,11.9,0.871428571,6.385714286
2020-01-06,,,,,,151.5228571,47.01285714,99.771,244.972,13.1,0.128571429,5.742857143
2020-01-13,4,3.4,113,2.849,0.031,151.7042857,47.17142857,93.724,714.009,39.4,1.928571429,5.771428571
2020-01-20,2.8,1.4,0,3.206,0.028,151.7814286,47.05142857,98.786,375.988,0,0.957142857,4.871428571
2020-01-27,4,3.5,0,3.047,0.023,151.6971429,47.01857143,98.879,302.289,8.4,3.471428571,7.714285714
2020-02-03,6.4,5,0,2.722,0.029,151.6285714,47.04714286,98.793,382.916,0.05,3.971428571,7.314285714
2020-02-10,4.1,8.7,0,2.82,0.018,151.5328571,47.01714286,98.578,281.408,0.1,-0.428571429,5.228571429
2020-02-17,6,14.6,0,2.75,0.019,151.4671429,47.03,99.088,322.669,26,4.6,9.957142857
2020-02-24,5.9,13,0,2.716,0.012,151.5114286,47.01714286,97.927,297.048,1.45,3.928571429,8.914285714
2020-03-02,6.9,4.5,8,2.645,0.025,151.6771429,47.14,84.09,782.652,52.1,5.257142857,11.32857143
2020-03-09,8,15.9,0,2.802,0.021,151.7842857,47.05428571,95.466,401.601,1.2,5.071428571,11.02857143
2020-03-16,8.4,20.8,0,2.4,0.024,151.81,47.04,100.97,338.6,7.3,6.157142857,12.25714286
2020-03-23,10.2,15.1,0,2.404,0.018,151.7585714,47.02,104.757,235.834,0,10.94285714,15.27142857
2020-03-30,12.7,16,0,2.109,0.024,151.7057143,46.98142857,97.109,227.592,4.8,10.54285714,17
2020-04-06,13.5,22.9,0,2.154,0.023,151.6314286,45.39714286,104.856,375.321,0,11.11428571,17.54285714
2020-04-13,13.2,14.9,59,1.954,0.027,151.5085714,47.03428571,105.728,141.68,2.05,10.5,17.5
2020-04-20,14.7,11.2,0,1.86,0.029,151.4,47.04857143,105.689,155.382,34.3,12.27142857,18.9
2020-04-27,13.2,11.9,0,1.904,0.017,151.8828571,47.06571429,105.681,186.804,0,10.77142857,17.51428571
2020-05-04,21,6.7,0,1.688,0.019,152.39,47.05857143,159.687,163.421,5.2,19.37142857,23.71428571
2020-05-11,19.4,6.7,0,1.555,0.025,152.11,47.05,200.016,269.868,29.1,16.75714286,24.25714286
2020-05-18,20.9,16.1,0,2.208,0.037,151.9528571,47.12285714,200.01,467.482,68.85,18.2,23.27142857
2020-05-25,21.3,48.2,27,2.341,0.034,152.0071429,47.06142857,192.315,887.223,3.4,16.84285714,22.94285714
2020-06-01,23.5,20.3,0,1.839,0.027,151.8314286,47.07285714,215.734,295.004,0.1,20.67142857,26
2020-06-08,26.9,13.3,1947,1.475,0.028,151.3185714,47.04142857,309.714,326.497,0.05,24.18571429,28.61428571
2020-06-15,26.4,29,975,1.49,0.042,150.7785714,47.11714286,280.772,584.012,102.2,25.17142857,29.81428571
2020-06-22,26.6,4.9,60,1.476,0.03,150.23,47.21142857,308.634,440.265,0.75,23.1,29.31428571
2020-06-29,25.1,6.5,0,1.439,0.034,149.51,47.09714286,400.8,653.802,60.45,22.8,29.25714286
2020-07-06,24.8,44.5,26,1.996,0.036,149.1157143,47.09571429,216.089,1484.98,59.25,21.4,28.54285714
2020-07-13,21.3,3.3,43,2.903,0.068,148.9828571,47.07857143,202.453,1713.318,150,23.3,29.14285714
2020-07-20,26.2,31.5,126,2.896,0.03,150.1471429,47.09714286,151.719,2628.04,37.5,21.74285714,27.68571429
2020-07-27,,,,,,151.0571429,47.06714286,117.737,5510.721,146,22.38571429,28.35714286
2020-08-03,22.4,3.1,146,2.486,0.104,154.6014286,47.06714286,18.666,7267.752,104.35,24.47142857,29.25714286
2020-08-10,,,,,,156.97,47.15142857,2632.679,10850.696,221.5,24.74285714,29.25714286
2020-08-17,25.7,17.4,0,2.17,0.067,156.0685714,47.09857143,2214.229,9205.4,49.75,27.74285714,31.18571429
2020-08-24,24.2,15.9,41,1.898,0.064,155.3985714,47.06285714,552.716,1872.256,0.35,27.08571429,33.27142857
2020-08-31,25.6,10.3,67,1.792,0.092,154.7185714,47.06285714,342.072,2143.039,155.6,26.97142857,31.55714286
2020-09-07,23.2,4.3,4441,1.925,0.075,154.5328571,47.07571429,2156.381,7827.776,136.6,21.88571429,29.11428571
2020-09-14,23.4,5.2,2506,2.185,0.085,156.4714286,47.07428571,63.121,3049.222,9.05,21.08571429,26.62857143
2020-09-21,21.6,7.1,615,2.135,0.093,157.0014286,47,38.963,1575.218,1.8,19.61428571,25.35714286
2020-09-28,22.2,11.7,1300,2.479,0.061,157.1742857,47.00857143,13.822,775.72,0.05,17.24285714,23.87142857
2020-10-05,21,23.6,605,2.488,0.065,157.3114286,47.04428571,13.946,401.388,1.1,17.58571429,23.41428571
2020-10-12,18.9,17.9,694,2.353,0.042,157.3771429,47.02285714,13.919,332.03,0.05,15.15714286,21.44285714
2020-10-19,17.6,24.4,781,2.288,0.039,157.4114286,47.05857143,14.013,266.741,0,12.04285714,19.68571429
2020-10-26,15.6,8.6,271,2.356,0.039,157.3371429,47.11571429,127.61,265.548,1.6,11.31428571,18.27142857
2020-11-02,14.1,25.6,886,2.1,0.035,157.0971429,47.04714286,147.57,264.323,1.6,11.42857143,17.02857143
2020-11-09,11.9,15.8,0,2.129,0.026,156.8957143,47.03714286,119.913,234.764,0.1,8.585714286,14.38571429
2020-11-16,11,10.7,0,2.366,0.031,156.71,47.02857143,120.231,228.306,0,8.928571429,15.54285714
2020-11-23,11.8,12,797,2.72,0.027,156.59,47.02142857,120.215,319.752,26.3,9.2,14.85714286
2020-11-30,8,12.5,149,2.623,0.029,156.4585714,47.03857143,120.172,273.179,0,4.185714286,8.914285714
2020-12-07,5.3,8.7,495,2.8,0.018,156.2757143,47.02857143,122.406,307.016,0,2.114285714,7.271428571
2020-12-14,4.1,7.4,0,2.838,0.022,156.0757143,47.02428571,138.518,303.552,1.5,1.671428571,6.828571429
2020-12-21,,,,,,155.8114286,47.02571429,150.4,281.632,0,-3.142857143,2.257142857
2020-12-28,,,,,,155.5514286,47.03142857,150.47,274.342,0,1.171428571,5.528571429
2021-01-04,,,,,,155.2985714,46.55142857,139.086,386.303,0.7,-3.914285714,0.942857143
2021-01-11,,,,,,155.0542857,47.06285714,130.597,201.986,2.35,-8.171428571,-1.471428571
2021-01-18,,,,,,154.8142857,47.08,130.107,269.274,1.9,-0.042857143,4.414285714
2021-01-25,,,,,,154.5928571,47.08571429,130.59,259.293,6.1,2.285714286,6.314285714
2021-02-01,,,,,,154.3914286,47.06142857,135.293,274.463,13.7,0.471428571,6.428571429
2021-02-08,,,,,,154.1614286,47.04142857,164.265,269.668,0.2,0.642857143,7.157142857
2021-02-15,,,,,,153.9,47.05142857,163.878,241.678,0.9,4.085714286,10.08571429
2021-02-22,5.3,14.5,0,2.421,0.022,153.61,47.03857143,163.703,253.603,0.4,3.342857143,8.157142857
2021-03-01,6.8,31.9,0,2.257,0.02,153.3528571,47.04714286,164.026,254.06,44.4,4.914285714,11.52857143
2021-03-08,7.9,24.2,85,3.386,0.05,153.3685714,47.08857143,165.282,451.592,5,4.685714286,12.14285714
2021-03-15,11.7,26.4,77,2.79,0.031,153.25,47.02714286,165.215,338.32,20.55,8.8,14.97142857
2021-03-22,11.8,38,0,2.546,0.037,153.1557143,47.02285714,165.216,337.795,2.45,9.2,16.11428571
2021-03-29,12.6,28.6,0,2.327,0.033,152.9942857,47.04428571,165.247,353.86,26.4,12.02857143,17.1
2021-04-05,12.1,12.3,200,3.893,0.212,153.2242857,47.12,149.437,1314.487,46.7,12.47142857,18.75714286
2021-04-12,14.8,35.6,255,4.142,0.034,154.1828571,47.04428571,139.887,951.696,22.3,12.28571429,17.88571429
2021-04-19,14.2,46.8,61,2.95,0.045,154.41,47.13571429,171.962,627.539,0.85,11.47142857,18.57142857
2021-04-26,18.7,29,0,2.346,0.028,154.3928571,47.03571429,171.974,431.152,0,17.14285714,22.82857143
2021-05-03,18.2,29.8,22,1.828,0.034,154.2028571,47.02714286,186.677,378.965,5.1,14.4,20.81428571
2021-05-10,17.7,20.4,0,1.743,0.022,154.03,47.04428571,206.303,453.286,25.5,14.88571429,22.38571429
2021-05-17,17.9,8.1,16,3.119,0.158,153.99,47.09,192.021,941.358,71.7,18.31428571,24.12857143
2021-05-24,20.8,28.7,362,2.836,0.047,155.1428571,47.06428571,188.066,1326.954,26,18.9,24.28571429
2021-05-31,20,24,70,2.27,0.028,155.1428571,46.99428571,231.171,715.594,38.9,16.44285714,24.54285714
2021-06-07,23.9,40.6,340,2.078,0.03,154.9314286,47.05857143,307.786,830.426,27.6,20.94285714,26.85714286
2021-06-14,25.7,16.3,263,1.718,0.03,154.5985714,46.89285714,344.057,888.749,19.9,23.95714286,28.34285714
2021-06-21,24.9,46.8,1212,1.634,0.032,153.8657143,46.76142857,559.2,994.123,2.15,22.22857143,27.87142857
2021-06-28,24.1,20.1,0,1.569,0.022,152.9628571,47.00142857,559.482,831.389,7.6,22.24285714,27.3
2021-07-05,23.3,19.6,93,1.604,0.049,152.3371429,47.04714286,319.811,1095.179,45.35,23.81428571,28.58571429
2021-07-12,24.2,4.6,81,2.263,0.068,153.7457143,47.00571429,328.4,4739.395,106.5,24.84285714,29.58571429
2021-07-19,25.8,51,28,2.076,0.037,154.2214286,47.06142857,559.396,2085.804,6.05,26.65714286,32.65714286
2021-07-26,29.3,21.4,0,1.746,0.033,153.6685714,46.98428571,340.088,851.447,0,27.24285714,33.61428571
2021-08-02,30.7,20.2,7920,1.649,0.035,153.2685714,47.04571429,274.235,519.347,144.2,27.67142857,33.6
2021-08-09,28.6,24.6,7375,1.458,0.028,152.8257143,47.06428571,327.091,762.847,15.4,27.24285714,32.72857143
2021-08-16,26,25.9,3347,1.633,0.043,152.3057143,47.05428571,326.795,642.182,57.8,24.17142857,30.94285714
2021-08-23,24.6,24.7,2379,1.502,0.025,151.79,47.1,311.755,558.67,84.25,23.31428571,29.82857143
2021-08-30,22.5,6.2,1822,2.299,0.093,152.6757143,47.10714286,203.595,2647.449,80.6,22.7,28.5
2021-09-06,22.1,17.3,4310,2.889,0.079,154.6742857,47.08714286,210.574,2927.828,72.35,20.81428571,26.8
2021-09-13,23.7,35.8,4326,2.451,0.043,155.3714286,47.01857143,224.507,1385.364,15.6,21.6,27.3
2021-09-20,22.1,19.3,3102,2.213,0.038,155.2628571,47.10857143,239.153,918.378,55.2,20.17142857,26.57142857
2021-09-27,22.2,26.3,879,2.007,0.032,155.08,47.02714286,239.565,805.579,13.25,20.07142857,25.81428571
2021-10-04,23.4,30.5,1470,1.942,0.034,154.8857143,46.97428571,181.592,759.621,33.7,20.34285714,25.84285714
2021-10-11,21.3,43.3,1334,1.958,0.024,154.7985714,47.04571429,138.25,554.183,18.25,20.04285714,24.74285714
2021-10-18,18.1,19.8,711,2.001,0.027,154.8885714,47.09857143,138.276,683.056,21.9,13.38571429,19.61428571
2021-10-25,14.5,11.3,400,2.191,0.029,155.0557143,46.12142857,138.334,628.632,1.3,9.4,16.48571429
2021-11-01,14.9,19.5,411,2.324,0.02,154.9614286,46.43285714,136.201,478.43,0,11.64285714,18.71428571
2021-11-08,14,12.8,106,2.249,0.02,154.8214286,46.68428571,123.588,428.556,18.5,11.34285714,17.37142857
2021-11-15,10.5,5.8,121,2.23,0.024,154.7071429,46.66285714,123.675,429.343,4.4,7.3,12.82857143
2021-11-22,10.3,6.5,0,2.214,0.018,154.5614286,47.02571429,123.611,346.375,0.1,8.4,14.57142857
2021-11-29,7.5,4.8,0,2.158,0.02,154.3857143,47.11714286,123.576,340.848,0.05,4.9,9.5
2021-12-06,5.3,2.5,0,2.262,0.021,154.2542857,47.07857143,123.588,389.344,17.45,2.3,9.228571429
2021-12-13,5.3,11.5,0,2.395,0.019,154.1071429,47.03428571,124.039,309.401,0.05,4.314285714,10.35714286
2021-12-20,4.2,4.1,0,2.301,0.021,153.9314286,47.03428571,123.592,367.687,0.2,2.414285714,5.285714286
2021-12-27,2.4,1.7,0,2.793,0.025,153.7485714,47.04142857,123.648,315.922,0,-0.614285714,4.857142857
2022-01-03,,,,,,153.532,47.04,136.551,340.241,0.5,-1.328571429,3.128571429
2022-01-10,,,,,,153.2857143,47.03428571,153.554,319.302,0,0.685714286,4.657142857
2022-01-17,,,,,,153.0257143,47.03857143,153.578,318.163,0.25,-2.657142857,2.271428571
2022-01-24,,,,,,152.7514286,47.03714286,153.553,313.589,0.05,-0.657142857,4.2
2022-01-31,,,,,,152.4885714,47.02714286,153.532,321.529,1.4,0.342857143,5.557142857
2022-02-07,,,,,,152.2142857,47.02285714,145.126,317.152,0.2,-1.8,3.585714286
2022-02-14,,,,,,151.95,47.02571429,145.107,304.279,0.05,2.7,7.142857143
2022-02-21,,,,,,151.6804286,47.03,145.096,289.715,0,-2.928571429,4.214285714
2022-02-28,,,,,,151.403,47.01857143,145.056,275.49,1.95,2.042857143,7.242857143
2022-03-07,6.6,20,0,2.036,0.041,151.1371429,47.01142857,145.045,272.851,0.6,5.085714286,11.28571429
2022-03-14,10.9,17.2,245,1.89,0.02,150.8957143,47.02142857,145.05,309.022,39.5,10.08571429,15.67142857
2022-03-21,10.4,10.4,0,2.341,0.034,150.8185714,47.15285714,145.053,405.027,27.65,7.242857143,13.85714286
2022-03-28,11.5,6.9,0,3.401,0.111,150.8428571,47.15857143,145.043,667.896,27.1,8.5,14.8
2022-04-04,15.1,26.5,0,2.595,0.026,151.1357143,47.06828571,148.679,624.383,0.9,10,15.52857143
2022-04-11,18.1,12,0,2.003,0.027,151.0042857,47.09,178.293,425.42,0.05,16.12857143,19.97142857
2022-04-18,17.8,20.4,128,1.667,0.025,150.75,47.07,190.076,406.678,18.3,14.21428571,20.75714286
2022-04-25,19.8,13.5,96,1.561,0.024,150.46,47.02285714,190.125,367.976,2.6,17.58571429,22.81428571
2022-05-02,19.4,13.7,0,1.4,0.022,150.1714286,47.08714286,218.458,431.042,34.15,14.74285714,22.45714286
2022-05-09,20.9,14.9,0,1.378,0.024,149.692,47.09857143,289.521,451.46,0.9,17.51428571,23.38571429
2022-05-16,20.8,4.3,0,1.495,0.034,149.1104286,47.07857143,286.168,433.117,0.8,17.62857143,23.85714286
2022-05-23,23.2,8.9,0,1.651,0.019,148.5607143,47.03714286,240.514,410.373,0,21.6,27.41428571
2022-05-30,23.8,14.4,128,1.454,0.021,148.0325714,47.02714286,240.68,374.89,1.1,22.54285714,28.55714286
2022-06-06,22.6,14.8,55,1.511,0.023,147.3571429,47.08142857,335.901,429.38,34.2,21.6,27.47142857
2022-06-13,22.3,16.5,55,1.159,0.029,146.51,47.10142857,351.569,444.319,0.65,19.94285714,26.28571429
2022-06-20,25.9,11,40,1.084,0.015,145.6328571,47.07428571,346.816,486.266,16.6,22.81428571,27.8
2022-06-27,25.9,24.7,345,1.151,0.026,144.7957143,47.16857143,315.618,500.141,37.05,26.9,30.17142857
2022-07-04,29.8,9.7,445,1.078,0.035,144.3957143,47.19142857,270.394,515.002,0.5,28.47142857,30.28571429
2022-07-11,26.9,11.5,1168,1.404,0.049,143.9522857,47.10285714,267.525,503.383,94.55,27.8,31.75714286
2022-07-18,26.6,11.6,602,2.324,0.066,143.8,47.11428571,199.4,757.574,68.5,24.94285714,30.3
2022-07-25,27.7,4.8,150,1.713,0.034,143.8009143,47.13428571,198.836,744.724,36.5,25.35714286,30.55714286
2022-08-01,28.6,12.1,6223,1.518,0.038,143.7271429,47.07714286,188.079,497.775,16.45,26.92857143,32.12857143
2022-08-08,30.1,11.9,3254,1.537,0.031,143.4814286,47.09285714,153.914,408.671,10,28.78571429,32.08571429
2022-08-15,,,,,,144.9616571,47.26028571,153.88,2341.047,98.35,26.51428571,30.82857143
2022-08-22,27.6,20.8,1607,2.846,0.135,146.8560571,47.23885714,153.912,1372.551,44.95,25.84285714,30.68571429
2022-08-29,24.8,42.7,7629,2.178,0.043,147.6842857,47.07314286,153.889,726.939,23.45,22.08571429,28.48571429
2022-09-05,,,,,,148.9130286,47.11228571,135.544,1445.723,78.85,21.51428571,26.65714286
2022-09-12,23.9,63.3,13701,2.93,0.064,150.4996571,47.22285714,128.082,1843.24,70.1,21.34285714,27.1
2022-09-19,24.5,30.1,8264,2.309,0.028,150.6028571,47.13514286,221.928,668.66,0.05,24.34285714,27.22857143
2022-09-26,21.4,31.2,16959,1.998,0.023,150.2942857,47.08085714,237.5,465.621,0.05,17.4,24.72857143
2022-10-03,21.4,33.1,2392,1.83,0.04,149.9,47.14714286,207.836,435.086,22.1,18.64285714,25.84285714
2022-10-10,18.4,26.9,560,2.073,0.037,149.8342857,47.12714286,168.208,546.53,39.95,15.05714286,20.77142857
2022-10-17,18.6,32.3,180,1.926,0.049,149.6557143,47.07857143,168.272,376.443,0.1,14.27142857,20.74285714
2022-10-24,16.3,19.3,140,2.01,0.027,149.3628571,47.03714286,179.604,351.953,0,11.81428571,17.95714286
2022-10-31,15.3,11.7,25,1.984,0.022,148.9942857,47.06114286,194.637,352.003,0,11.55714286,17.54285714
2022-11-07,13.8,10.4,10,1.947,0.033,148.6242857,47.00142857,179.971,345.345,0.05,8.9,16.72857143
2022-11-14,13.2,14.4,148,2.184,0.022,148.2757143,46.91492857,180.088,345.675,5.8,11.52857143,17.22857143
2022-11-21,12.1,11.7,13,1.943,0.023,147.9742857,47.05714286,179.935,354.89,0.15,8.714285714,15.45714286
2022-11-28,11.1,7.3,0,1.974,0.026,147.6866286,47.04857143,179.967,351.59,13.35,7.914285714,13.52857143
2022-12-05,5.7,3.4,0,2.181,0.034,147.5471429,46.96428571,177.506,405.586,10.6,0.171428571,7.128571429
2022-12-12,3.6,1,0,2.507,0.023,147.3137714,46.99571429,176.495,259.423,0.15,2.842857143,6.5
2022-12-19,,,,,,147.1828571,47.10571429,46.246,244.884,4.9,-4.114285714,1.557142857
2022-12-26,,,,,,147.0031429,47.13221429,158.203,254.506,7.2,-4.371428571,1
2023-01-02,,,,,,146.5765714,47.16194286,202.061,221.8,0.05,-0.6,3
2023-01-09,,,,,,146.0642857,47.1,226.764,272.854,1.9,0.057142857,4.9
2023-01-16,,,,,,145.5815429,47.16428571,207.587,292.504,23.6,2.285714286,8.228571429
2023-01-23,,,,,,145.2822857,47.13857143,159.639,255.579,0.05,-1.228571429,2.428571429
2023-01-30,,,,,,144.8886857,47.12285714,159.67,250.674,1.2,-6.057142857,-0.142857143
2023-02-06,,,,,,144.4848571,47.08857143,159.658,281.554,0,0.842857143,5.628571429
2023-02-13,,,,,,144.1189143,47.00428571,147.159,291.83,6.85,2.4,9.257142857
2023-02-20,,,,,,143.8828571,46.87688571,117.008,226.807,0.15,3.457142857,8.3
2023-02-27,6.2,21.8,0,2.353,0.025,143.5300571,46.95,154.373,250.239,0,3.185714286,8.342857143
2023-03-06,8.5,11,0,,,143.1528571,46.97714286,154.458,249.432,0,6.771428571,13.05714286
2023-03-13,11.4,8.4,29,,,142.7669714,46.94337143,156.633,241.913,8.2,11.38571429,17.67142857
2023-03-20,11.9,9.3,0,,,142.37,47.01714286,157.577,242.185,0,9.585714286,14.98571429
2023-03-27,14,7.6,0,,,142.0285714,46.98,151.925,257.974,23.6,11.94285714,18.3
2023-04-03,16.1,7.7,0,1.86,0.033,141.8257143,46.99142857,103.861,215.313,0,13.6,20.34285714
2023-04-10,14.9,10.9,0,1.82,0.048,141.8844,47.00364286,86.5,310.519,21.9,11.82857143,18.3
2023-04-17,15.7,7.4,46,1.955,0.046,142.0485714,47.0274,86.484,246.965,3.65,13.35714286,19.22857143
2023-04-24,17.2,9.1,0,1.829,0.039,141.9728571,47.01662857,86.516,179.812,5,15.3,21.01428571
2023-05-01,19.5,3.2,35,1.861,0.043,141.8328571,47.02428571,97.635,166.512,15.1,13.11428571,20.21428571
2023-05-08,15.4,1.7,0,3.335,0.079,142.1441714,47.02428571,144.628,855.041,71.4,15.61428571,22.3
2023-05-15,22.5,26,30,2.572,0.021,143.4771429,47.01714286,164.238,512.111,0,18.68571429,23.94285714
2023-05-22,22.8,27,0,2.005,0.017,143.3115429,47.01285714,164.374,307.554,0.8,20.57142857,26.42857143
2023-05-29,23,40,446,1.801,0.041,142.9874286,46.99285714,163.929,365.277,76.05,20.3,25.58571429
2023-06-05,24.1,39.8,213,2.214,0.04,142.8028571,47.03104286,170.78,601.163,0.05,21.82857143,26.85714286
2023-06-12,26.8,19.6,2305,1.885,0.04,142.3177714,47.01285714,196.736,332.131,12.55,22.57142857,27.98571429
2023-06-19,27.9,8.9,115,1.404,0.06,141.91,47.03155714,196.654,365.468,1.3,24.15714286,29.05714286
2023-06-26,24.6,11.9,758,1.669,0.144,141.538,47.03324286,196.669,503.869,84.1,23.45714286,28.9
2023-07-03,24.9,8.1,268,3.207,0.117,145.5826,47.01961429,125.909,3310.783,77.3,25.97142857,29.65714286
2023-07-10,23.2,7.5,1245,2.849,0.083,150.0839286,47.04805714,184.616,4834.782,187.6,24.34285714,30.34285714
2023-07-17,,,,,,152.9349571,46.78517143,2197.147,14707.592,231.4,25,29
2023-07-24,,,,,,154.3301714,46.2496,2291.36,7444.721,81.5,25.87142857,30.37142857
2023-07-31,31.4,89,2520,2.133,0.04,152.6962286,46.46298571,293.265,1744.277,16.6,27.25714286,31.74285714
2023-08-07,33.4,11.5,2279,1.879,0.036,152.4042857,46.39078571,329.606,660.563,0.05,29.62857143,33.5
2023-08-14,26.7,4,391,2.349,0.089,153.0792714,46.44012857,221.625,3785.984,179.9,26.02857143,31.71428571
2023-08-21,30.2,25.8,828,2.306,0.038,153.7749714,46.69168571,217.457,883.567,5.75,27.21428571,31.65714286
2023-08-28,27.5,34.1,1555,2.191,0.094,154.14,46.82857143,229.145,1415.153,42.4,26.27142857,30.45714286
2023-09-04,25.8,16.4,1037,2.518,0.087,155.5372571,46.82327143,241.42,3655.494,112.25,24.21428571,28.57142857
2023-09-11,27.8,64.4,16340,1.905,0.058,156.2042857,46.83311429,222.325,743.723,0,23.52857143,29.31428571
2023-09-18,24.5,7.9,385,2.265,0.089,156.1161714,46.82908571,235.209,1157.249,73.5,23.41428571,27.47142857
2023-09-25,22.4,5.5,6574,2.505,0.104,157.5872714,46.83207143,255.88,4928.945,99.55,20.41428571,26.45714286
2023-10-02,18.9,1.7,215,2.334,0.077,158.2482286,46.84,637.611,2285.209,45.1,19.8,24.57142857
2023-10-09,18.7,6.9,0,2.416,0.03,157.4392571,46.82,603.21,1226.652,0.35,15.7,21.97142857
2023-10-16,19.1,17.3,645,2.442,0.026,157.1214286,46.94857143,163.265,531.399,2.4,15.6,21.41428571
2023-10-23,17,43.3,265,2.246,0.039,156.9628571,47.02142857,167.117,423.615,2.55,13.22857143,19.22857143
2023-10-30,16.5,21.5,0,2.062,0.03,156.7571429,47.0461,171.867,410.635,0,13.51428571,20.12857143
2023-11-06,16.6,25,0,2.267,0.023,156.5515429,47.02571429,148.138,366.446,16.2,15.92857143,19.87142857
2023-11-13,11.7,26.1,0,2.074,0.027,156.4542857,47.03571429,140.878,385.236,10.7,6.257142857,13.27142857
2023-11-20,8.5,3.6,0,2.486,0.019,156.3,47.02142857,138.236,323.78,5.7,5.314285714,10.68571429
2023-11-27,8.1,4.5,73,2.688,0.023,156.1157143,47.03688571,138.235,304.03,3.2,4.928571429,10.05714286
2023-12-04,5.6,2.4,0,2.644,0.026,155.9085714,47.03622857,138.259,308.161,0.15,1.728571429,7.614285714
2023-12-11,7.7,2.8,0,2.703,0.025,155.709,47.05364286,138.26,362.976,48.5,6.528571429,11.94285714
2023-12-18,4.2,3.3,0,3.451,0.097,156.0374286,47.03857143,124.486,1239.015,69.3,2.728571429,7.314285714
2023-12-25,,,,,,156.51,47.03857143,137.349,522.442,0.3,-4.442857143,0.557142857
