Date,WT_GJB,Chla_GJB,Cyanocell_GJB,TN_GJB,TP_GJB,WL_UP_SaJB,WL_GJB,Discharge_UP_SaJB,Discharge_GJB,Prec_GJB,Temp_GJB,Forecast_Temp_GJB
2012-01-16,4.8,8.2,0,5.832,0.109,10.89142857,4.26,0,0,0.15,-1.2,4.357142857
2012-01-23,0.7,4.3,0,5.856,0.08,11.20142857,4.26,0,0,4.7,1.085714286,5.814285714
2012-01-30,2.9,7.3,0,5.937,0.091,11.13428571,4.26,0,0,1.4,-2.671428571,1.657142857
2012-02-06,2,7.1,0,5.362,0.078,11.14,4.26,0,0,5.9,-4.3,1.528571429
2012-02-13,4.9,10.4,0,6.567,0.06,11.12142857,4.552857143,0,0,0.35,-2.228571429,2.471428571
2012-02-20,4.7,11.7,0,5.9,0.065,11.13714286,8.221428571,0,0,0.2,-1.285714286,4.157142857
2012-02-27,5.2,24.3,0,5.922,0.062,11.37571429,8.151428571,0,0,1.95,2.3,8.214285714
2012-03-05,6.8,15,0,6.188,0.09,11.49428571,5.352857143,0,0,15,5.757142857,8.885714286
2012-03-12,6.5,9.4,0,5.016,0.074,10.86,4.345714286,0,0,3.55,2.8,9.071428571
2012-03-19,9.4,24.2,0,5.737,0.09,10.64,5.388571429,0,0,4.5,5.8,10.55714286
2012-03-26,8.1,28.7,0,5.018,0.13,10.64,8.082857143,0,0,19.9,5.028571429,10.22857143
2012-04-02,9.5,26.4,0,5.533,0.156,10.89428571,8.088571429,0,0,12.2,9.185714286,13.41428571
2012-04-09,12,12.7,0,3.921,0.051,11.71571429,8.098571429,0,0,15.05,9.6,14.22857143
2012-04-16,14.1,51.5,0,4.093,0.066,10.95714286,8.158571429,0,0,2.8,13.05714286,18.68571429
2012-04-23,12.4,21.6,0,2.728,0.088,11.59,8.512857143,0,0,34,14.58571429,19.51428571
2012-04-30,15.5,36.8,0,2.491,0.06,11.62714286,8.571428571,0,0,13.9,16.91428571,21.78571429
2012-05-07,18.6,120.45,165,2.826,0.094,11.4,8.485714286,0,0,0.5,19.88571429,24.07142857
2012-05-14,18.5,110.9,39,3.658,0.115,11.30714286,8.677142857,0,0,22.55,18.32857143,23.9
2012-05-21,21.05,93.35,273,3.323,0.083,11.28285714,8.748571429,0,0,0.1,18.67142857,24.38571429
2012-05-28,21.8,55.3,250,3.353,0.081,11.52142857,8.727142857,0,0,0,21.75714286,27.25714286
2012-06-04,20.6,87.7,117,2.893,0.075,11.65857143,8.722857143,0,0,1.05,21.92857143,27.17142857
2012-06-11,21.3,121.75,96,2.772,0.097,11.60142857,9.001428571,310.321,155.872,14.35,23.2,28.12857143
2012-06-18,21.85,94.9,206,2.366,0.109,11.56142857,8.735714286,0,0,2.65,23.35714286,27.85714286
2012-06-25,21.95,83.15,152,2.264,0.101,11.60142857,8.817142857,0,0,1,25.15714286,28.6
2012-07-02,24.1,97.3,806,2.256,0.144,11.67857143,8.79,0,0,39.9,24.27142857,27.5
2012-07-09,25.9,21.2,372,2.888,0.152,11.87428571,8.767142857,0,0,123.7,25.07142857,27.98571429
2012-07-16,22.5,6.9,64,3.186,0.126,11.92714286,8.784285714,2771.005,1754.993,108.4,24.64285714,27.42857143
2012-07-23,26.1,21,0,2.955,0.142,12,8.791428571,1928.602,2321.133,45.5,26.61428571,28.91428571
2012-07-30,28.3,49.1,2024,2.183,0.05,11.84428571,8.74,886.036,896.891,0,29.01428571,33.22857143
2012-08-06,28.1,77.3,2326,2.293,0.081,11.78142857,8.785714286,500.049,430.854,0,30.97142857,33.15714286
2012-08-13,24.25,37.15,548,2.432,0.447,11.79285714,8.841428571,1270.012,1713.377,85.8,27.14285714,31.45714286
2012-08-20,23,6.5,327,2.413,0.098,12.24052857,8.822857143,5701.21,6621.853,149.3,27.07142857,30.05714286
2012-08-27,22.65,9.4,579,2.723,0.094,11.87571429,8.941428571,3345.977,4371.508,91.4,25.14285714,30.25714286
2012-09-03,23.65,6.25,2006,2.166,0.082,12.32857143,8.97,6961.745,7722.548,137.8,24.37142857,29.14285714
2012-09-10,22.6,6,778,2.21,0.072,12.08142857,8.734285714,7886.406,9126.708,156.8,21.8,27.27142857
2012-09-17,20.85,9.5,2275.5,2.059,0.113,12.09,8.762857143,4596.177,4812.754,83.8,20.12857143,25.28571429
2012-09-24,21.1,11,3048,2.642,0.077,11.94285714,8.847142857,4383.048,4841.979,0.95,19.78571429,25.14285714
2012-10-01,20.4,100.4,610,3.222,0.071,11.85,8.872857143,1027.344,1104.308,0.4,18.17142857,24.74285714
2012-10-08,19.5,54.1,198,3.201,0.067,11.77571429,8.8,501.173,554.173,0,17.82857143,24.07142857
2012-10-15,18.8,44.1,336,3.812,0.07,11.73714286,8.787142857,435.542,510.328,0.05,14.1,21.92857143
2012-10-22,13.8,11.9,56,3.438,0.072,11.82857143,8.622857143,408.346,485.467,59.65,13.5,20.62857143
2012-10-29,16.4,11.5,248,3.692,0.091,11.83285714,8.897142857,592.184,723.295,21.6,13.21428571,18.34285714
2012-11-05,10.25,5.9,6,3.459,0.049,11.77142857,8.714285714,441.243,496.758,5.8,8.571428571,14.37142857
2012-11-12,11,7.2,152,3.684,0.086,11.61571429,7.788571429,489.575,654.366,32.05,9.785714286,13.74285714
2012-11-19,9.4,4.7,0,3.108,0.068,11.80428571,8.615714286,551.989,649.454,16.1,4.9,10.94285714
2012-11-26,,,,4.278,0.061,11.78571429,8.784285714,483.309,631.151,4,3.385714286,10.18571429
2012-12-03,6.5,3.5,0,3.722,0.047,11.77285714,8.755714286,452.399,549.518,5.3,2.485714286,7.085714286
2012-12-10,3.1,1.6,0,4.05,0.042,11.76291429,8.664285714,475.764,574.105,21.8,-4.1,3.685714286
2012-12-17,3.9,3,0,4.225,0.057,11.78714286,8.617142857,563.039,613.573,19.8,-0.614285714,5.028571429
2012-12-24,2.2,1.7,0,4,0.043,11.79857143,8.62,532.921,610.787,6.65,-3.842857143,2.571428571
2012-12-31,,,,,,11.81285714,8.612857143,531.154,609.68,12,-5.385714286,0.942857143
2013-01-07,1.9,2,0,4.166,0.035,11.80714286,8.562857143,484.157,586.357,7.4,-7.157142857,-0.085714286
2013-01-14,3.2,3.7,0,4.032,0.047,11.77142857,8.514285714,493.534,573.95,0,-3.728571429,3.157142857
2013-01-21,4.5,6.5,0,3.829,0.04,11.73428571,8.631428571,620.817,568.794,35.6,-0.942857143,3.9
2013-01-28,3.2,3.4,0,2.497,0.023,11.92428571,8.92,1042.478,1199.203,3.15,-1.771428571,3.371428571
2013-02-04,3.9,4.1,0,3.037,0.061,11.95857143,8.854285714,1246.752,1553.217,44.2,3.1,6.628571429
2013-02-11,3.3,2.9,36,3.281,0.038,11.74714286,8.571428571,1266.295,1360.362,7.5,-4.2,2.385714286
2013-02-18,4.7,2.9,0,4.268,0.061,11.36714286,7.898571429,706.366,803.57,0.2,0.157142857,4.8
2013-02-25,5.1,4.5,20,4.166,0.068,10.94142857,7.955714286,558.952,643.278,2.65,-0.028571429,5.9
2013-03-04,6.6,10.8,10,4.77,0.058,10.36142857,7.884285714,435.691,541.758,4.6,4.128571429,9.714285714
2013-03-11,10.1,29.1,0,5.363,0.071,9.457142857,7.825714286,335.747,443.054,2.4,8.242857143,14.37142857
2013-03-18,10.3,23.4,160,5.326,0.107,9.498571429,7.954285714,462.501,593.023,45.5,7.442857143,13
2013-03-25,10.2,11.8,30,4.966,0.087,9.252857143,7.91,558.58,647.104,0.2,5.985714286,13.07142857
2013-04-01,10.7,20,0,5.327,0.072,9.03,7.921428571,491.898,521.241,0.15,7.7,13.85714286
2013-04-08,9,17.2,60,4.818,0.104,9.695714286,8.01,499.069,631.201,19.9,9.628571429,15.81428571
2013-04-15,9.9,16.8,0,3.073,0.044,11.74571429,8.8,615.766,698.862,4.2,8.142857143,15.02857143
2013-04-22,11.7,37.8,0,3.696,0.076,11.87571429,8.832857143,702.608,706.53,18.95,11.64285714,17.22857143
2013-04-29,13.2,49.7,0,2.49,0.059,11.85571429,8.825714286,868.164,795.331,43.9,12.54285714,18.67142857
2013-05-06,15.45,76.5,45,2.821,0.045,11.70714286,8.785714286,761.445,735.625,1.25,14.1,19.77142857
2013-05-13,18.65,120.45,57,2.925,0.075,11.75571429,8.861428571,728.978,742.5,21.8,19.37142857,23.92857143
2013-05-20,16.85,75.75,54.5,3.05,0.075,11.84142857,8.812857143,731.462,727.58,32.1,19.08571429,25.22857143
2013-05-27,20.3,90.9,0,2.776,0.057,11.85714286,8.871428571,776.053,796.848,52,21.82857143,27.88571429
2013-06-03,18.35,43.2,0,2.351,0.042,11.85714286,8.93,1137.677,1229.886,3.35,20.17142857,25.45714286
2013-06-10,19.1,56.3,0,2.076,0.024,11.63571429,8.608571429,909.595,958.078,0,24.58571429,29.25714286
2013-06-17,20.5,71.9,0,2.339,0.069,11.85571429,8.852857143,886.087,886.261,4.4,23.3,28.3
2013-06-24,21,19.4,0,2.945,0.061,11.95571429,8.781428571,2556.488,2785.852,87.1,24.24285714,27.97142857
2013-07-01,25,44,0,2.437,0.083,11.97285714,8.818571429,1169.503,1279.487,71.3,25.12857143,29.25714286
2013-07-08,23.1,10.2,0,2.75,0.064,11.95142857,8.798571429,1585.658,1856.421,93.5,25.37142857,27.64285714
2013-07-15,24.5,53,420,2.466,0.097,12.00285714,8.847142857,987.382,1202.556,20.75,27.17142857,30.34285714
2013-07-22,27.4,55.9,1896,2.703,0.062,11.99571429,8.872857143,909.087,1038.785,18.35,27.82857143,30.52857143
2013-07-29,27.4,30.6,720,2.485,0.066,11.94142857,8.828571429,1159.128,1278.447,57.4,26.84285714,30.2
2013-08-05,26.6,8.6,0,2.355,0.093,11.99,8.847142857,1626.915,1819.786,78.8,27.45714286,31.21428571
2013-08-12,27.5,19.2,5128,2.529,0.101,11.98285714,8.904285714,1306.558,1342.445,21.9,29.15714286,33.81428571
2013-08-19,29.4,55.05,15209,1.993,0.063,11.98857143,8.92,597.564,679.284,0,28.97142857,34.1
2013-08-26,27.25,44.1,3722,2.449,0.159,12.03,8.922857143,832.76,947.27,44.9,26.92857143,31.37142857
2013-09-02,25.8,19.4,2265,2.547,0.132,11.99571429,8.864285714,812.679,897.503,9.85,24.7,29.14285714
2013-09-09,23.5,74.5,4385,2.729,0.08,11.94714286,8.814285714,423.782,525.415,3.9,20.95714286,27.54285714
2013-09-16,22.5,6.2,0,2.624,0.175,11.84714286,8.885714286,1448.011,1782.451,97.95,22.27142857,27.37142857
2013-09-23,24.6,49.4,4750,2.664,0.137,11.73714286,8.861428571,657.237,685.673,0,22.9,27.87142857
2013-09-30,20.6,30.5,935,2.866,0.121,11.77,8.81,617.367,681.569,44.7,18.91428571,24.64285714
2013-10-07,20.8,65.4,2160,3.321,0.1,11.74142857,8.807142857,420.147,481.363,4.05,19.65714286,24.3
2013-10-14,19.6,65.25,1357.5,3.043,0.073,11.76142857,8.651428571,412.357,450.408,15.3,18.42857143,23.75714286
2013-10-21,17,61.6,1650,3.423,0.059,11.71571429,8.702857143,338.852,362.483,0.05,13.44285714,20.32857143
2013-10-28,15.65,76.4,257.5,3.2,0.044,11.73,8.738571429,301.339,336.473,0,12.1,19.25714286
2013-11-04,15.2,39.7,0,3.665,0.091,11.79571429,8.717142857,240.885,284.878,2.5,12.51428571,18.7
2013-11-11,13.3,32.3,350,4.041,0.065,11.74714286,8.73,293.622,325.728,18.3,9.871428571,16.3
2013-11-18,9.7,21.1,0,3.753,0.063,11.75571429,8.742857143,275.356,299.834,1.5,5.585714286,12.4
2013-11-25,7.9,8.9,0,4.621,0.072,11.68428571,8.745714286,313.328,347.609,25.1,4.985714286,10.14285714
2013-12-02,6.4,5.1,0,4.458,0.093,11.74285714,8.742857143,370.302,420.143,16.2,2.257142857,7.842857143
2013-12-09,8.9,13.2,0,5.607,0.099,11.70285714,8.712857143,272.128,301.579,15.7,5.2,9.757142857
2013-12-16,4.3,6,0,4.896,0.061,11.76428571,8.762857143,362.109,435.196,14,-0.742857143,5.214285714
2013-12-23,3.5,9.4,0,5.391,0.067,11.76428571,8.737142857,292.307,329.574,3,0.185714286,4.657142857
2013-12-30,,,,,,11.74857143,8.778571429,273.66,278.533,0.4,-0.8,4.757142857
2014-01-06,4.2,17.2,0,5.396,0.045,11.72571429,8.784285714,253.28,255.584,0,1.985714286,6.542857143
2014-01-13,2.6,11.9,0,5.459,0.045,11.73571429,8.767142857,217.18,248.979,0.35,-2.185714286,4.357142857
2014-01-20,2.8,8.6,0,5.593,0.05,11.74285714,8.76,229.176,251.782,3.65,-1.585714286,4.371428571
2014-01-27,3.5,11.3,0,5.552,0.052,11.74142857,8.758571429,236.689,274.329,2.3,0.257142857,6.542857143
2014-02-03,5.3,16.7,0,5.315,0.052,11.75,8.804285714,270.15,312.884,6.95,4.057142857,8.985714286
2014-02-10,3.7,13.3,0,5.405,0.057,11.68,8.701428571,269.78,318.823,2.05,-0.842857143,4.342857143
2014-02-17,5.5,21.2,0,5.583,0.067,11.76571429,8.764285714,248.675,290.871,0.05,2.685714286,6.071428571
2014-02-24,6.1,29.2,0,5.354,0.043,11.66857143,8.634285714,260.83,289.352,0,2.585714286,8.271428571
2014-03-03,9.2,29.9,0,5.457,0.063,10.49,8.078571429,306.629,327.737,0,6.814285714,11.32857143
2014-03-10,7.3,47.2,0,4.836,0.054,10.75285714,8.417142857,163.862,166.939,3.4,2.542857143,9.485714286
2014-03-17,8.7,23,0,5.381,0.093,11.76428571,8.761428571,318.779,392.991,40.85,7.171428571,12.24285714
2014-03-24,12.4,50,0,4.111,0.066,11.76142857,8.767142857,222.955,272.453,1,9.471428571,15.54285714
2014-03-31,15.6,71.85,0,4.447,0.042,11.73857143,8.781428571,276.899,322.37,22,14.81428571,19.21428571
2014-04-07,14.75,47.75,0,3.292,0.043,11.75,8.744285714,240.358,283.023,2.55,10.68571429,18.24285714
2014-04-14,15.9,33.1,0,3.725,0.035,11.77571429,8.761428571,223.614,270.71,0.6,14.41428571,19.27142857
2014-04-21,16.9,27.6,0,3.115,0.039,11.78571429,8.742857143,263.455,306.853,14.9,15.35714286,20.65714286
2014-04-28,16.1,38.9,330,3.849,0.058,11.76285714,8.762857143,287.072,285.291,33.3,16.45714286,22.65714286
2014-05-05,18,40.8,0,2.472,0.072,11.75285714,8.781428571,405.838,399.794,10.4,14.54285714,21.85714286
2014-05-12,17.9,76.3,0,2.192,0.09,11.80571429,8.794285714,434.07,459.329,27.7,16.81428571,22.67142857
2014-05-19,19.8,83.15,0,2.143,0.057,11.78,8.782857143,481.771,506.717,0,20.17142857,25.67142857
2014-05-26,21.6,93,0,2.383,0.075,11.79285714,8.78,481.01,510.227,19.85,21.08571429,27.1
2014-06-02,22.5,103.5,100,2.045,0.09,11.76285714,8.788571429,474.195,508.956,1.25,23.84285714,29.08571429
2014-06-09,21.5,84.7,0,2.082,0.119,11.83,8.867142857,712.105,739.749,54.75,22.2,26.61428571
2014-06-16,22.15,114.9,25,1.972,0.086,11.82571429,8.842857143,717.962,726.894,70.5,21.8,26.85714286
2014-06-23,22.35,104.8,0,2.188,0.091,11.90142857,8.808571429,595.163,648.707,16.9,23.24285714,27.97142857
2014-06-30,24.5,58.1,245,1.868,0.121,11.89571429,8.794285714,597.392,634.869,0.6,24.57142857,28.94285714
2014-07-07,24.4,76.85,1815,2.307,0.09,11.77857143,8.757142857,444.182,482.709,36.2,24.35714286,28.75714286
2014-07-14,26.55,36.95,80990,2.539,0.101,11.78571429,8.794285714,410.486,437.774,13.6,26.24285714,29.82857143
2014-07-21,26.55,32.8,160,2.205,0.162,11.86428571,8.828571429,716.55,796.592,89.05,26.22857143,30.57142857
2014-07-28,26.7,36.3,5395,2.707,0.081,11.82285714,8.822857143,471.724,510.884,9.75,26.45714286,30.51428571
2014-08-04,26.2,68.7,2750,2.204,0.123,11.79857143,8.85,539.194,589.502,54.8,26.75714286,31.08571429
2014-08-11,25.3,106.6,100,2.318,0.097,11.83714286,8.94,716.883,780.713,48.05,24.41428571,30.25714286
2014-08-18,25.2,55.4,0,2.433,0.096,11.78142857,8.85,691.291,789.454,83,23.38571429,29.18571429
2014-08-25,25,12.2,0,2.902,0.081,11.95714286,8.974285714,1194.707,1401.472,83.8,23.98571429,27.88571429
2014-09-01,24.4,96.3,0,2.31,0.09,11.8,8.901428571,796.254,905.282,0.1,23.64285714,27.77142857
2014-09-08,24.1,72.9,0,,,11.89857143,8.918571429,792.444,871.377,42.7,23.11428571,27.61428571
2014-09-15,23.4,69.4,0,2.892,0.086,11.89857143,8.78,571.935,598.746,0.1,21.95714286,27.47142857
2014-09-22,22.1,90.2,0,2.566,0.05,11.94714286,8.78,519.477,557.55,0.05,20.54285714,26.07142857
2014-09-29,22.1,19.8,0,2.23,0.092,11.99571429,8.937142857,1144.898,1258.131,75.3,20.67142857,25.65714286
2014-10-06,19.9,69,0,2.53,0.072,11.93,8.874285714,450.18,512.597,0.2,17.82857143,24.24285714
2014-10-13,19.3,66.3,0,2.29,0.068,11.89428571,8.851428571,360.495,410.429,4.3,17.58571429,23.98571429
2014-10-20,17,43.3,0,3.497,0.085,11.83428571,8.848571429,350.277,391.195,29.95,13.68571429,20.81428571
2014-10-27,16.6,8.9,0,2.733,0.098,11.88,8.957142857,1148.987,1293.811,80.95,13.67142857,20.07142857
2014-11-03,13.8,5.5,20,2.566,0.092,11.93857143,9.007142857,747.754,850.925,58,10.91428571,18.38571429
2014-11-10,13.3,8,0,3.723,0.091,11.83142857,8.808571429,539.183,596.396,0.1,9.871428571,16.04285714
2014-11-17,10.1,4.4,0,3.82,0.044,11.77571429,8.765714286,412.68,445.581,1.85,6.585714286,13.35714286
2014-11-24,10.3,6.8,0,3.739,0.065,11.79142857,8.771428571,405.199,433.657,22.3,6.942857143,13.71428571
2014-12-01,11.1,6.3,0,3.752,0.059,11.78571429,8.804285714,464.618,496.498,16.05,8.571428571,12.38571429
2014-12-08,5.4,2.6,0,3.885,0.036,11.78285714,9.004285714,528.412,536.61,12.8,-2.5,4.057142857
2014-12-15,5.3,3.4,0,4.062,0.041,11.77142857,8.982857143,484.935,513.279,8.5,-0.585714286,4.585714286
2014-12-22,3.9,3.9,0,3.26,0.031,11.79142857,8.814285714,510.132,588.318,10.5,-3.185714286,2.642857143
2014-12-29,,,,,,11.76714286,8.775714286,481.352,526.722,0.35,-0.2,5.671428571
2015-01-05,3,3,0,3.79,0.022,11.77142857,8.768571429,406.842,449.569,7.7,-0.628571429,4.414285714
2015-01-12,4,3.9,0,3.559,0.033,11.77285714,8.76,426.337,476.334,9.85,-1.114285714,5.257142857
2015-01-19,4.1,6.1,0,3.7,0.039,11.78285714,8.76,387.015,413.342,5.7,0.757142857,6.357142857
2015-01-26,4.5,7.9,0,4.058,0.044,11.78142857,8.767142857,407.714,452.245,8.8,2.671428571,7.071428571
2015-02-02,4,5.3,0,4.142,0.04,11.77714286,8.761428571,377.036,412.059,1.25,-1.657142857,5.657142857
2015-02-09,3.7,5.4,0,3.601,0.037,11.75428571,8.702857143,403.232,430.413,0.1,-0.914285714,5.585714286
2015-02-16,4.8,5.7,0,3.398,0.034,11.79714286,8.778571429,460.993,505.296,19.3,3,7.014285714
2015-02-23,7,12.2,0,3.561,0.044,11.80142857,8.772857143,480.112,542.224,7.75,3.942857143,8.642857143
2015-03-02,5.7,12.2,300,3.432,0.038,11.37428571,8.668571429,485.617,550.471,0.65,3.014285714,7.371428571
2015-03-09,7.3,14.4,0,3.26,0.042,10.91571429,8.494285714,356.257,393.501,0.35,3.628571429,9.114285714
2015-03-16,7.6,15.8,55,3.646,0.039,11.70571429,8.638571429,387.814,385.97,0.95,4.685714286,10.72857143
2015-03-23,12.3,41.4,0,3.256,0.071,11.85857143,8.822857143,528.554,551.43,37.4,11.12857143,16.27142857
2015-03-30,11.6,63.4,0,2.719,0.045,11.78142857,8.744285714,371.952,427.246,0.1,9.828571429,16.44285714
2015-04-06,12.4,26.3,0,2.886,0.059,11.88428571,8.878571429,587.601,658.678,42,12.14285714,18.15714286
2015-04-13,12.7,36,0,3.185,0.041,11.89142857,8.854285714,608.298,705.911,1.6,10.98571429,16.38571429
2015-04-20,12.3,35.1,0,2.518,0.038,11.95714286,8.957142857,704.025,765.404,36.6,11.74285714,18.67142857
2015-04-27,15.6,53.9,0,2.74,0.04,11.91571429,8.937142857,749.52,837.868,0,16.04285714,22.57142857
2015-05-04,17.2,52,0,2.389,0.041,11.91571429,8.848571429,614.6,675.81,25.9,18.97142857,25.2
2015-05-11,15.9,62.3,0,2.12,0.037,11.95571429,8.902857143,715.838,797.375,10.1,16.94285714,24.02857143
2015-05-18,17.05,65.35,0,2.224,0.039,12.00142857,8.955714286,771.899,829.222,10.9,19.07142857,24.51428571
2015-05-25,19.05,64.4,0,2.285,0.035,11.97,8.891428571,701.882,777.677,0.1,19.77142857,26.8
2015-06-01,19,59.2,0,2.211,0.036,11.86571429,8.895714286,641.787,704.279,2.75,22.48571429,29.22857143
2015-06-08,20,85.4,0,2.032,0.04,11.81571429,8.844285714,589.006,672.087,0.1,22.07142857,29.3
2015-06-15,22.7,60.8,0,2.108,0.044,11.79,8.807142857,507.317,587.508,6.9,24.44285714,28.64285714
2015-06-22,22.3,98.2,0,2.253,0.059,11.77142857,8.851428571,546.22,636.765,17.55,23.68571429,28.15714286
2015-06-29,23.6,36.7,0,2.364,0.084,11.83571429,8.895714286,877.945,989.228,94.1,23.6,27.42857143
2015-07-06,25.3,47.5,1158,2.169,0.066,11.78857143,8.78,442.676,511.553,6,23.45714286,28.1
2015-07-13,24.95,91.7,2865,1.786,0.09,11.78285714,8.841428571,530.095,630.752,60.1,23.72857143,27.77142857
2015-07-20,25.25,93.3,1985,1.842,0.07,11.76714286,8.777142857,384.67,468.658,0.45,25.61428571,29.35714286
2015-07-27,26.15,40.8,0,2.915,0.131,11.89,8.93,1106.344,1362.751,48.75,26.58571429,29.41428571
2015-08-03,29,38.7,550,2.255,0.083,11.79285714,8.888571429,585.273,709.436,33.05,28.55714286,31.55714286
2015-08-10,29.9,55.2,9570,1.934,0.091,11.76428571,8.765714286,417.984,503.387,2.3,28.54285714,32.65714286
2015-08-17,27.75,43.2,11601,1.855,0.073,11.76857143,8.774285714,355.953,422.71,0.1,26.58571429,29.91428571
2015-08-24,26.45,105.65,6034,2.009,0.064,11.73142857,8.732857143,362.551,406.867,8.1,25.95714286,29.21428571
2015-08-31,26.45,76.05,7324,1.962,0.096,11.77285714,8.778571429,401.325,476.563,40.1,23.64285714,28.01428571
2015-09-07,25,57.1,4600,2.272,0.117,11.75857143,8.74,303.73,358.718,4.05,23.54285714,27.38571429
2015-09-14,23.25,59.95,1900,2.851,0.176,11.76285714,8.777142857,262.758,313.281,14.6,20.38571429,26.61428571
2015-09-21,23.35,49.75,4062,2.251,0.087,11.76285714,8.755714286,217.228,261.271,0.05,21.22857143,26.11428571
2015-09-28,21.6,79.05,1700,3.106,0.095,11.76428571,8.747142857,207.038,234.054,0,21.65714286,25.92857143
2015-10-05,19.6,133.4,165,3.628,0.111,11.80714286,8.802857143,341.336,422.702,49.8,18.77142857,24.01428571
2015-10-12,18.05,115.3,175,3.052,0.083,11.76571429,8.76,210.65,257.638,17.4,15.82857143,22.35714286
2015-10-19,17.9,73.65,0,3.775,0.044,11.76714286,8.742857143,158.726,193.096,0,16.4,22.74285714
2015-10-26,17.25,121.3,0,3.964,0.063,11.73571429,8.708571429,142.905,184.526,0.05,16.82857143,22.04285714
2015-11-02,13.7,138.6,0,4.63,0.021,11.75714286,8.711428571,195.053,209.968,26.95,9.114285714,16.48571429
2015-11-09,13.1,58.9,0,5.144,0.038,11.76857143,8.762857143,234.823,300.904,39,12.68571429,17.37142857
2015-11-16,13.8,20.5,0,4.749,0.073,11.77142857,8.787142857,351.089,455.502,60.7,12.48571429,15.87142857
2015-11-23,12.5,21.3,0,3.794,0.086,11.77,8.78,365.433,473.263,14.9,11.42857143,14.14285714
2015-11-30,8.6,8.8,0,4.945,0.072,11.76857143,8.754285714,316.662,410.733,11.65,4.471428571,8.342857143
2015-12-07,6.3,6.5,100,5.306,0.062,11.78,8.758571429,300.363,386.076,10.8,3.514285714,8.328571429
2015-12-14,7.2,8.8,0,5.688,0.056,11.77714286,8.771428571,263.934,342.783,20.5,6.685714286,9.728571429
2015-12-21,5.7,8.9,0,5.084,0.045,11.77142857,8.762857143,252.065,330.236,4.75,1.557142857,6.4
2015-12-28,4.8,11.6,0,4.251,0.03,11.77714286,8.765714286,196.857,259.295,2.15,1.742857143,6.928571429
2016-01-04,4.9,22.7,0,5.953,0.039,11.77285714,8.758571429,176.414,240.286,1.6,3.085714286,6.228571429
2016-01-11,5,49.2,0,5.29,0.033,11.77,8.86,160.006,193.247,0.1,-0.114285714,4.485714286
2016-01-18,3.2,28.9,0,7.764,0.067,11.76571429,8.854285714,148.406,227.376,7.55,-0.785714286,3.185714286
2016-01-25,2.7,24.4,0,6.633,0.058,11.77857143,8.798571429,145.267,212.957,2.05,-8.071428571,0.157142857
2016-02-01,1.7,14,0,7.233,0.07,11.77714286,8.827142857,147.846,226.616,2.15,-0.2,4.071428571
2016-02-08,4,21.1,0,6.819,0.082,11.78428571,8.73,137.268,192.858,0.05,-1.242857143,4.742857143
2016-02-15,5.8,23.7,0,7.003,0.08,11.77857143,8.794285714,214.026,285.738,25.6,4.614285714,9.257142857
2016-02-22,5,51.1,0,5.205,0.116,11.77857143,8.767142857,189.265,260.748,0.6,1.971428571,6.1
2016-02-29,5.6,29.2,0,7.058,0.074,11.77428571,8.761428571,180.058,241.726,19.7,1.242857143,7.371428571
2016-03-07,9.5,33.5,0,6.519,0.063,11.54714286,8.528571429,304.48,365.206,34.75,7.185714286,11.25714286
2016-03-14,8.4,47.7,0,5.242,0.088,11.75571429,8.75,216.032,284.609,0.05,2.771428571,11.08571429
2016-03-21,10.3,75.3,0,5.547,0.061,11.76857143,8.778571429,161.43,229.011,5.6,9.5,15.07142857
2016-03-28,12.3,75.2,0,6.875,0.078,11.73857143,8.714285714,148.466,203.567,0,7.771428571,14.82857143
2016-04-04,14,63.1,0,5.23,0.065,11.76571429,8.748571429,120.122,162.234,2.5,14.04285714,18.17142857
2016-04-11,16.4,49,0,4.916,0.111,11.64714286,8.742857143,192.899,260.777,24.5,14.25714286,19.34285714
2016-04-18,14.6,39.4,50,4.017,0.15,11.81428571,8.807142857,474.489,646.44,73.45,14.21428571,20.34285714
2016-04-25,17.4,31,60,3.654,0.059,11.85571429,8.845714286,585.862,795.482,38.4,15.07142857,21.32857143
2016-05-02,18.9,100.9,0,3.753,0.049,11.77,8.772857143,310.243,403.795,22.4,17.01428571,22.21428571
2016-05-09,19.3,95.5,245,2.52,0.056,11.84428571,8.828571429,553.951,682.698,19.8,18.24285714,23
2016-05-16,20.2,72.4,380,2.335,0.058,11.86428571,8.848571429,562.23,664.862,42.1,17.62857143,24.08571429
2016-05-23,19.2,76.2,0,2.335,0.056,11.78285714,8.902857143,650.517,774.314,0,22.2,26.97142857
2016-05-30,18.7,65.2,0,2.123,0.051,11.80285714,8.901428571,662.258,776.201,16.9,20.97142857,27
2016-06-06,20.05,104.35,62.5,2.441,0.069,11.78428571,8.78,542.749,565.589,0.9,21.95714286,28.2
2016-06-13,22.1,108.2,0,2.166,0.069,11.77285714,8.827142857,557.415,630.252,1.45,24.1,28.25714286
2016-06-20,23.1,96.6,0,2.059,0.049,11.77285714,8.791428571,518.672,603.834,10.1,23.78571429,28.52857143
2016-06-27,23.8,166.3,0,1.65,0.052,11.77857143,8.815714286,593.162,700.261,48.9,24.28571429,28.07142857
2016-07-04,,,,,,12.00285714,8.828571429,1812.017,2092.23,269.4,24.08571429,27.92857143
2016-07-11,20.7,9.9,0,2.601,0.094,11.80428571,8.61,5585.903,6043.905,56.7,26.35714286,28.21428571
2016-07-18,20.3,15.8,0,2.408,0.102,11.71428571,8.495714286,1880.62,1828.907,43,24.81428571,28.9
2016-07-25,27.5,47.3,80,2.462,0.06,11.83571429,8.857142857,1153.3,1161.185,0.1,28.24285714,29.27142857
2016-08-01,27.1,88.3,3190,2.338,0.095,11.89714286,8.888571429,657.267,702.328,0.2,28.92857143,31.57142857
2016-08-08,29.2,39.1,8000,2.066,0.084,11.85857143,8.798571429,587.22,633.725,7.85,29.18571429,32.24285714
2016-08-15,30.6,66.15,15410,1.89,0.09,11.73714286,8.787142857,405.797,418.782,7.7,29.71428571,33.48571429
2016-08-22,29.8,82.1,8915,2.119,0.095,11.77428571,8.791428571,365.249,379.55,0.1,30.12857143,32.07142857
2016-08-29,22.9,122.95,2570,1.907,0.028,11.78714286,8.78,465.962,522.043,37.85,24.47142857,30.87142857
2016-09-05,25.4,115.15,1914,2.532,0.087,11.79428571,8.744285714,474.747,534.254,6.5,24.01428571,28.35714286
2016-09-12,25.4,90.7,3740,2.242,0.097,11.77142857,8.764285714,352.345,392.886,33.95,23.7,28.44285714
2016-09-19,21.3,38,0,2.407,0.138,11.78714286,8.81,598.136,682.547,117.25,21.92857143,26.7
2016-09-26,22.1,113.2,100,2.694,0.116,11.75428571,8.75,397.518,473.813,0,20.61428571,25.35714286
2016-10-03,21.4,70.2,0,2.534,0.052,11.77571429,8.905714286,394.526,428.29,50,20.65714286,24.44285714
2016-10-10,18.2,14.5,0,2.345,0.171,11.75857143,8.808571429,684.469,762.88,76.3,17.15714286,23.75714286
2016-10-17,18.1,47.7,0,3.187,0.092,11.77142857,8.81,314.336,374.301,7.8,15.75714286,21.65714286
2016-10-24,17.9,77.4,0,3.744,0.086,11.77285714,8.771428571,258.18,312.301,1.1,16.4,20.88571429
2016-10-31,14.5,85.8,0,3.919,0.133,11.77428571,8.778571429,325.601,385.943,30.35,11.41428571,17.3
2016-11-07,12.4,34.5,0,3.91,0.059,11.78428571,8.722857143,267.879,325.514,2.75,9.628571429,14.14285714
2016-11-14,11.6,20.1,0,5.098,0.078,11.59857143,8.628571429,306.021,335.258,11.7,9.028571429,13.48571429
2016-11-21,11.8,16.3,0,5.108,0.057,10.93857143,8.548571429,340.325,307.478,9.5,9.128571429,14.25714286
2016-11-28,6.8,10,0,4.763,0.05,10.95285714,8.577142857,361.048,328.72,3.55,1.842857143,8.657142857
2016-12-05,7.8,15.1,0,4.459,0.04,10.94428571,8.598571429,357.198,303.652,2.4,4.428571429,8.685714286
2016-12-12,5.7,18.2,0,4.553,0.049,11.36571429,8.6,272.686,258.342,2.45,2.171428571,6.685714286
2016-12-19,4.9,15.6,0,4.749,0.037,11.78142857,8.694285714,212.374,266.118,1.85,2.328571429,6.314285714
2016-12-26,6.5,10.2,0,4.345,0.161,11.71857143,8.49,389.585,466.103,50.2,4.042857143,7.714285714
2017-01-02,4.8,6.4,0,4.903,0.055,11.78285714,8.582857143,281.604,342.6,0.25,0.471428571,5.3
2017-01-09,6.4,15,0,5.28,0.054,11.77714286,8.597142857,244.023,292.559,0.1,5.128571429,7.528571429
2017-01-16,,,,,,11.78142857,8.644285714,216.494,264.412,0.75,-3.342857143,2.942857143
2017-01-23,,,,,,11.77714286,8.64,212.913,259.664,5.15,-2.785714286,3.242857143
2017-01-30,,,,,,11.78285714,8.64,214.625,251.968,9.3,-1.371428571,3.657142857
2017-02-06,,,,,,11.77571429,8.645714286,219.406,251.499,0.6,0.014285714,4.457142857
2017-02-13,3.4,15.9,0,5.094,0.065,11.77285714,8.625714286,214.733,235.22,1.4,-1.542857143,4.171428571
2017-02-20,6.4,23.8,0,5.804,0.094,11.74428571,8.647142857,248.004,292.481,22.6,2.728571429,7.442857143
2017-02-27,6.7,16.3,0,5.225,0.126,9.934285714,8.385714286,381.12,431.696,17.5,2.342857143,7.042857143
2017-03-06,8.3,59.1,0,4.171,0.077,10.78857143,8.625714286,211.413,259.021,2.15,4.685714286,10.25714286
2017-03-13,8.6,105.6,0,4.401,0.062,11.71285714,8.614285714,237.147,292.669,1.25,5.157142857,10.65714286
2017-03-20,10.95,74.4,0,4.172,0.08,9.752857143,8.49,238.575,259.606,0.1,7.542857143,14.55714286
2017-03-27,11.55,101.85,0,4.127,0.046,10.96285714,8.234285714,167.193,171.459,2.6,7.942857143,14.35714286
2017-04-03,12.2,114,0,4.039,0.071,11.74285714,8.738571429,204.037,222.911,6.8,9.885714286,15.27142857
2017-04-10,16.1,117.75,0,3.577,0.09,11.83,8.737142857,292.511,352.333,32.9,14.74285714,18.77142857
2017-04-17,16.7,44.3,0,3.301,0.073,11.85285714,8.714285714,275.482,283.859,41.15,15.15714286,19.2
2017-04-24,16.5,70.4,0,3.129,0.054,11.84285714,8.774285714,284.105,340.168,2.2,13.67142857,19.57142857
2017-05-01,19,44.55,40,,,11.83428571,8.735714286,219.842,239.663,0.45,17.27142857,22.25714286
2017-05-08,19.35,82.5,0,2.312,0.09,11.84285714,8.692857143,296.09,311.253,0.1,19.57142857,24.94285714
2017-05-15,18.35,64.8,0,2.713,0.105,11.83428571,8.765714286,319.892,341.739,14.8,17.34285714,24.88571429
2017-05-22,21,26.7,0,2.511,0.093,11.82,8.764285714,310.596,328.855,0,20.14285714,26.72857143
2017-05-29,21.5,38.4,0,2.616,0.093,11.82714286,8.772857143,329.284,358.688,11,20.51428571,27.55714286
2017-06-05,20.2,92,0,2.106,0.087,11.83714286,8.632857143,383.434,402.169,3.75,21.65714286,27.74285714
2017-06-12,20.2,106.25,0,1.954,0.076,11.83428571,8.555714286,475.09,447.339,14.8,20.82857143,27.07142857
2017-06-19,23.15,63.95,670,2.093,0.086,11.82857143,8.542857143,375.155,342.739,0.05,24.02857143,28.97142857
2017-06-26,24.3,64.6,1890,1.941,0.089,11.83428571,8.558571429,344.712,311.36,4.65,25.18571429,30.37142857
2017-07-03,,,,,,11.83,8.545714286,783.395,797.119,139.5,25.42857143,29.02857143
2017-07-10,,,,3.309,0.132,11.87857143,8.624285714,2094.658,2476.598,203.9,26.42857143,29.51428571
2017-07-17,25.3,5.8,0,3.279,0.117,12.21714286,8.784285714,5424.348,4967.815,34.4,26.87142857,31.57142857
2017-07-24,28.2,67.2,3262,3.022,0.065,11.82428571,8.551428571,1006.691,979.002,2.8,28.52857143,32.41428571
2017-07-31,26.6,14.4,3860,2.806,0.172,11.84,8.568571429,1358.401,1368.414,69.65,27.54285714,31.42857143
2017-08-07,31,60.1,13070,2.566,0.079,11.87428571,8.53,1035.736,1050.482,9.25,29.55714286,32.12857143
2017-08-14,24.55,34.05,1168,2.703,0.137,11.89571429,8.562857143,718.519,769.989,107.6,25.72857143,31.3
2017-08-21,20.8,12.7,4805,2.477,0.119,12.01857143,8.611428571,2296.834,2905.086,88.85,25.05714286,28.97142857
2017-08-28,21.7,6.9,5280,2.15,0.049,11.92285714,8.614285714,3623.57,4512.616,87.8,26,29.12857143
2017-09-04,23.8,61.8,8740,2.833,0.054,11.81142857,8.544285714,1450.059,1627.635,0.5,21.24285714,27.52857143
2017-09-11,22.9,81.7,4200,3.028,0.154,11.8,8.547142857,630.454,673.318,79.2,21.74285714,27.48571429
2017-09-18,22.05,99.45,2415,2.637,0.091,11.85857143,8.56,535.588,544.585,0,21.22857143,26.27142857
2017-09-25,23.2,68.5,4030,3.159,0.042,11.84285714,8.532857143,347.374,327.826,1.25,21.08571429,26.41428571
2017-10-02,,,,,,11.74142857,8.57,435.435,402.707,50.5,18.7,24.41428571
2017-10-09,21,103.4,7340,3.16,0.072,11.82714286,8.531428571,343.219,325.901,1.55,18.95714286,22.47142857
2017-10-16,17.35,103.85,1635,3.792,0.079,11.83285714,8.528571429,323.844,304.306,7.3,15.42857143,21.04285714
2017-10-23,16.8,72.55,0,3.991,0.091,11.84,8.534285714,306.366,282.785,0.05,15.51428571,20.57142857
2017-10-30,15.5,48.9,440,3.535,0.11,11.83285714,8.55,331.495,309.946,0,12.28571429,19.31428571
2017-11-06,13,25.7,0,3.822,0.09,11.80428571,8.557142857,267.618,279.518,0.3,10.18571429,16.28571429
2017-11-13,12.5,21.9,0,4.104,0.061,11.60142857,8.555714286,313.439,291.866,3.9,9.228571429,14.77142857
2017-11-20,8,6.7,0,4.159,0.051,10.23571429,8.53,361.058,310.514,0.25,3.714285714,9.685714286
2017-11-27,7.4,5.8,0,4.368,0.051,9.937142857,8.537142857,251.74,278.134,10.9,3.642857143,8.885714286
2017-12-04,6.2,5.9,0,5.088,0.05,9.921428571,8.552857143,204.198,279.299,0.2,3.028571429,7.7
2017-12-11,5.1,5.6,0,5.514,0.033,9.927142857,8.531428571,152.12,256.496,8.15,-0.014285714,4.2
2017-12-18,,,,,,9.985714286,8.557142857,282.26,270.582,0.1,-3.6,1.757142857
2017-12-25,5.1,12,0,3.333,0.046,10.05714286,8.542857143,347.132,330.563,23.7,0.685714286,4.857142857
2018-01-01,3,5.3,0,5.191,0.061,9.925714286,8.554285714,262.633,264.117,1.75,-0.114285714,3.3
2018-01-08,2.5,7.2,0,5.862,0.063,9.938571429,8.54,261.036,253.743,3.6,-1.114285714,2.457142857
2018-01-15,,,,,,9.908571429,8.51,257.681,257.635,5.3,-3.057142857,1.814285714
2018-01-22,5,16.1,0,6.54,0.14,9.751428571,7.604285714,274.96,372.481,15.15,2.385714286,5.5
2018-01-29,,,,,,8.808571429,7.165714286,188.985,292.795,0.05,-8.642857143,-1.285714286
2018-02-05,,,,,,8.665714286,7.074285714,170.184,267.416,0.1,-4.2,1.185714286
2018-02-12,,,,,,8.662857143,6.928571429,169.112,302.396,2.65,-3.7,1.7
2018-02-19,4.6,15.6,0,6.335,0.074,8.647142857,6.335714286,165.005,296.82,0.9,1.042857143,5.685714286
2018-02-26,5.8,17.7,0,6.358,0.08,8.652857143,5.955714286,162.8,212.611,2.05,3.114285714,8.314285714
2018-03-05,9.6,25.4,0,5.046,0.163,8.835714286,5.377142857,243.076,402.187,66.1,6.428571429,10.02857143
2018-03-12,8.2,13.4,0,4.707,0.104,9.002857143,4.848571429,341.905,682.456,16.5,5.471428571,9.9
2018-03-19,10.5,36,0,4.197,0.107,9.588571429,4.505714286,426.975,515.108,46.7,10.38571429,14.85714286
2018-03-26,,,,4.378,0.084,9.904285714,4.484285714,696.473,592.857,14.1,7.185714286,13.18571429
2018-04-02,16.8,92.9,0,3.905,0.118,9.762857143,4.371428571,274.88,549.468,0,15.82857143,18.54285714
2018-04-09,11.1,18.4,0,4.206,0.124,9.942857143,4.488571429,744.019,585.914,58.5,10.48571429,15.55714286
2018-04-16,12.3,23.1,0,3.462,0.208,9.961428571,4.44,796.155,564.955,51.65,12.81428571,18.17142857
2018-04-23,16.1,37.9,0,3.691,0.114,8.788571429,4.385714286,380.344,431.679,41.6,15.55714286,20.9
2018-04-30,14.1,20.3,0,2.339,0.105,9.025714286,4.575714286,784.266,775.973,3.6,15.78571429,20.45714286
2018-05-07,13.1,23.4,0,2.216,0.138,8.892857143,4.442857143,434.059,559.725,31.5,17.18571429,21.58571429
2018-05-14,15.7,30.8,0,2.869,0.215,8.97,4.461428571,632.799,403.098,25.7,17.07142857,22.97142857
2018-05-21,17.4,14.6,0,3.831,0.113,8.79,4.392857143,542.805,390.007,10.2,20.95714286,24.68571429
2018-05-28,20.3,29.5,0,3.176,0.092,8.741428571,4.388571429,502.055,383.662,28.6,20.27142857,25.54285714
2018-06-04,19.5,50.3,0,2.37,0.163,8.732857143,4.362857143,461.991,374.803,0.1,22.97142857,27.57142857
2018-06-11,19.2,81,0,2.279,0.195,8.755714286,4.358571429,467.722,369.245,0.9,22.95714286,27.37142857
2018-06-18,19.4,104.45,0,2.24,0.113,8.741428571,4.335714286,464.595,365.288,0.15,22.8,27.62857143
2018-06-25,16.45,59.8,100,2.428,0.101,8.742857143,4.37,466.151,378.01,2.3,24.38571429,29.91428571
2018-07-02,18.8,10.4,0,2.794,0.142,9.888571429,5.461428571,3409.766,3428.06,276.4,24.14285714,28.15714286
2018-07-09,18.3,8.8,0,3.204,0.046,9.458571429,4.938571429,3295.669,4070.714,61.75,23.65714286,28.28571429
2018-07-16,30.2,192.4,0,2.704,0.115,8.685714286,4.238571429,691.981,379.134,0.2,28.6,31.08571429
2018-07-23,31.35,176,2826,2.333,0.141,8.447142857,4.127142857,275.216,270.516,0,29.94285714,34.2
2018-07-30,30.8,178.05,12607.5,2.778,0.186,8.481428571,4.138571429,270.678,271.957,1.2,30.55714286,35.48571429
2018-08-06,29.15,181.2,13892.5,2.05,0.076,8.517142857,4.132857143,294.682,271.573,0.05,31.88571429,35.84285714
2018-08-13,29.45,194.7,9920,2.384,0.13,8.502857143,4.118571429,298.574,264.279,0.2,30.75714286,34.81428571
2018-08-20,26.35,148.35,9920,2.654,0.118,8.467142857,4.114285714,284.156,258.59,0.05,29.5,34.02857143
2018-08-27,22.1,6.5,50,2.481,0.107,8.822857143,4.354285714,826.553,826.57,152.65,26.07142857,32.04285714
2018-09-03,22.8,4.9,790,2.204,0.099,10.81571429,7.392857143,5933.503,5927.511,345.7,24.95714286,29.57142857
2018-09-10,22.4,4.9,895,2.757,0.077,10.10285714,8.141428571,5686.954,5673.112,19.85,22.61428571,27.47142857
2018-09-17,23,70,925,3.55,0.057,8.625714286,8.18,391.516,651.046,6.7,22.05714286,26.48571429
2018-09-24,20.9,36.9,160,3.808,0.071,8.661428571,8.125714286,433.28,641.596,33.1,20.08571429,24.95714286
2018-10-01,19.7,28.8,0,3.557,0.095,8.518571429,6.14,333.361,509.923,1.75,18.05714286,23.37142857
2018-10-08,19.2,10.4,0,2.663,0.176,9.23,4.37,1895.176,2028.507,95.5,16.8,22.08571429
2018-10-15,16.3,5.3,0,3.806,0.06,8.83,3.974285714,1321.286,1330.82,0.05,12.75714286,19.04285714
2018-10-22,15.8,9.5,0,3.653,0.045,8.495714286,3.692857143,319.227,410.853,1,12.41428571,19.05714286
2018-10-29,13.2,8.7,0,4.213,0.085,8.478571429,3.684285714,314.321,400.297,35.7,11.21428571,17.28571429
2018-11-05,12.9,7.7,0,4.456,0.048,8.411428571,3.825714286,280.97,354.149,0.05,8.928571429,15.54285714
2018-11-12,12.7,7,0,3.428,0.084,8.582857143,4.378571429,384.005,377.124,39.35,11.3,16.05714286
2018-11-19,10.5,5.7,0,3.723,0.03,8.464285714,4.477142857,318.611,345.432,0,8.142857143,13.41428571
2018-11-26,9.1,6.7,0,4.387,0.046,8.462857143,4.282857143,301.84,325.645,10.5,4.842857143,10.12857143
2018-12-03,8.2,8.9,0,5.09,0.039,8.414285714,4.302857143,270.701,340.433,10.6,7.014285714,10.6
2018-12-10,2.7,2.3,0,4.592,0.034,8.514285714,4.33,349.522,351.756,18.15,-0.742857143,5.057142857
2018-12-17,4.2,3.5,0,5.022,0.055,8.412857143,4.305714286,284.371,290.726,3.25,-0.528571429,4.685714286
2018-12-24,6.4,8.6,0,4.98,0.054,8.385714286,4.304285714,261.148,241.783,1.85,4.214285714,6.657142857
2018-12-31,,,,,,8.365714286,4.317142857,249.016,238.288,0.2,-4.185714286,1.342857143
2019-01-07,1.4,6.1,0,6.148,0.055,8.351428571,4.312857143,235.856,247.398,0.1,-2.014285714,3.528571429
2019-01-14,4.7,16.5,0,5.29,0.05,8.342857143,4.305714286,203.633,238.041,0.5,0.685714286,4.314285714
2019-01-21,3.7,10.6,0,5.689,0.074,8.334285714,4.31,201.219,244.046,0.4,0.228571429,4.514285714
2019-01-28,3.5,8.8,940,5.033,0.058,8.335714286,4.307142857,196.409,235.451,0.8,0.814285714,5.242857143
2019-02-04,6.2,10.1,0,4.44,0.089,8.377142857,4.317142857,219.135,263.557,27.2,1.457142857,5.485714286
2019-02-11,3.3,5.5,0,5.318,0.084,8.351428571,4.311428571,217.621,267.26,0.05,0.142857143,5.471428571
2019-02-18,4.5,9,2240,5.461,0.08,8.338571429,4.307142857,193.191,242.224,0.25,0.442857143,6.385714286
2019-02-25,7.8,12.8,660,5.121,0.067,8.404285714,4.315714286,234.791,280.264,18.85,3.957142857,9.628571429
2019-03-04,9.5,21.2,500,4.703,0.11,8.342857143,4.31,200.476,245.963,0.2,7.3,11.74285714
2019-03-11,9.6,33.3,620,4.697,0.18,8.338571429,4.314285714,191.37,240.967,0.9,7.757142857,12.45714286
2019-03-18,9.3,21.9,0,4.749,0.137,8.362857143,4.322857143,201.8,233.323,1.6,5.914285714,12
2019-03-25,9.5,23.5,0,4.265,0.123,8.382857143,4.327142857,221.333,273.153,26.5,7.042857143,14.44285714
2019-04-01,9.5,64.4,0,4.637,0.185,8.352857143,4.288571429,190.746,233.048,4.8,9.642857143,14.87142857
2019-04-08,13.6,58,0,4.244,0.167,8.324285714,4.29,171.282,233.719,0.8,10.61428571,15.9
2019-04-15,13.4,73.6,0,3.707,0.207,8.418571429,4.317142857,268.596,284.549,36.7,10.71428571,16.57142857
2019-04-22,18.5,119,0,3.857,0.216,8.328571429,4.305714286,188.343,275.623,0.2,16.82857143,20.52857143
2019-04-29,17.2,119,0,4.672,0.285,8.455714286,4.302857143,276.274,333.704,53.9,13.92857143,20.45714286
2019-05-06,16.05,44.3,0,2.764,0.105,8.571428571,4.322857143,354.843,357.05,0.05,17.05714286,22.8
2019-05-13,18.4,74.4,0,3.056,0.102,8.554285714,4.322857143,330.129,353.281,0.05,18.4,24.44285714
2019-05-20,18.6,48.2,0,3.217,0.178,8.59,4.328571429,373.063,391.052,21.05,21.08571429,27.12857143
2019-05-27,20.1,43.7,0,2.686,0.15,8.58,4.322857143,357.407,379.945,14.45,21.81428571,27.14285714
2019-06-03,20.1,93.5,0,3.178,0.12,8.537142857,4.311428571,341.059,368.994,0.25,20.14285714,26.47142857
2019-06-10,22.5,61.1,0,2.792,0.156,8.64,4.378571429,549.764,590.925,62.8,21.67142857,27.98571429
2019-06-17,21.65,142.6,0,2.403,0.12,8.554285714,4.324285714,344.023,389.448,0,21.97142857,27.34285714
2019-06-24,22.65,164.75,0,2.781,0.125,8.514285714,4.312857143,296.724,338.23,0.15,23.58571429,27.71428571
2019-07-01,22.2,179.3,0,2.625,0.1,8.524285714,4.308571429,319.681,364.498,15.05,24.07142857,28.71428571
2019-07-08,22.1,103.9,0,2.61,0.115,8.535714286,3.935714286,342.948,409.123,0.6,25.54285714,30.32857143
2019-07-15,26.4,225.55,0,2.874,0.133,8.494285714,3.791428571,296.793,339.441,34.8,23.55714286,28.87142857
2019-07-22,25.4,161.3,0,2.864,0.118,8.541428571,3.738571429,516.474,526.166,73.05,25.9,29.98571429
2019-07-29,25.9,21.9,0,2.841,0.254,8.914285714,3.988571429,1103.231,1265.806,90.75,27.6,30.85714286
2019-08-05,28.7,120.8,0,2.317,0.105,8.52,3.901428571,346.002,510.099,0.05,29.84285714,33.02857143
2019-08-12,27.3,81.2,0,2.626,0.19,8.607142857,3.77,451.946,547.392,15.05,29.31428571,33.04285714
2019-08-19,26.2,94.8,4490,2.339,0.06,8.567142857,3.752857143,419.067,505.716,15.45,27.28571429,31.88571429
2019-08-26,24.75,94.05,2890,1.993,0.07,8.548571429,3.738571429,400.294,505.832,23.65,25.84285714,30.32857143
2019-09-02,23.6,103.6,190,2.102,0.086,8.585714286,3.761428571,462.886,538.044,60.5,23.2,28.5
2019-09-09,24.1,22.5,0,2.82,0.095,8.695714286,3.801428571,630.384,665.474,43.3,24.61428571,27.4
2019-09-16,24.9,44.4,0,2.719,0.072,8.5,3.71,341.895,478.44,7.15,24.2,27.62857143
2019-09-23,18.5,65,0,3.557,0.318,8.797142857,6.001428571,840.356,1047.797,106.4,19.58571429,25.38571429
2019-09-30,23.5,23.7,0,3.392,0.061,8.577142857,7.54,364.584,598.64,0,21.38571429,25.17142857
2019-10-07,17.8,7.4,0,2.617,0.072,9.454285714,7.514285714,2255.443,2590.501,105.35,20.17142857,23.92857143
2019-10-14,18.6,7.8,0,4.171,0.081,8.828571429,6.27,1200.094,1179.217,0,15.7,20.95714286
2019-10-21,18.1,24.4,0,4.187,0.047,8.521428571,3.705714286,317.323,449.912,0,15.3,20.08571429
2019-10-28,15.6,18.6,0,4.088,0.045,8.644285714,4.318571429,620.324,644.512,0.05,15,19.81428571
2019-11-04,15.9,91.8,0,4.243,0.072,8.421428571,4.331428571,269.922,287.02,0.8,13.54285714,18.38571429
2019-11-11,12.3,122.8,0,4.319,0.071,8.447142857,4.334285714,288.946,293.186,10.9,10.05714286,16.01428571
2019-11-18,12,84.1,0,4.123,0.4,8.714285714,4.514285714,686.381,839.422,82.7,8.685714286,12.94285714
2019-11-25,11.6,5.4,0,4.271,0.061,8.662857143,4.48,722.43,876.403,0.6,6.657142857,11.7
2019-12-02,8.9,8,0,4.846,0.04,8.521428571,4.335714286,355.962,316.805,12.4,5,9.314285714
2019-12-09,5,5.1,0,5.341,0.056,8.481428571,4.332857143,323.121,278.957,0.2,1.057142857,6.214285714
2019-12-16,6.7,10.6,0,5.546,0.028,8.46,4.334285714,301.308,277.186,0.8,5.042857143,8.571428571
2019-12-23,5.8,8.7,0,4.815,0.045,8.452857143,4.328571429,293.852,271.257,2.2,2.771428571,7.614285714
2019-12-30,5.4,8.5,0,4.922,0.063,8.454285714,4.33,293.429,258.916,11.5,1.814285714,6.385714286
2020-01-06,4.7,6.3,0,5.249,0.063,8.457142857,4.325714286,293.679,265.55,10.4,0.4,5.742857143
2020-01-13,5.3,3.4,0,4.943,0.063,8.887142857,4.642857143,1164.317,1029,59.45,2.514285714,5.771428571
2020-01-20,4.9,2.6,0,4.792,0.051,8.537142857,4.345714286,374.923,319.161,0.05,0.7,4.871428571
2020-01-27,7.1,8.8,0,4.516,0.111,8.482857143,4.317142857,316.747,283.497,8.8,4.442857143,7.714285714
2020-02-03,6.2,5.6,0,5.23,0.037,8.477142857,4.342857143,312.663,280.114,0.1,4.028571429,7.314285714
2020-02-10,5.2,4.5,0,5.713,0.039,8.451428571,4.334285714,290.357,264.521,0.8,-0.457142857,5.228571429
2020-02-17,7,12,0,4.613,0.056,8.505714286,4.348571429,325.672,283.803,26.5,5.242857143,9.957142857
2020-02-24,7.9,12.1,0,5.107,0.04,8.484285714,4.344285714,321.699,280.776,4,4.357142857,8.914285714
2020-03-02,8,12.5,0,3.215,0.057,9.078571429,4.597142857,1135.978,1180.487,59.9,6.571428571,11.32857143
2020-03-09,9.8,5.8,0,4.835,0.051,8.605714286,4.388571429,487.72,544.257,1.7,6.228571429,11.02857143
2020-03-16,7.6,8.8,0,2.933,0.033,8.76,4.485714286,689.394,685.864,8.85,5.671428571,12.25714286
2020-03-23,11.2,14.1,0,2.623,0.029,8.831428571,4.584285714,822.595,943.013,0,10.88571429,15.27142857
2020-03-30,10.7,16.2,0,2.466,0.03,8.841428571,4.534285714,859.375,802.859,14,11.38571429,17
2020-04-06,12.6,22.5,0,3.353,0.043,8.58,4.352857143,411.206,499.924,0,10.35714286,17.54285714
2020-04-13,12.2,13.9,0,3.342,0.031,8.524285714,4.338571429,334.333,397.725,1.3,10.04285714,17.5
2020-04-20,14.2,16.7,0,3.673,0.034,8.531428571,4.324285714,334.843,395.411,16.55,13.21428571,18.9
2020-04-27,14.8,40.4,0,3.334,0.046,8.54,4.35,350.213,381.089,0.1,10.84285714,17.51428571
2020-05-04,19.8,37.6,0,2.896,0.044,8.51,4.341428571,327.424,381.793,6.55,18.87142857,23.71428571
2020-05-11,17.2,51.1,0,3.434,0.052,8.52,4.332857143,342.361,427.077,26.85,17.62857143,24.25714286
2020-05-18,20.7,55.7,0,2.691,0.069,8.577142857,4.342857143,368.201,481.462,32.75,18.38571429,23.27142857
2020-05-25,20.8,31,0,2.978,0.065,8.668571429,4.385714286,529.771,645.386,14.4,17.54285714,22.94285714
2020-06-01,23.2,87.2,0,2.318,0.063,8.545714286,3.912857143,359.26,592.336,0.7,20.71428571,26
2020-06-08,23.6,92.2,0,2.936,0.079,8.595714286,3.827142857,414.938,580.045,3.55,24.14285714,28.61428571
2020-06-15,23.7,79.2,0,2.722,0.109,8.808571429,3.975714286,741.882,1265.253,110.4,25.04285714,29.81428571
2020-06-22,25.3,125.4,0,2.642,0.103,8.65,3.798571429,488.406,615.412,0.85,24.4,29.31428571
2020-06-29,23,98.4,0,2.442,0.085,8.664285714,3.778571429,442.215,565.152,52.85,23.82857143,29.25714286
2020-07-06,16.3,31.9,0,2.085,0.079,9.167142857,4.288571429,1357.838,2141.088,25.95,22.31428571,28.54285714
2020-07-13,18.6,7.8,0,2.399,0.06,9.591428571,4.708571429,2271.898,2646.123,171.4,24.15714286,29.14285714
2020-07-20,21.1,9,0,2.177,0.072,9.84,5.257142857,3841.382,5317.713,42.8,23.47142857,27.68571429
2020-07-27,21.9,8.1,75,2.206,0.059,11.32857143,6.885714286,7527.642,9229.189,97,23.4,28.35714286
2020-08-03,22.9,5.7,0,1.991,0.148,13.35714286,8.931428571,17906.273,16140.423,256.6,25.72857143,29.25714286
2020-08-10,,,,,,14.03,9.621428571,22324.3,19621.778,194.3,25.58571429,29.25714286
2020-08-17,25.1,9.6,0,3.152,0.093,11.70428571,7.328571429,15247.915,14106.861,77.4,28.14285714,31.18571429
2020-08-24,26.6,54.3,0,2.747,0.096,8.981428571,4.087142857,991.812,1596.214,11.8,28.21428571,33.27142857
2020-08-31,26.2,7.7,0,2.621,0.214,9.428571429,4.74,2065.668,3820.449,53.8,28.54285714,31.55714286
2020-09-07,20.6,7.1,4840,2.58,0.171,11.56142857,7.234285714,9846.931,10513.056,139.85,23.07142857,29.11428571
2020-09-14,22.8,7.3,4230,2.856,0.088,9.07,4.397142857,1456.513,2775.706,24.8,22.02857143,26.62857143
2020-09-21,21.5,22.3,2930,3.356,0.056,8.794285714,3.91,677.475,1046.639,9.05,20.68571429,25.35714286
2020-09-28,22.1,20.7,4930,,,8.628571429,3.771428571,491.907,531.631,0,19.57142857,23.87142857
2020-10-05,19.9,48.1,1830,3.317,0.048,8.584285714,3.73,418.407,486.707,2.85,18.71428571,23.41428571
2020-10-12,19.1,28.1,0,4.239,0.043,8.514285714,3.698571429,362.046,457.836,0.45,16.9,21.44285714
2020-10-19,15.9,20,1210,4.31,0.048,8.491428571,3.684285714,336.803,447.289,0.05,12.3,19.68571429
2020-10-26,14.2,12.9,225,4.764,0.056,8.482857143,3.677142857,325.413,438.692,0.05,11.88571429,18.27142857
2020-11-02,14.8,15.4,1120,5.022,0.059,8.478571429,3.672857143,320.237,431.609,3.7,12,17.02857143
2020-11-09,11.9,9.6,0,5.201,0.05,8.467142857,3.668571429,317.81,428.298,0.65,8.771428571,14.38571429
2020-11-16,12.4,14.3,0,4.759,0.046,8.435714286,3.657142857,294.123,411.028,0,10.12857143,15.54285714
2020-11-23,10.8,10.3,0,3.932,0.084,8.572857143,3.734285714,406.286,519.216,37.55,10.51428571,14.85714286
2020-11-30,7.3,4.4,0,5.301,0.059,8.457142857,3.665714286,310.861,421.979,0,4.128571429,8.914285714
2020-12-07,6.1,5.5,0,6.346,0.04,8.442857143,3.66,300.39,413.248,0.05,2.028571429,7.271428571
2020-12-14,5.1,7.6,0,5.302,0.044,8.437142857,3.651428571,292.459,406.245,1.6,2.228571429,6.828571429
2020-12-21,2.9,2.9,0,5.54,0.038,8.432857143,3.65,286.19,401.842,0.15,-2.971428571,2.257142857
2020-12-28,5.2,8.8,0,,,8.45,3.65,290.236,285.556,0.1,2.885714286,5.528571429
2021-01-04,1.9,3.7,0,,,8.447142857,3.645714286,283.435,277.768,4.75,-4.128571429,0.942857143
2021-01-11,,,,,,8.425714286,3.615714286,273.311,254.596,3.8,-8.314285714,-1.471428571
2021-01-18,1.9,2,0,5.268,0.044,8.428571429,3.642857143,279.867,270.934,4.7,0.828571429,4.414285714
2021-01-25,7.4,16.6,0,5.592,0.045,8.437142857,3.647142857,289.303,277.322,7.55,4.485714286,6.314285714
2021-02-01,4.3,9.4,0,5.61,0.043,8.445714286,3.65,293.348,278.535,13.8,1.828571429,6.428571429
2021-02-08,5.3,10.9,0,5.485,0.038,8.432857143,3.651428571,290.851,280.039,0.75,1,7.157142857
2021-02-15,8.6,24.2,850,4.877,0.043,8.417142857,3.64,277.651,274.242,1.5,4.928571429,10.08571429
2021-02-22,9,16.2,0,5.215,0.042,8.418571429,3.64,274.804,270.575,3.9,3.814285714,8.157142857
2021-03-01,8.9,113.3,0,4.8,0.117,8.504285714,3.664285714,285.886,273.492,50.9,6.328571429,11.52857143
2021-03-08,9.4,12.9,0,4.547,0.058,8.572857143,3.758571429,524.784,605.61,3.2,6.242857143,12.14285714
2021-03-15,11.7,23.6,0,4.913,0.07,8.462857143,3.667142857,317.61,293.075,12.25,9.514285714,14.97142857
2021-03-22,10.4,33.4,0,4.024,0.058,8.438571429,3.651428571,290.16,282.571,6.8,9.971428571,16.11428571
2021-03-29,12.5,30.5,0,3.921,0.061,8.444285714,3.665714286,298.61,287.067,22.35,11.82857143,17.1
2021-04-05,14.8,31.9,1460,3.89,0.1,8.537142857,3.71,372.531,364.602,28.8,14.28571429,18.75714286
2021-04-12,16.7,58.1,0,3.536,0.072,8.517142857,3.852857143,359.091,316.81,15.3,13.58571429,17.88571429
2021-04-19,13.5,76.1,0,3.434,0.068,8.492857143,4.002857143,320.413,530.767,1.85,11.37142857,18.57142857
2021-04-26,18.5,133.8,0,2.819,0.043,8.467142857,3.957142857,301.907,502.229,0.15,18.42857143,22.82857143
2021-05-03,15.7,63.4,0,3.104,0.037,8.525714286,3.984285714,317.85,522.685,5.45,14.48571429,20.81428571
2021-05-10,16.6,130.2,0,2.893,0.077,8.548571429,3.91,348.221,460.139,21.2,15.57142857,22.38571429
2021-05-17,19.4,55.4,0,3.543,0.071,8.708571429,3.942857143,526.725,607.726,51.6,20.4,24.12857143
2021-05-24,20.4,24,0,3.245,0.073,8.697142857,3.947142857,545.904,778.185,13.15,18.71428571,24.28571429
2021-05-31,20.2,15.2,0,3.334,0.081,8.764285714,3.915714286,627.539,748.401,44.3,18.11428571,24.54285714
2021-06-07,21.8,32.7,0,2.72,0.062,8.814285714,3.84,658.179,698.189,25.4,21.84285714,26.85714286
2021-06-14,24.1,120,0,2.181,0.066,8.714285714,3.774285714,518.846,415.237,14.25,25.18571429,28.34285714
2021-06-21,23.1,136.7,0,2.334,0.07,8.662857143,3.744285714,473.644,358.649,3.4,23.17142857,27.87142857
2021-06-28,24.7,164.4,0,1.993,0.074,8.701428571,3.775714286,519.652,454.438,34.45,23.61428571,27.3
2021-07-05,18,40.5,0,1.918,0.062,9.031428571,4.118571429,1144.881,1241.486,90,24.34285714,28.58571429
2021-07-12,19.7,11.7,0,1.977,0.052,9.59,5.027142857,2830.744,3901.684,71.15,26.44285714,29.58571429
2021-07-19,27.8,148,0,2.475,0.083,8.991428571,4.068571429,1092.213,1553.495,17.9,28.3,32.65714286
2021-07-26,29.9,153.8,6390,2.168,0.053,8.511428571,3.674285714,345.58,316.346,0,29.4,33.61428571
2021-08-02,28.1,124.2,1360,2.214,0.065,8.605714286,3.735714286,401.651,406.901,55.25,29.31428571,33.6
2021-08-09,27.3,109.9,1580,1.975,0.048,8.7,3.78,550.307,598.729,17,28.22857143,32.72857143
2021-08-16,26.5,139.7,860,2.164,0.053,8.631428571,3.721428571,430.506,349.934,8.15,26.8,30.94285714
2021-08-23,25.1,68.5,250,2.102,0.072,8.901428571,3.948571429,620.546,642.106,115,24.75714286,29.82857143
2021-08-30,22.2,5.1,0,2.49,0.107,9.738571429,5.204285714,2907.312,4860.986,92.95,23.37142857,28.5
2021-09-06,23.1,8.8,260,3.145,0.074,10.01428571,5.38,4343.114,5288.283,87.35,22.64285714,26.8
2021-09-13,25.4,24.7,1480,3.044,0.054,8.881428571,4.02,951.452,1244.967,6.8,23.07142857,27.3
2021-09-20,22.7,16.4,1740,,,8.862857143,5.861428571,623.816,827.145,5.05,22.75714286,26.57142857
2021-09-27,22.4,6,0,3.205,0.069,8.82,6.947142857,540.415,948.593,44.75,21.71428571,25.81428571
2021-10-04,23.9,35.9,0,3.158,0.063,8.677142857,6.147142857,361.262,674.687,20,21.98571429,25.84285714
2021-10-11,21.2,14.8,0,3.685,0.051,8.555714286,6.921428571,358.962,448.28,22.1,21.2,24.74285714
2021-10-18,15.4,8.2,0,4.038,0.067,8.55,6.048571429,351.836,466.473,15,14.58571429,19.61428571
2021-10-25,15.2,6.4,0,3.982,0.031,8.514285714,4.995714286,354.302,465.409,3.6,10.41428571,16.48571429
2021-11-01,15.6,6.7,0,3.848,0.028,8.48,3.874285714,330.354,399.682,0,12.65714286,18.71428571
2021-11-08,15.1,6.9,240,4.594,0.031,8.491428571,3.665714286,321.174,299.215,10.8,12.82857143,17.37142857
2021-11-15,11.5,5.9,90,4.228,0.029,8.52,3.688571429,375.907,318.518,6.45,7.642857143,12.82857143
2021-11-22,12.4,7,0,4.337,0.029,8.472857143,3.66,325.5,295.728,3.6,9.6,14.57142857
2021-11-29,8.5,6.1,0,4.503,0.021,8.474285714,3.654285714,328.642,292.156,0.25,5.314285714,9.5
2021-12-06,6.2,3.3,0,4.514,0.032,8.591428571,3.72,427.554,344.613,22.55,3.028571429,9.228571429
2021-12-13,7.3,6.5,0,4.639,0.028,8.494285714,3.665714286,346.644,298.453,1.5,4.685714286,10.35714286
2021-12-20,,,,4.439,0.027,8.485714286,3.66,338.057,296.056,0.7,2.971428571,5.285714286
2021-12-27,1.2,3.3,0,4.66,0.022,8.474285714,3.65,325.999,289.446,0.15,-0.814285714,4.857142857
2022-01-03,2,2.5,0,5.074,0.029,8.454285714,3.641428571,312.761,281.114,0.7,-1.685714286,3.128571429
2022-01-10,4,7.3,0,5.161,0.029,8.445714286,3.634285714,304.182,277.119,0.1,0.057142857,4.657142857
2022-01-17,3,6.9,0,5.307,0.029,8.438571429,3.634285714,299.621,274.483,0.85,-2.742857143,2.271428571
2022-01-24,5,8.2,0,5.671,0.039,8.438571429,3.63,296.768,273.247,0.1,-0.171428571,4.2
2022-01-31,3.9,4.3,0,5.57,0.038,8.437142857,3.628571429,298.35,273.729,0.5,0.128571429,5.557142857
2022-02-07,2.5,5.5,0,6.341,0.035,8.424285714,3.625714286,289.279,268.377,0.2,-1.985714286,3.585714286
2022-02-14,6.2,11.6,0,5.8,0.033,8.427142857,3.624285714,289.145,269.152,0.05,2.928571429,7.142857143
2022-02-21,3.2,5.4,0,5.792,0.03,8.428571429,3.627142857,291.998,269.81,0.25,-2.528571429,4.214285714
2022-02-28,6.8,9.8,0,5.741,0.035,8.427142857,3.622857143,289.541,270.064,1.45,1.957142857,7.242857143
2022-03-07,7.3,11.1,0,5.308,0.039,8.424285714,3.627142857,288.047,269.94,0.65,5.214285714,11.28571429
2022-03-14,13.2,25,190,5.009,0.047,8.481428571,3.647142857,318.535,283.793,27.8,10.78571429,15.67142857
2022-03-21,9.4,16.5,220,4.708,0.058,8.538571429,3.688571429,382.012,315.277,22.65,7.314285714,13.85714286
2022-03-28,12.2,17.9,0,3.917,0.078,8.558571429,3.717142857,410.545,330.778,22.85,8.728571429,14.8
2022-04-04,14.4,33.4,0,3.516,0.045,8.494,3.68,349.369,308.477,0.25,10.38571429,15.52857143
2022-04-11,17.7,68.6,0,3.259,0.057,8.442,3.647714286,298.024,285.71,0.7,15.14285714,19.97142857
2022-04-18,17.1,68.3,0,3.177,0.063,8.545428571,3.690857143,388.888,319.056,31.2,14.28571429,20.75714286
2022-04-25,19.9,104.3,0,2.622,0.061,8.458,3.641428571,316.992,287.372,6.7,17.27142857,22.81428571
2022-05-02,17.2,113,0,2.264,0.066,8.577714286,3.701428571,406.711,324.033,31.1,15.41428571,22.45714286
2022-05-09,18.6,79.4,0,2.272,0.051,8.558,3.668285714,370.939,313.941,3.6,17.37142857,23.38571429
2022-05-16,18.5,79.9,0,2.467,0.051,8.550571429,3.656285714,357.911,311.872,0.05,18.14285714,23.85714286
2022-05-23,21.9,63.3,0,2.386,0.043,8.548571429,3.667428571,363.654,316.029,0,21.24285714,27.41428571
2022-05-30,22.8,69.1,0,2.255,0.046,8.533142857,3.669714286,364.412,317.908,4.55,22.02857143,28.55714286
2022-06-06,18.1,95.9,0,2.011,0.028,8.64,3.7,420.927,324.398,9,22.14285714,27.47142857
2022-06-13,21.7,81.3,0,1.783,0.041,8.671428571,3.716,454.321,346.039,0.35,22.24285714,26.28571429
2022-06-20,22.4,71.8,0,1.983,0.035,8.715428571,6.480142857,352.369,537.276,42.95,22.88571429,27.8
2022-06-27,25.1,74.2,0,1.927,0.057,8.805142857,7.522471429,389.562,713.808,44.1,26.98571429,30.17142857
2022-07-04,29.3,43,0,2.292,0.085,9.036285714,7.288285714,942.76,1353.455,60.25,28.17142857,30.28571429
2022-07-11,27.8,75.3,1390,2.227,0.073,8.596,4.820571429,337.574,582.245,28.25,27.95714286,31.75714286
2022-07-18,26.3,63.3,4600,2.464,0.098,8.713428571,3.849142857,533.258,515.93,68.55,25.48571429,30.3
2022-07-25,25.8,55.2,980,3.21,0.084,8.734571429,3.870571429,625.534,900.959,34.05,25.54285714,30.55714286
2022-08-01,27.7,56.9,4260,2.129,0.06,8.607428571,3.738857143,401.856,398.704,30.05,28.11428571,32.12857143
2022-08-08,28,85.3,1970,1.71,0.053,8.654285714,3.760857143,446.533,414.857,4.7,29.07142857,32.08571429
2022-08-15,25,6.7,100,,,10.53914286,6.194714286,5560.522,6536.6,290.1,26.54285714,30.82857143
2022-08-22,25.8,9.2,2100,2.519,0.075,9.174,4.487428571,1676.672,2019.945,124.75,26.38571429,30.68571429
2022-08-29,21.4,18,445,2.426,0.034,9.079428571,4.168,1134.228,1083.177,34.95,22.14285714,28.48571429
2022-09-05,24.1,18.6,1655,1.762,0.041,9.862142857,5.158857143,2607.361,2987.023,84.05,22.22857143,26.65714286
2022-09-12,22.2,7.1,595,2.749,0.058,9.746857143,5.160142857,4455.158,4288.327,43.35,22.12857143,27.1
2022-09-19,27.3,77.3,0,2.902,0.044,8.67,3.822,527.607,503.716,0.4,25.58571429,27.22857143
2022-09-26,21.6,95.3,2600,2.952,0.047,8.616,5.327142857,362.348,393.439,0.05,18.4,24.72857143
2022-10-03,22.2,16.8,0,3.206,0.128,8.579142857,7.394285714,299.229,483.364,27.3,20.11428571,25.84285714
2022-10-10,17.2,6.4,0,3.382,0.086,8.800285714,7.362571429,598.08,1012.492,62.15,15.45714286,20.77142857
2022-10-17,19.5,9.4,1310,3.537,0.06,8.572,6.94,315.56,571.32,0.05,14.9,20.74285714
2022-10-24,16.5,7,230,3.805,0.036,8.502857143,3.710857143,346.096,355.384,0.05,11.2,17.95714286
2022-10-31,16.2,7.2,0,3.901,0.024,8.4568,3.682857143,301.399,312.516,0,12.55714286,17.54285714
2022-11-07,11.8,6.2,0,4.111,0.025,8.4348,3.664285714,292.768,290.414,0,8.914285714,16.72857143
2022-11-14,15.2,19.6,0,4.476,0.039,8.502085714,3.695571429,331.676,316.556,5.8,12.22857143,17.22857143
2022-11-21,12.7,10.1,0,4.079,0.034,8.447914286,3.671028571,313.032,303.936,3,10.05714286,15.45714286
2022-11-28,10.6,12.7,0,4.207,0.03,8.474542857,3.668314286,301.701,296.787,30.35,8.757142857,13.52857143
2022-12-05,5.3,3.3,0,3.888,0.046,8.538185714,3.724285714,414.72,381.824,6.8,-0.028571429,7.128571429
2022-12-12,6.6,5.1,0,4.172,0.03,8.484414286,3.670128571,326.036,299.533,0.4,2.542857143,6.5
2022-12-19,1.6,2.3,0,4.768,0.032,8.447271429,3.660385714,309.774,289.937,7.45,-4.457142857,1.557142857
2022-12-26,0.8,1.8,0,,,8.437257143,3.651814286,301.808,283.952,7.05,-4.614285714,1
2023-01-02,2.8,3.3,0,5.308,0.03,8.423242857,3.647271429,290.169,277.392,0.15,-1.971428571,3
2023-01-09,4.9,10.3,0,4.944,0.029,8.4274,3.648442857,292.88,277.99,2.9,0.1,4.9
2023-01-16,5.3,14,170,4.5,0.091,8.532985714,3.711557143,379.272,320.15,24.8,3.157142857,8.228571429
2023-01-23,,,,,,8.480528571,3.679742857,339.64,307.411,0.3,-0.971428571,2.428571429
2023-01-30,1.7,2.3,0,5.074,0.032,8.438828571,3.655071429,301.447,284.682,0.95,-5.914285714,-0.142857143
2023-02-06,4.7,6.4,0,5.263,0.032,8.428571429,3.648828571,290.956,274.074,0,0.757142857,5.628571429
2023-02-13,6,10.7,0,4.959,0.03,8.423242857,3.644028571,284.87,277.107,4.1,2.885714286,9.257142857
2023-02-20,6.7,11.7,0,5.011,0.038,8.418571429,3.642342857,279.187,273.675,1.35,3.228571429,8.3
2023-02-27,7.2,9,300,4.831,0.033,8.413885714,3.638971429,277.868,271.358,0,2.042857143,8.342857143
2023-03-06,8.9,17.8,0,,,8.408442857,3.636757143,272.112,265.679,0,5.928571429,13.05714286
2023-03-13,10.2,50,0,,,8.412585714,3.644414286,265.217,277.848,12.4,11.61428571,17.67142857
2023-03-20,11.5,46.2,0,,,8.410257143,3.639614286,269.425,269.607,0,8.985714286,14.98571429
2023-03-27,12.9,197.9,0,,,8.4213,3.655585714,276.418,280.139,11.4,12.32857143,18.3
2023-04-03,15.9,98.1,0,3.48,0.066,8.389985714,3.635071429,249.785,272.578,0,14.27142857,20.34285714
2023-04-10,13.7,105.3,0,3.821,0.068,8.462585714,3.674942857,295.334,300.908,30.6,10.9,18.3
2023-04-17,14.5,84.3,0,2.84,0.046,8.426885714,3.645971429,262.486,286.796,13.3,13.02857143,19.22857143
2023-04-24,18.1,114.1,0,2.919,0.05,8.415057143,3.630128571,260.875,278.069,1.35,16.92857143,21.01428571
2023-05-01,17.5,91.6,0,3.586,0.067,8.411942857,3.629085714,285.569,267.319,9.4,12.84285714,20.21428571
2023-05-08,15.3,20.3,0,2.982,0.067,8.856757143,4.026371429,708.12,1068.342,123.9,16.57142857,22.3
2023-05-15,19.5,51.8,0,2.64,0.032,8.6113,3.740642857,456.251,364.069,0,18.24285714,23.94285714
2023-05-22,19.8,51,0,2.84,0.045,8.619085714,3.725714286,454.688,341.301,5.75,20.5,26.42857143
2023-05-29,20.4,40.4,0,2.646,0.134,8.827542857,3.930771429,654.086,782.476,63.35,20.41428571,25.58571429
2023-06-05,22.4,73.5,0,2.236,0.047,8.6631,3.8,544.803,630.549,0.05,22.02857143,26.85714286
2023-06-12,23.6,115.1,0,2.407,0.053,8.632214286,3.749742857,472.034,360.126,1.95,22.67142857,27.98571429
2023-06-19,24.6,91.4,0,1.963,0.049,8.605957143,3.7274,415.021,345.505,0,24.31428571,29.05714286
2023-06-26,24.9,133.8,0,1.869,0.077,8.754028571,3.841557143,483.58,433.069,59.05,24.45714286,28.9
2023-07-03,27.8,22.4,0,2.874,0.103,8.973628571,4.1148,877.396,1338.815,86.6,26.02857143,29.65714286
2023-07-10,,,,,,9.874557143,5.218571429,2185.43,2686.362,215.5,24.82857143,30.34285714
2023-07-17,,,,,,14.78428571,10.34062857,23712.925,26315.449,416.7,24.65714286,29
2023-07-24,23.4,7.7,0,2.201,0.11,12.34,7.969242857,11582.965,12959.691,99.3,25.65714286,30.37142857
2023-07-31,28.3,45,0,2.67,0.056,9.415714286,4.966414286,2371.156,2961.791,44.8,27.37142857,31.74285714
2023-08-07,30.7,80.2,0,2.319,0.039,8.485714286,3.835971429,316.566,418.942,6.35,29.51428571,33.5
2023-08-14,,,,2.173,0.08,10.53914286,5.813114286,4975.869,5274.244,200.4,26.02857143,31.71428571
2023-08-21,25.9,31.9,290,2.128,0.047,9.191428571,4.486885714,1055.173,1190.842,1.7,27.95714286,31.65714286
2023-08-28,26.9,21.3,4600,2.72,0.099,9.197014286,4.462185714,1233.599,1472.652,68.6,26.18571429,30.45714286
2023-09-04,28,48.2,8608,2.723,0.055,9.003514286,4.071557143,767.868,771.815,49.95,24.35714286,28.57142857
2023-09-11,26.9,101.9,9175,2.139,0.058,8.743371429,3.905985714,473.509,484.656,0,25.05714286,29.31428571
2023-09-18,24.8,4.5,1980,2.706,0.168,9.353757143,7.038642857,1213.726,1723.725,109.65,22.98571429,27.47142857
2023-09-25,22.6,5.1,2803,2.382,0.057,10.3173,8.8362,3688.496,4058.701,159.7,20.5,26.45714286
2023-10-02,21.4,5.7,1055,2.716,0.057,9.743314286,8.777671429,2173.055,2522.463,40.9,19.62857143,24.57142857
2023-10-09,21.3,7.2,1530,2.065,0.057,9.4765,8.7763,1657.311,1935.783,0,16.1,21.97142857
2023-10-16,19.8,40.2,160,3.314,0.036,9.110514286,8.814285714,406.51,634.961,0.05,15.81428571,21.41428571
2023-10-23,17.2,29.6,660,3.791,0.044,9.088571429,8.798571429,395.048,588.658,12.25,13.02857143,19.22857143
2023-10-30,,,,3.441,0.028,9.069985714,8.8,383.565,501.436,0.05,14.47142857,20.12857143
2023-11-06,19.1,17.6,20,3.679,0.032,9.0648,8.772985714,380.327,337.636,19.05,17.91428571,19.87142857
2023-11-13,12.2,22,820,3.34,0.056,9.073385714,8.781428571,408.428,445.538,8.65,5.671428571,13.27142857
2023-11-20,9.4,12.5,100,4.149,0.038,9.006757143,8.659085714,375.34,324.114,9.3,5.1,10.68571429
2023-11-27,8.5,15.2,135,3.981,0.031,8.531828571,7.262457143,221.602,306.716,3.4,5.442857143,10.05714286
2023-12-04,6.5,6.5,0,4.24,0.031,8.5221,7.271042857,217.702,364.433,0.15,1.4,7.614285714
2023-12-11,11.3,13.3,0,4.511,0.032,8.553114286,7.304414286,214.278,357.776,42.3,9.371428571,11.94285714
2023-12-18,7.1,5.5,0,2.219,0.047,9.384442857,7.156457143,1795.441,2129.429,76.95,2.814285714,7.314285714
2023-12-25,4.6,1.5,0,,,8.920514286,5.981685714,1184.388,1239.697,1.35,-4.957142857,0.557142857
