Date,WT_SaJB,Chla_SaJB,Cyanocell_SaJB,TN_SaJB,TP_SaJB,WL_UP_DCD,WL_SaJB,Discharge_UP_DCD,Discharge_SaJB,Prec_SaJB,Temp_SaJB,Forecast_Temp_SaJB
2012-01-16,5.7,10.3,0,,,73.28142857,10.89142857,289.183,0,0.15,-1.2,4.357142857
2012-01-23,2,3.8,0,,,73.07,11.20142857,274.641,0,4.7,1.085714286,5.814285714
2012-01-30,1.1,4.7,0,6.195,0.086,72.87571429,11.13428571,283.791,0,1.4,-2.671428571,1.657142857
2012-02-06,2.3,7,0,5.037,0.069,72.64142857,11.14,290.628,0,5.9,-4.3,1.528571429
2012-02-13,3.5,11.3,0,6.226,0.078,72.38714286,11.12142857,291.197,0,0.35,-2.228571429,2.471428571
2012-02-20,4.5,7.6,0,6.47,0.069,72.13428571,11.13714286,290.668,0,0.2,-1.285714286,4.157142857
2012-02-27,5.3,10.9,0,6.42,0.058,71.88285714,11.37571429,287.912,0,1.95,2.3,8.214285714
2012-03-05,6.9,17.8,0,6.796,0.169,71.63142857,11.49428571,323.096,0,15,5.757142857,8.885714286
2012-03-12,7.3,8.3,0,4.926,0.069,71.44571429,10.86,335.629,0,3.55,2.8,9.071428571
2012-03-19,9.1,16.9,0,5.853,0.073,71.23428571,10.64,336.408,0,4.5,5.8,10.55714286
2012-03-26,8.4,16.3,0,,,71.08714286,10.64,336.24,0,19.9,5.028571429,10.22857143
2012-04-02,9.8,18.7,0,5.635,0.427,71.28428571,10.89428571,350.378,0,12.2,9.185714286,13.41428571
2012-04-09,11.4,14.1,0,4.405,0.087,71.60285714,11.71571429,471.972,0,15.05,9.6,14.22857143
2012-04-16,11.9,21.7,0,3.535,0.051,71.44,10.95714286,494.341,0,2.8,13.05714286,18.68571429
2012-04-23,12.9,12.9,0,2.828,0.05,70.89142857,11.59,802.211,0,34,14.58571429,19.51428571
2012-04-30,15.5,51.1,0,,,70.24428571,11.62714286,983.422,0,13.9,16.91428571,21.78571429
2012-05-07,18.05,92.9,94,3.441,0.115,69.77571429,11.4,414.714,0,0.5,19.88571429,24.07142857
2012-05-14,16.9,42.25,107,4.584,0.135,69.41571429,11.30714286,383.718,0,22.55,18.32857143,23.9
2012-05-21,20.6,59.75,186,3.417,0.114,69.11,11.28285714,373.765,0,0.1,18.67142857,24.38571429
2012-05-28,20,73,192,3.459,0.107,68.71571429,11.52142857,380.23,0,0,21.75714286,27.25714286
2012-06-04,17.2,56.25,139,,,68.25285714,11.65857143,482.124,0,1.05,21.92857143,27.17142857
2012-06-11,19.55,60.05,133,3.783,0.126,67.55571429,11.60142857,561.636,310.321,14.35,23.2,28.12857143
2012-06-18,20.55,74.75,245,2.517,0.106,66.89142857,11.56142857,554.046,0,2.65,23.35714286,27.85714286
2012-06-25,20.6,65.3,189,2.544,0.124,66.11714286,11.60142857,553.628,0,1,25.15714286,28.6
2012-07-02,24.7,99.2,340,2.78,0.116,65.30857143,11.67857143,481.233,0,39.9,24.27142857,27.5
2012-07-09,25.8,53.2,0,3.31,0.131,65.79428571,11.87428571,312.752,0,123.7,25.07142857,27.98571429
2012-07-16,22.9,8.1,0,3.122,0.312,67.43857143,11.92714286,312.747,2771.005,108.4,24.64285714,27.42857143
2012-07-23,25.2,9.4,84,2.958,0.105,70.27857143,12,465.319,1928.602,45.5,26.61428571,28.91428571
2012-07-30,25.7,55.3,0,,,71.06571429,11.84428571,476.003,886.036,0,29.01428571,33.22857143
2012-08-06,25.23333333,80.8,1112,2.082,0.075,70.62,11.78142857,501.796,500.049,0,30.97142857,33.15714286
2012-08-13,23.75,22.8,236,2.171,0.15,70.21857143,11.79285714,500.539,1270.012,85.8,27.14285714,31.45714286
2012-08-20,22.45,6.45,83,2.198,0.213,73.83285714,12.24052857,1470.636,5701.21,149.3,27.07142857,30.05714286
2012-08-27,22.9,7.85,777.5,2.4,0.068,74.61285714,11.87571429,1906.065,3345.977,91.4,25.14285714,30.25714286
2012-09-03,24.15,6.35,2366,2.645,0.115,76.57,12.32857143,3132.882,6961.745,137.8,24.37142857,29.14285714
2012-09-10,22.65,7.15,709,3.094,0.08,76.39857143,12.08142857,4933.368,7886.406,156.8,21.8,27.27142857
2012-09-17,21.15,7.4,2915,2.165,0.079,75.72,12.09,3616.773,4596.177,83.8,20.12857143,25.28571429
2012-09-24,20.3,4.7,268,2.175,0.07,76.83142857,11.94285714,2808.004,4383.048,0.95,19.78571429,25.14285714
2012-10-01,21.5,27.1,0,3.927,0.063,75.97428571,11.85,733.367,1027.344,0.4,18.17142857,24.74285714
2012-10-08,19.35,16.85,95,3.842,0.053,75.87,11.77571429,288.399,501.173,0,17.82857143,24.07142857
2012-10-15,19.3,10.9,150,3.609,0.052,75.74571429,11.73714286,288.532,435.542,0.05,14.1,21.92857143
2012-10-22,13.5,19.9,210,3.864,0.177,75.58428571,11.82857143,291.129,408.346,59.65,13.5,20.62857143
2012-10-29,16.1,7.8,66,3.475,0.062,75.57142857,11.83285714,289.33,592.184,21.6,13.21428571,18.34285714
2012-11-05,11.25,5.9,0,4.057,0.079,75.48,11.77142857,303.053,441.243,5.8,8.571428571,14.37142857
2012-11-12,11.3,6.4,96,3.625,0.123,75.34857143,11.61571429,308.734,489.575,32.05,9.785714286,13.74285714
2012-11-19,9.5,5.1,0,3.158,0.064,75.34,11.80428571,308.171,551.989,16.1,4.9,10.94285714
2012-11-26,,,,3.61,0.05,75.26285714,11.78571429,317.057,483.309,4,3.385714286,10.18571429
2012-12-03,7.4,3.8,0,4.21,0.054,75.09142857,11.77285714,327.306,452.399,5.3,2.485714286,7.085714286
2012-12-10,4.1,1.9,0,4.136,0.037,74.88142857,11.76291429,340.665,475.764,21.8,-4.1,3.685714286
2012-12-17,4,2,0,4.334,0.053,74.70857143,11.78714286,343.286,563.039,19.8,-0.614285714,5.028571429
2012-12-24,2.7,2,0,3.598,0.037,74.78857143,11.79857143,387.363,532.921,6.65,-3.842857143,2.571428571
2012-12-31,,,,,,74.52571429,11.81285714,444.242,531.154,12,-5.385714286,0.942857143
2013-01-07,3.5,3,0,4.279,0.043,74.17714286,11.80714286,450.603,484.157,7.4,-7.157142857,-0.085714286
2013-01-14,3.4,5.1,16,4,0.033,73.76714286,11.77142857,451.142,493.534,0,-3.728571429,3.157142857
2013-01-21,3.7,25.1,580,5.213,0.275,73.33285714,11.73428571,486.69,620.817,35.6,-0.942857143,3.9
2013-01-28,4,7.7,0,2.701,0.041,73.15428571,11.92428571,789.135,1042.478,3.15,-1.771428571,3.371428571
2013-02-04,4.3,5.2,68,2.875,0.042,72.48142857,11.95857143,981.47,1246.752,44.2,3.1,6.628571429
2013-02-11,3.7,2.7,0,,,72.06571429,11.74714286,979.17,1266.295,7.5,-4.2,2.385714286
2013-02-18,5.1,4,230,4.907,0.088,71.54428571,11.36714286,461.708,706.366,0.2,0.157142857,4.8
2013-02-25,5.3,7,0,3.954,0.062,71.28857143,10.94142857,421.624,558.952,2.65,-0.028571429,5.9
2013-03-04,7.3,10.6,0,5.351,0.064,71.03142857,10.36142857,347.692,435.691,4.6,4.128571429,9.714285714
2013-03-11,8.8,19.8,6,5.82,0.153,70.93714286,9.457142857,295.548,335.747,2.4,8.242857143,14.37142857
2013-03-18,10,31.3,420,4.278,0.117,71.00857143,9.498571429,292.8,462.501,45.5,7.442857143,13
2013-03-25,9.3,11.5,30,5.289,0.078,71.63714286,9.252857143,292.731,558.58,0.2,5.985714286,13.07142857
2013-04-01,11.1,18.3,44,4.555,0.068,71.77285714,9.03,312.025,491.898,0.15,7.7,13.85714286
2013-04-08,9.3,16,300,3.43,0.029,71.54142857,9.695714286,498.439,499.069,19.9,9.628571429,15.81428571
2013-04-15,9,12.1,10,3.459,0.045,71.16428571,11.74571429,558.278,615.766,4.2,8.142857143,15.02857143
2013-04-22,11.3,22.9,200,4.462,0.119,70.67857143,11.87571429,556.17,702.608,18.95,11.64285714,17.22857143
2013-04-29,13.2,30.6,0,2.725,0.028,70.40428571,11.85571429,563.169,868.164,43.9,12.54285714,18.67142857
2013-05-06,14.8,31.5,35,2.845,0.038,70.19428571,11.70714286,550.421,761.445,1.25,14.1,19.77142857
2013-05-13,16.8,47.05,115,2.721,0.068,69.90285714,11.75571429,545.014,728.978,21.8,19.37142857,23.92857143
2013-05-20,16.45,35.8,43,2.787,0.088,69.68142857,11.84142857,567.48,731.462,32.1,19.08571429,25.22857143
2013-05-27,17.2,49.1,40,2.679,0.059,69.4,11.85714286,565.833,776.053,52,21.82857143,27.88571429
2013-06-03,16.05,25.15,0,2.328,0.017,69.20857143,11.85714286,640.012,1137.677,3.35,20.17142857,25.45714286
2013-06-10,18.3,33.9,0,2.25,0.052,68.29142857,11.63571429,851.03,909.595,0,24.58571429,29.25714286
2013-06-17,19.3,53,0,2.012,0.053,67.08285714,11.85571429,848.833,886.087,4.4,23.3,28.3
2013-06-24,19.9,15.8,20,2.862,0.115,66.9,11.95571429,828.965,2556.488,87.1,24.24285714,27.97142857
2013-07-01,25.6,65.4,0,2.176,0.038,66.37,11.97285714,649.89,1169.503,71.3,25.12857143,29.25714286
2013-07-08,22.2,12.2,0,2.134,0.044,66.74857143,11.95142857,669.897,1585.658,93.5,25.37142857,27.64285714
2013-07-15,24.3,21.4,80,2.532,0.098,68.04142857,12.00285714,591.987,987.382,20.75,27.17142857,30.34285714
2013-07-22,27,45.8,1424,2.48,0.088,67.82571429,11.99571429,441.753,909.087,18.35,27.82857143,30.52857143
2013-07-29,26.6,15.6,856,,,67.71285714,11.94142857,391.552,1159.128,57.4,26.84285714,30.2
2013-08-05,26.5,8.4,82,2.523,0.129,68.05714286,11.99,390.571,1626.915,78.8,27.45714286,31.21428571
2013-08-12,28.1,14.7,368,2.216,0.103,69.25428571,11.98285714,398.203,1306.558,21.9,29.15714286,33.81428571
2013-08-19,28.65,82.95,10373,1.96,0.039,69.24571429,11.98857143,430.787,597.564,0,28.97142857,34.1
2013-08-26,27.15,48.25,2406,2.44,0.085,69.13571429,12.03,402.671,832.76,44.9,26.92857143,31.37142857
2013-09-02,25.9,21.1,260,2.726,0.068,69.49714286,11.99571429,365.852,812.679,9.85,24.7,29.14285714
2013-09-09,25,59.5,2200,2.485,0.142,69.34428571,11.94714286,302,423.782,3.9,20.95714286,27.54285714
2013-09-16,22.5,5.8,140,,,69.38142857,11.84714286,282.284,1448.011,97.95,22.27142857,27.37142857
2013-09-23,24.6,57.2,6095,2.762,0.201,69.71142857,11.73714286,273.886,657.237,0,22.9,27.87142857
2013-09-30,20.6,21.7,655,,,69.59714286,11.77,275.198,617.367,44.7,18.91428571,24.64285714
2013-10-07,22,25.5,0,3.451,0.104,69.72285714,11.74142857,212.24,420.147,4.05,19.65714286,24.3
2013-10-14,18.9,17.6,197.5,3.971,0.058,69.81,11.76142857,209.543,412.357,15.3,18.42857143,23.75714286
2013-10-21,19,15,840,3.792,0.069,69.84714286,11.71571429,218.476,338.852,0.05,13.44285714,20.32857143
2013-10-28,16.05,19.75,212.5,3.715,0.045,69.74142857,11.73,217.597,301.339,0,12.1,19.25714286
2013-11-04,16.4,10.9,50,4.366,0.076,69.61285714,11.79571429,210.347,240.885,2.5,12.51428571,18.7
2013-11-11,12.9,7.7,200,3.724,0.065,69.48714286,11.74714286,207.274,293.622,18.3,9.871428571,16.3
2013-11-18,10.4,5,0,4.533,0.091,69.37285714,11.75571429,209.638,275.356,1.5,5.585714286,12.4
2013-11-25,10.4,6.4,688,4.453,0.13,69.24714286,11.68428571,201.421,313.328,25.1,4.985714286,10.14285714
2013-12-02,8.6,4,0,4.705,0.088,69.24857143,11.74285714,203.415,370.302,16.2,2.257142857,7.842857143
2013-12-09,11.5,6.9,0,5.005,0.062,69.22142857,11.70285714,205.732,272.128,15.7,5.2,9.757142857
2013-12-16,4.6,3,0,5.485,0.059,69.27,11.76428571,207.787,362.109,14,-0.742857143,5.214285714
2013-12-23,5.1,5.4,0,,,69.30714286,11.76428571,208.148,292.307,3,0.185714286,4.657142857
2013-12-30,,,,,,69.26571429,11.74857143,210.551,273.66,0.4,-0.8,4.757142857
2014-01-06,4.8,7,0,,,69.18571429,11.72571429,208.055,253.28,0,1.985714286,6.542857143
2014-01-13,3.6,5,0,5.169,0.053,69.09285714,11.73571429,204.484,217.18,0.35,-2.185714286,4.357142857
2014-01-20,3.4,6.9,0,5.47,0.051,68.97714286,11.74285714,202.553,229.176,3.65,-1.585714286,4.371428571
2014-01-27,4.9,9.5,0,5.635,0.062,68.86428571,11.74142857,205.495,236.689,2.3,0.257142857,6.542857143
2014-02-03,7.5,13.1,0,5.463,0.066,68.73571429,11.75,226.423,270.15,6.95,4.057142857,8.985714286
2014-02-10,5.3,6.8,200,5.538,0.066,68.59857143,11.68,228.093,269.78,2.05,-0.842857143,4.342857143
2014-02-17,6.6,11.5,85,5.153,0.05,68.45857143,11.76571429,227.778,248.675,0.05,2.685714286,6.071428571
2014-02-24,7.4,10.8,0,6.014,0.064,68.29142857,11.66857143,226.825,260.83,0,2.585714286,8.271428571
2014-03-03,9.9,15.4,0,4.969,0.046,68.12714286,10.49,217.738,306.629,0,6.814285714,11.32857143
2014-03-10,7.9,19.1,0,5.207,0.053,67.98285714,10.75285714,217.419,163.862,3.4,2.542857143,9.485714286
2014-03-17,11.2,12.7,0,5.464,0.07,67.97571429,11.76428571,207.001,318.779,40.85,7.171428571,12.24285714
2014-03-24,12.3,23.8,0,4.484,0.075,68.12571429,11.76142857,206.405,222.955,1,9.471428571,15.54285714
2014-03-31,16.6,71.9,0,3.963,0.06,68.31285714,11.73857143,207.215,276.899,22,14.81428571,19.21428571
2014-04-07,14.45,57.35,107.5,3.937,0.052,68.77285714,11.75,211.409,240.358,2.55,10.68571429,18.24285714
2014-04-14,15.8,54.5,0,3.534,0.058,68.79,11.77571429,251.974,223.614,0.6,14.41428571,19.27142857
2014-04-21,17,26,220,3.454,0.034,68.65,11.78571429,260.666,263.455,14.9,15.35714286,20.65714286
2014-04-28,15.4,24.8,0,,,68.46571429,11.76285714,281.056,287.072,33.3,16.45714286,22.65714286
2014-05-05,17,67.6,0,3.37,0.036,68.97428571,11.75285714,301.431,405.838,10.4,14.54285714,21.85714286
2014-05-12,18.8,67.8,0,2.126,0.061,69.02857143,11.80571429,412.247,434.07,27.7,16.81428571,22.67142857
2014-05-19,18.4,64.75,0,2.149,0.051,68.61285714,11.78,452.971,481.771,0,20.17142857,25.67142857
2014-05-26,19,24.6,0,2.343,0.058,68.09142857,11.79285714,451.802,481.01,19.85,21.08571429,27.1
2014-06-02,18.5,33.4,0,,,67.54142857,11.76285714,477.631,474.195,1.25,23.84285714,29.08571429
2014-06-09,19.4,46.3,0,2.018,0.064,66.81714286,11.83,529.089,712.105,54.75,22.2,26.61428571
2014-06-16,20.75,74.2,250,2.112,0.062,66.16714286,11.82571429,507.234,717.962,70.5,21.8,26.85714286
2014-06-23,21.95,84.05,0,2.282,0.079,65.47,11.90142857,503.338,595.163,16.9,23.24285714,27.97142857
2014-06-30,23.45,97.7,135,2.221,0.107,65.05714286,11.89571429,523.273,597.392,0.6,24.57142857,28.94285714
2014-07-07,24,127.25,222.5,2.379,0.081,64.73571429,11.77857143,321.59,444.182,36.2,24.35714286,28.75714286
2014-07-14,25.2,143.7,454,2.804,0.08,64.69142857,11.78571429,336.391,410.486,13.6,26.24285714,29.82857143
2014-07-21,26.35,60.7,0,2.371,0.08,64.45714286,11.86428571,351.063,716.55,89.05,26.22857143,30.57142857
2014-07-28,25.45,93.65,145,,,64.35285714,11.82285714,334.887,471.724,9.75,26.45714286,30.51428571
2014-08-04,25.5,72.5,0,2.588,0.081,64.05714286,11.79857143,320.113,539.194,54.8,26.75714286,31.08571429
2014-08-11,23.9,37.3,0,2.397,0.08,64.86714286,11.83714286,299.7,716.883,48.05,24.41428571,30.25714286
2014-08-18,23,31.1,900,2.51,0.079,65.84142857,11.78142857,298.599,691.291,83,23.38571429,29.18571429
2014-08-25,24.3,7.6,0,2.983,0.051,69.65142857,11.95714286,295.844,1194.707,83.8,23.98571429,27.88571429
2014-09-01,22.9,45.6,0,2.065,0.095,73.30285714,11.8,414.663,796.254,0.1,23.64285714,27.77142857
2014-09-08,22.3,39.8,0,,,73.44571429,11.89857143,441.126,792.444,42.7,23.11428571,27.61428571
2014-09-15,22.9,26.1,0,3.105,0.037,73.14571429,11.89857143,446.281,571.935,0.1,21.95714286,27.47142857
2014-09-22,21.8,47.2,0,2.368,0.14,72.70857143,11.94714286,451.277,519.477,0.05,20.54285714,26.07142857
2014-09-29,22.1,7.9,0,2.6,0.061,72.60714286,11.99571429,420.83,1144.898,75.3,20.67142857,25.65714286
2014-10-06,19.5,19.1,0,3.104,0.061,72.55714286,11.93,278.684,450.18,0.2,17.82857143,24.24285714
2014-10-13,19.7,15.9,0,2.979,0.064,72.40714286,11.89428571,262.166,360.495,4.3,17.58571429,23.98571429
2014-10-20,17.6,9.5,0,2.519,0.259,72.24,11.83428571,259.222,350.277,29.95,13.68571429,20.81428571
2014-10-27,17.7,6.1,0,3.028,0.073,72.89428571,11.88,261.031,1148.987,80.95,13.67142857,20.07142857
2014-11-03,13.5,4.3,36,3.074,0.079,73.34428571,11.93857143,258.085,747.754,58,10.91428571,18.38571429
2014-11-10,13.4,4.2,0,3.661,0.076,73.88,11.83142857,265.186,539.183,0.1,9.871428571,16.04285714
2014-11-17,11.6,3.9,0,3.662,0.115,73.89,11.77571429,279.188,412.68,1.85,6.585714286,13.35714286
2014-11-24,11.3,5.4,0,,,73.74857143,11.79142857,292.825,405.199,22.3,6.942857143,13.71428571
2014-12-01,11.2,4.9,0,3.826,0.052,73.93142857,11.78571429,309.247,464.618,16.05,8.571428571,12.38571429
2014-12-08,6.3,2.4,0,3.304,0.033,74.03571429,11.78285714,382.643,528.412,12.8,-2.5,4.057142857
2014-12-15,5.8,2.5,0,,,73.93,11.77142857,383.845,484.935,8.5,-0.585714286,4.585714286
2014-12-22,4.3,2.5,0,,,73.75142857,11.79142857,385.314,510.132,10.5,-3.185714286,2.642857143
2014-12-29,,,,,,73.52,11.76714286,384.316,481.352,0.35,-0.2,5.671428571
2015-01-05,5.1,3.2,0,,,73.28714286,11.77142857,298.733,406.842,7.7,-0.628571429,4.414285714
2015-01-12,4.2,4.2,125,3.921,0.028,73.24,11.77285714,314.991,426.337,9.85,-1.114285714,5.257142857
2015-01-19,4.3,5.6,0,3.475,0.033,73.15714286,11.78285714,318.936,387.015,5.7,0.757142857,6.357142857
2015-01-26,6.1,8.5,85,3.487,0.035,73.01,11.78142857,318.116,407.714,8.8,2.671428571,7.071428571
2015-02-02,4.3,4.2,0,4.129,0.035,72.88857143,11.77714286,330.483,377.036,1.25,-1.657142857,5.657142857
2015-02-09,3.1,4.5,0,3.939,0.032,72.69571429,11.75428571,357.971,403.232,0.1,-0.914285714,5.585714286
2015-02-16,6.1,9.8,750,,,72.38142857,11.79714286,408.664,460.993,19.3,3,7.014285714
2015-02-23,7.2,13.4,0,3.755,0.048,72.18285714,11.80142857,352.538,480.112,7.75,3.942857143,8.642857143
2015-03-02,6.8,103.8,3000,3.617,0.052,72.06,11.37428571,345.606,485.617,0.65,3.014285714,7.371428571
2015-03-09,8.6,9.8,0,3.545,0.037,71.87142857,10.91571429,365.711,356.257,0.35,3.628571429,9.114285714
2015-03-16,9.2,11.4,0,3.009,0.025,71.59428571,11.70571429,356.202,387.814,0.95,4.685714286,10.72857143
2015-03-23,10.5,22,50,3.247,0.04,71.55428571,11.85857143,355.332,528.554,37.4,11.12857143,16.27142857
2015-03-30,12.8,37.6,0,3.854,0.063,71.65714286,11.78142857,287.801,371.952,0.1,9.828571429,16.44285714
2015-04-06,11.5,19,20,2.816,0.05,71.56142857,11.88428571,403.524,587.601,42,12.14285714,18.15714286
2015-04-13,10.9,20.9,0,2.826,0.029,71.50285714,11.89142857,457.341,608.298,1.6,10.98571429,16.38571429
2015-04-20,12.45,23.1,0,2.737,0.047,71.34857143,11.95714286,487.358,704.025,36.6,11.74285714,18.67142857
2015-04-27,16.1,46.35,150,3.013,0.05,71.41,11.91571429,482.051,749.52,0,16.04285714,22.57142857
2015-05-04,13.9,26.6,0,,,71.34714286,11.91571429,490.202,614.6,25.9,18.97142857,25.2
2015-05-11,14.1,24.4,0,2.397,0.039,70.78857143,11.95571429,651.539,715.838,10.1,16.94285714,24.02857143
2015-05-18,15.05,24.55,37.5,2.522,0.045,70.06285714,12.00142857,666.974,771.899,10.9,19.07142857,24.51428571
2015-05-25,16.3,19.35,0,2.08,0.03,69.24428571,11.97,632.005,701.882,0.1,19.77142857,26.8
2015-06-01,16,20.7,0,2.074,0.033,68.36714286,11.86571429,637.303,641.787,2.75,22.48571429,29.22857143
2015-06-08,18.75,55.6,137.5,2.373,0.032,67.45285714,11.81571429,613.68,589.006,0.1,22.07142857,29.3
2015-06-15,20.55,62.5,0,2.399,0.05,66.58857143,11.79,524.556,507.317,6.9,24.44285714,28.64285714
2015-06-22,23,78.6,0,2.981,0.079,65.84285714,11.77142857,485.101,546.22,17.55,23.68571429,28.15714286
2015-06-29,23.1,29.6,0,2.421,0.034,65.36285714,11.83571429,431.353,877.945,94.1,23.6,27.42857143
2015-07-06,24.4,100.4,640,3.276,0.058,65.15285714,11.78857143,350.058,442.676,6,23.45714286,28.1
2015-07-13,24.45,147,2347,2.548,0.073,65.62714286,11.78285714,309.791,530.095,60.1,23.72857143,27.77142857
2015-07-20,24.45,97.15,2560,2.873,0.08,66.66714286,11.76714286,342.193,384.67,0.45,25.61428571,29.35714286
2015-07-27,26.4,21.4,0,2.916,0.078,66.63285714,11.89,321.351,1106.344,48.75,26.58571429,29.41428571
2015-08-03,27.4,65.2,0,,,66.54285714,11.79285714,342.438,585.273,33.05,28.55714286,31.55714286
2015-08-10,28.3,68.3,2920,1.924,0.065,66.25857143,11.76428571,335.887,417.984,2.3,28.54285714,32.65714286
2015-08-17,27.6,89.5,5879,2.595,0.087,65.93142857,11.76857143,330.593,355.953,0.1,26.58571429,29.91428571
2015-08-24,25.25,147.75,2204,2.971,0.117,65.54142857,11.73142857,319.023,362.551,8.1,25.95714286,29.21428571
2015-08-31,27,131.75,1026,2.58,0.112,65.39,11.77285714,266.544,401.325,40.1,23.64285714,28.01428571
2015-09-07,23.55,145.75,1167,2.262,0.133,65.32,11.75857143,235.146,303.73,4.05,23.54285714,27.38571429
2015-09-14,22.45,151.5,132,3.115,0.112,65.19714286,11.76285714,220.462,262.758,14.6,20.38571429,26.61428571
2015-09-21,23.15,145.85,355,3.698,0.097,65.00714286,11.76285714,216.642,217.228,0.05,21.22857143,26.11428571
2015-09-28,20.65,98.35,367,,,64.75857143,11.76428571,214.627,207.038,0,21.65714286,25.92857143
2015-10-05,19.1,137.3,1340,2.968,0.057,64.60571429,11.80714286,203.136,341.336,49.8,18.77142857,24.01428571
2015-10-12,16.85,152,0,4.169,0.035,64.56428571,11.76571429,152.264,210.65,17.4,15.82857143,22.35714286
2015-10-19,18.45,136.2,0,4.831,0.041,64.54,11.76714286,138.554,158.726,0,16.4,22.74285714
2015-10-26,16.9,91.85,0,4.485,0.079,64.47857143,11.73571429,136.995,142.905,0.05,16.82857143,22.04285714
2015-11-02,11.4,33.8,0,,,64.45571429,11.75714286,136.748,195.053,26.95,9.114285714,16.48571429
2015-11-09,14.5,15.4,0,4.184,0.067,64.43285714,11.76857143,133.495,234.823,39,12.68571429,17.37142857
2015-11-16,13.8,12,0,3.92,0.1,64.62571429,11.77142857,124.809,351.089,60.7,12.48571429,15.87142857
2015-11-23,12.6,6.8,0,5.747,0.055,65.11428571,11.77,126.022,365.433,14.9,11.42857143,14.14285714
2015-11-30,8.6,4.8,0,4.469,0.044,65.41714286,11.76857143,136.265,316.662,11.65,4.471428571,8.342857143
2015-12-07,6.2,3.3,0,4.561,0.075,65.61857143,11.78,134.465,300.363,10.8,3.514285714,8.328571429
2015-12-14,8.7,8.8,0,5.873,0.067,65.77285714,11.77714286,131.813,263.934,20.5,6.685714286,9.728571429
2015-12-21,4.9,3.8,0,,,66.04285714,11.77142857,135.344,252.065,4.75,1.557142857,6.4
2015-12-28,4.2,4.4,0,,,66.16714286,11.77714286,134.489,196.857,2.15,1.742857143,6.928571429
2016-01-04,7,12.3,0,6.337,0.043,66.22285714,11.77285714,133.711,176.414,1.6,3.085714286,6.228571429
2016-01-11,4.3,7.4,0,7.311,0.05,66.21142857,11.77,134.783,160.006,0.1,-0.114285714,4.485714286
2016-01-18,3.9,9.3,0,7.568,0.048,66.17285714,11.76571429,133.099,148.406,7.55,-0.785714286,3.185714286
2016-01-25,0.8,3.8,0,7.163,0.072,66.10857143,11.77857143,135.751,145.267,2.05,-8.071428571,0.157142857
2016-02-01,4,9,0,7.525,0.085,66.02571429,11.77714286,140.936,147.846,2.15,-0.2,4.071428571
2016-02-08,5.3,14.4,0,,,65.94571429,11.78428571,135.128,137.268,0.05,-1.242857143,4.742857143
2016-02-15,6.6,25.9,100,5.698,0.146,65.88,11.77857143,135.35,214.026,25.6,4.614285714,9.257142857
2016-02-22,5.4,14.9,150,6.661,0.066,65.97285714,11.77857143,132.131,189.265,0.6,1.971428571,6.1
2016-02-29,9.1,16.5,0,,,65.97714286,11.77428571,133.457,180.058,19.7,1.242857143,7.371428571
2016-03-07,12,27.2,0,4.882,0.08,66.14,11.54714286,130.753,304.48,34.75,7.185714286,11.25714286
2016-03-14,7.9,17.4,0,6.82,0.088,67.11285714,11.75571429,130.567,216.032,0.05,2.771428571,11.08571429
2016-03-21,12.4,47.9,0,5.775,0.083,67.31857143,11.76857143,132.953,161.43,5.6,9.5,15.07142857
2016-03-28,12,85.8,0,5.868,0.089,67.35142857,11.73857143,132.453,148.466,0,7.771428571,14.82857143
2016-04-04,15.5,81.1,0,6.216,0.075,67.31285714,11.76571429,135.579,120.122,2.5,14.04285714,18.17142857
2016-04-11,17.3,127.5,0,4.546,0.074,67.59714286,11.64714286,136.812,192.899,24.5,14.25714286,19.34285714
2016-04-18,14.3,34.5,125,3.716,0.049,68.23142857,11.81428571,137.215,474.489,73.45,14.21428571,20.34285714
2016-04-25,18,29.8,0,3.649,0.083,69.22428571,11.85571429,133.988,585.862,38.4,15.07142857,21.32857143
2016-05-02,20.3,134.9,0,4.26,0.071,70.08142857,11.77,169.584,310.243,22.4,17.01428571,22.21428571
2016-05-09,18.2,45.5,0,3.777,0.06,70.28571429,11.84428571,349.932,553.951,19.8,18.24285714,23
2016-05-16,18.4,46,0,3.244,0.075,70.13285714,11.86428571,371.548,562.23,42.1,17.62857143,24.08571429
2016-05-23,16.8,22.9,0,3.166,0.082,69.74428571,11.78285714,532.603,650.517,0,22.2,26.97142857
2016-05-30,16.3,17.6,0,1.991,0.037,69.11571429,11.80285714,534.027,662.258,16.9,20.97142857,27
2016-06-06,17.8,42.6,0,2.259,0.051,68.36857143,11.78428571,528.29,542.749,0.9,21.95714286,28.2
2016-06-13,18.8,58.5,0,2.073,0.065,67.59285714,11.77285714,530.054,557.415,1.45,24.1,28.25714286
2016-06-20,22,75.8,0,2.115,0.066,66.88,11.77285714,475.935,518.672,10.1,23.78571429,28.52857143
2016-06-27,22.2,101.2,0,2.106,0.039,66.28857143,11.77857143,425.458,593.162,48.9,24.28571429,28.07142857
2016-07-04,,,,,,66.34285714,12.00285714,347.337,1812.017,269.4,24.08571429,27.92857143
2016-07-11,18.7,11.2,0,2.821,0.055,74.22571429,11.80428571,1289.408,5585.903,56.7,26.35714286,28.21428571
2016-07-18,19.3,8.5,50,2.25,0.047,74.48,11.71428571,1350.279,1880.62,43,24.81428571,28.9
2016-07-25,25.9,58,250,2.353,0.07,73.03142857,11.83571429,952.691,1153.3,0.1,28.24285714,29.27142857
2016-08-01,27,37.1,180,,,72.43857143,11.89714286,482.809,657.267,0.2,28.92857143,31.57142857
2016-08-08,29.4,113.6,738,2.897,0.032,71.98,11.85857143,402.724,587.22,7.85,29.18571429,32.24285714
2016-08-15,29.45,125.95,2380,2.475,0.155,71.63428571,11.73714286,340.943,405.797,7.7,29.71428571,33.48571429
2016-08-22,28.1,109.45,2890,2.633,0.107,71.21857143,11.77428571,345.801,365.249,0.1,30.12857143,32.07142857
2016-08-29,21.95,84.55,1220,2.567,0.039,70.73142857,11.78714286,380.211,465.962,37.85,24.47142857,30.87142857
2016-09-05,25.45,76.25,987,2.719,0.09,70.37571429,11.79428571,306.306,474.747,6.5,24.01428571,28.35714286
2016-09-12,25.3,104.3,40,2.619,0.073,70.09714286,11.77142857,289.862,352.345,33.95,23.7,28.44285714
2016-09-19,21.2,38.3,0,3.011,0.11,70.09142857,11.78714286,256.083,598.136,117.25,21.92857143,26.7
2016-09-26,22.6,88.9,130,3.242,0.22,70.92571429,11.75428571,271.78,397.518,0,20.61428571,25.35714286
2016-10-03,22.1,25.2,0,3.028,0.102,70.89142857,11.77571429,237.022,394.526,50,20.65714286,24.44285714
2016-10-10,17.3,8.7,0,3.102,0.191,71.65,11.75857143,191.241,684.469,76.3,17.15714286,23.75714286
2016-10-17,19.3,23.6,0,3.763,0.097,72.93571429,11.77142857,195.325,314.336,7.8,15.75714286,21.65714286
2016-10-24,17.3,30.9,0,3.838,0.079,73.06285714,11.77285714,197.102,258.18,1.1,16.4,20.88571429
2016-10-31,14,10.6,0,3.883,0.095,73.08571429,11.77428571,196.602,325.601,30.35,11.41428571,17.3
2016-11-07,14.6,7.8,0,5.129,0.067,73.05,11.78428571,197.264,267.879,2.75,9.628571429,14.14285714
2016-11-14,13.1,7.5,0,4.855,0.04,72.98714286,11.59857143,197.686,306.021,11.7,9.028571429,13.48571429
2016-11-21,13.1,12.6,0,4.87,0.037,72.88714286,10.93857143,219.845,340.325,9.5,9.128571429,14.25714286
2016-11-28,7.5,7.2,0,4.42,0.04,72.76,10.95285714,224.457,361.048,3.55,1.842857143,8.657142857
2016-12-05,8.6,9,0,4.867,0.05,72.61571429,10.94428571,224.095,357.198,2.4,4.428571429,8.685714286
2016-12-12,5.7,6.3,0,5.549,0.028,72.47571429,11.36571429,202.113,272.686,2.45,2.171428571,6.685714286
2016-12-19,6.5,9,0,5.353,0.046,72.34857143,11.78142857,198.927,212.374,1.85,2.328571429,6.314285714
2016-12-26,5.8,4.9,0,,,72.29571429,11.71857143,197.998,389.585,50.2,4.042857143,7.714285714
2017-01-02,6.8,8.2,0,,,72.4,11.78285714,198.373,281.604,0.25,0.471428571,5.3
2017-01-09,7.6,10.9,0,5.02,0.061,72.41571429,11.77714286,198.749,244.023,0.1,5.128571429,7.528571429
2017-01-16,,,,6.144,0.057,72.33857143,11.78142857,197.633,216.494,0.75,-3.342857143,2.942857143
2017-01-23,2.7,4.7,0,5.705,0.066,72.22571429,11.77714286,198.632,212.913,5.15,-2.785714286,3.242857143
2017-01-30,4.5,10,0,5.208,0.078,72.1,11.78285714,198.024,214.625,9.3,-1.371428571,3.657142857
2017-02-06,4.8,13.1,0,5.603,0.086,71.98428571,11.77571429,200.65,219.406,0.6,0.014285714,4.457142857
2017-02-13,3.3,7.6,0,6.171,0.075,71.85,11.77285714,198.879,214.733,1.4,-1.542857143,4.171428571
2017-02-20,6.9,13.1,0,5.049,0.164,71.71571429,11.74428571,198.567,248.004,22.6,2.728571429,7.442857143
2017-02-27,7.5,19.3,275,4.047,0.057,71.88142857,9.934285714,197.494,381.12,17.5,2.342857143,7.042857143
2017-03-06,8.6,25.2,0,4.674,0.111,72.09,10.78857143,197.355,211.413,2.15,4.685714286,10.25714286
2017-03-13,9.7,33.3,0,4.949,0.094,72.06714286,11.71285714,196.886,237.147,1.25,5.157142857,10.65714286
2017-03-20,11.2,48,0,4.398,0.08,71.98428571,9.752857143,200.936,238.575,0.1,7.542857143,14.55714286
2017-03-27,10.7,48.8,0,4.605,0.075,71.87142857,10.96285714,203.739,167.193,2.6,7.942857143,14.35714286
2017-04-03,12.5,45.3,0,3.787,0.07,71.81,11.74285714,212.39,204.037,6.8,9.885714286,15.27142857
2017-04-10,16.7,89.9,0,3.38,0.106,71.81571429,11.83,216.208,292.511,32.9,14.74285714,18.77142857
2017-04-17,17.4,103.4,0,3.327,0.112,71.90285714,11.85285714,209.718,275.482,41.15,15.15714286,19.2
2017-04-24,17.35,123.55,0,3.305,0.107,72.05,11.84285714,210.835,284.105,2.2,13.67142857,19.57142857
2017-05-01,19.55,66.05,0,,,72.05142857,11.83428571,234.864,219.842,0.45,17.27142857,22.25714286
2017-05-08,16.65,69.95,0,3.078,0.096,71.78428571,11.84285714,338.105,296.09,0.1,19.57142857,24.94285714
2017-05-15,17.85,107.6,0,3.077,0.093,71.41857143,11.83428571,341.633,319.892,14.8,17.34285714,24.88571429
2017-05-22,20.2,95.35,0,2.651,0.095,71.02571429,11.82,343.373,310.596,0,20.14285714,26.72857143
2017-05-29,20.1,87.4,0,2.61,0.077,70.57714286,11.82714286,341.209,329.284,11,20.51428571,27.55714286
2017-06-05,17,31.5,0,2.566,0.055,70.05,11.83714286,448.266,383.434,3.75,21.65714286,27.74285714
2017-06-12,18.2,52.9,0,2.206,0.063,69.32857143,11.83428571,491.104,475.09,14.8,20.82857143,27.07142857
2017-06-19,21.45,63.45,0,1.968,0.049,68.62571429,11.82857143,424.518,375.155,0.05,24.02857143,28.97142857
2017-06-26,22,61.1,0,2.048,0.061,67.98714286,11.83428571,402.748,344.712,4.65,25.18571429,30.37142857
2017-07-03,,,,,,67.54857143,11.83,392.013,783.395,139.5,25.42857143,29.02857143
2017-07-10,,,,3.055,0.514,69.05285714,11.87857143,187.921,2094.658,203.9,26.42857143,29.51428571
2017-07-17,26.3,6.2,0,3.375,0.087,70.58714286,12.21714286,195.139,5424.348,34.4,26.87142857,31.57142857
2017-07-24,26.1,40.7,0,3.076,0.174,71.57571429,11.82428571,221.959,1006.691,2.8,28.52857143,32.41428571
2017-07-31,26.9,17.9,1040,,,72.04428571,11.84,201.296,1358.401,69.65,27.54285714,31.42857143
2017-08-07,29.5,64.8,6360,2.724,0.078,72.66714286,11.87428571,228.535,1035.736,9.25,29.55714286,32.12857143
2017-08-14,25.1,55.8,3520,,,73.06142857,11.89571429,223.277,718.519,107.6,25.72857143,31.3
2017-08-21,20.5,15.7,3870,2.403,0.12,74.89714286,12.01857143,948.998,2296.834,88.85,25.05714286,28.97142857
2017-08-28,20.3,6.4,656,2.448,0.099,74.59571429,11.92285714,1622.183,3623.57,87.8,26,29.12857143
2017-09-04,24.1,36.6,4040,2.972,0.055,74.00571429,11.81142857,632.904,1450.059,0.5,21.24285714,27.52857143
2017-09-11,22,25.7,410,3.181,0.071,73.99571429,11.8,216.197,630.454,79.2,21.74285714,27.48571429
2017-09-18,22.4,55.9,1270,3.517,0.074,74.58857143,11.85857143,214.166,535.588,0,21.22857143,26.27142857
2017-09-25,24,102.9,1730,3.778,0.036,74.64,11.84285714,215.098,347.374,1.25,21.08571429,26.41428571
2017-10-02,,,,,,74.68857143,11.74142857,212.208,435.435,50.5,18.7,24.41428571
2017-10-09,22.7,58.4,260,4.214,0.095,74.76428571,11.82714286,201.249,343.219,1.55,18.95714286,22.47142857
2017-10-16,16.9,23,120,4.388,0.081,74.73571429,11.83285714,204.364,323.844,7.3,15.42857143,21.04285714
2017-10-23,16.8,11.1,0,3.936,0.11,74.65,11.84,252.551,306.366,0.05,15.51428571,20.57142857
2017-10-30,15.4,8.1,0,,,74.42142857,11.83285714,289.013,331.495,0,12.28571429,19.31428571
2017-11-06,13.2,7.3,0,4.406,0.074,74.20142857,11.80428571,221.685,267.618,0.3,10.18571429,16.28571429
2017-11-13,12,5.1,0,3.938,0.054,73.98714286,11.60142857,268.615,313.439,3.9,9.228571429,14.77142857
2017-11-20,8.1,6.4,0,5.544,0.057,73.70857143,10.23571429,258.605,361.058,0.25,3.714285714,9.685714286
2017-11-27,7.7,11.1,0,,,73.48285714,9.937142857,214.778,251.74,10.9,3.642857143,8.885714286
2017-12-04,7.2,7.2,0,4.78,0.049,73.31142857,9.921428571,219.21,204.198,0.2,3.028571429,7.7
2017-12-11,4.6,8.1,0,6.035,0.052,73.14285714,9.927142857,198.644,152.12,8.15,-0.014285714,4.2
2017-12-18,2.4,3.8,0,,,72.94571429,9.985714286,218.597,282.26,0.1,-3.6,1.757142857
2017-12-25,4.7,8.9,0,,,72.74142857,10.05714286,260.899,347.132,23.7,0.685714286,4.857142857
2018-01-01,4.4,6.9,0,,,72.55571429,9.925714286,193.743,262.633,1.75,-0.114285714,3.3
2018-01-08,3.4,9.8,0,6.457,0.141,72.40714286,9.938571429,198.411,261.036,3.6,-1.114285714,2.457142857
2018-01-15,3.5,11,0,5.926,0.062,72.25,9.908571429,198.294,257.681,5.3,-3.057142857,1.814285714
2018-01-22,4.3,17.7,0,6.071,0.061,72.13142857,9.751428571,197.004,274.96,15.15,2.385714286,5.5
2018-01-29,1.1,4.2,0,6.415,0.067,72.00714286,8.808571429,202.274,188.985,0.05,-8.642857143,-1.285714286
2018-02-05,0.5,4.2,0,6.056,0.066,71.83571429,8.665714286,204.647,170.184,0.1,-4.2,1.185714286
2018-02-12,0.8,9.2,0,,,71.64428571,8.662857143,206.724,169.112,2.65,-3.7,1.7
2018-02-19,3.4,17.1,0,6.113,0.071,71.45571429,8.647142857,205.847,165.005,0.9,1.042857143,5.685714286
2018-02-26,6.5,20.6,270,8.15,0.118,71.26571429,8.652857143,205.723,162.8,2.05,3.114285714,8.314285714
2018-03-05,10.7,41.5,0,5.006,0.15,71.18285714,8.835714286,205.087,243.076,66.1,6.428571429,10.02857143
2018-03-12,9.8,12.9,0,,,71.74571429,9.002857143,204.943,341.905,16.5,5.471428571,9.9
2018-03-19,10.4,22.5,0,3.522,0.129,72.15428571,9.588571429,205.175,426.975,46.7,10.38571429,14.85714286
2018-03-26,12.1,16.1,0,4.387,0.078,72.81428571,9.904285714,205.316,696.473,14.1,7.185714286,13.18571429
2018-04-02,15.3,48.9,0,4.377,0.122,73.24285714,9.762857143,207.308,274.88,0,15.82857143,18.54285714
2018-04-09,11.8,16.5,0,4.556,0.26,73.77285714,9.942857143,205.922,744.019,58.5,10.48571429,15.55714286
2018-04-16,12.5,17.2,0,3.422,0.094,74.69857143,9.961428571,240.897,796.155,51.65,12.81428571,18.17142857
2018-04-23,14.1,36.4,0,3.331,0.158,74.92571429,8.788571429,294.35,380.344,41.6,15.55714286,20.9
2018-04-30,15.2,19.6,0,5.349,0.105,74.95285714,9.025714286,565.363,784.266,3.6,15.78571429,20.45714286
2018-05-07,13.5,17.5,0,2.239,0.083,74.70714286,8.892857143,585.854,434.059,31.5,17.18571429,21.58571429
2018-05-14,15.2,18.9,0,4.823,0.061,74.36571429,8.97,704.125,632.799,25.7,17.07142857,22.97142857
2018-05-21,16.1,14.4,0,,,74.06428571,8.79,453.988,542.805,10.2,20.95714286,24.68571429
2018-05-28,17.4,19,0,2.821,0.119,73.82571429,8.741428571,434.141,502.055,28.6,20.27142857,25.54285714
2018-06-04,16.8,31.8,0,2.355,0.051,73.40428571,8.732857143,524.647,461.991,0.1,22.97142857,27.57142857
2018-06-11,16.2,47.5,0,2.553,0.086,72.68285714,8.755714286,593.104,467.722,0.9,22.95714286,27.37142857
2018-06-18,17.3,69.7,0,3.016,0.063,71.89285714,8.741428571,600.711,464.595,0.15,22.8,27.62857143
2018-06-25,18.2,68.1,175,2.548,0.083,71.05714286,8.742857143,598.38,466.151,2.3,24.38571429,29.91428571
2018-07-02,18.5,9.6,0,2.676,0.111,70.89,9.888571429,943.893,3409.766,276.4,24.14285714,28.15714286
2018-07-09,17.4,8.1,0,3.128,0.105,72.55,9.458571429,1631.082,3295.669,61.75,23.65714286,28.28571429
2018-07-16,29,146.4,0,2.605,0.101,72.24714286,8.685714286,322.658,691.981,0.2,28.6,31.08571429
2018-07-23,29.85,97.3,1496,3.388,0.078,72.14428571,8.447142857,271.506,275.216,0,29.94285714,34.2
2018-07-30,29.45,144.85,8117.5,2.888,0.079,71.85285714,8.481428571,280.184,270.678,1.2,30.55714286,35.48571429
2018-08-06,27.1,114,15712.5,2.593,0.088,71.45571429,8.517142857,369.584,294.682,0.05,31.88571429,35.84285714
2018-08-13,27.85,113,7107.5,2.469,0.074,70.92571429,8.502857143,383.376,298.574,0.2,30.75714286,34.81428571
2018-08-20,25.5,78.15,6482.5,2.87,0.068,70.38,8.467142857,383.681,284.156,0.05,29.5,34.02857143
2018-08-27,20.4,6.5,180,2.451,0.092,70.31,8.822857143,410.893,826.553,152.65,26.07142857,32.04285714
2018-09-03,23.2,5.1,1185,2.91,0.193,74.69571429,10.81571429,2531.909,5933.503,345.7,24.95714286,29.57142857
2018-09-10,20.9,4.6,3100,3.358,0.063,75.83571429,10.10285714,2909.66,5686.954,19.85,22.61428571,27.47142857
2018-09-17,22.4,44,330,3.568,0.059,75.31571429,8.625714286,302.575,391.516,6.7,22.05714286,26.48571429
2018-09-24,20.9,9.4,0,3.907,0.06,75.33714286,8.661428571,254.556,433.28,33.1,20.08571429,24.95714286
2018-10-01,19.8,12.3,0,2.831,0.12,75.35428571,8.518571429,247.67,333.361,1.75,18.05714286,23.37142857
2018-10-08,19.1,8.7,0,2.377,0.062,75.61428571,9.23,1025.872,1895.176,95.5,16.8,22.08571429
2018-10-15,16.9,4.2,0,4.266,0.07,75.97142857,8.83,880.734,1321.286,0.05,12.75714286,19.04285714
2018-10-22,15.9,7,0,4.932,0.043,75.86714286,8.495714286,224.508,319.227,1,12.41428571,19.05714286
2018-10-29,12.6,6.3,0,4.287,0.083,75.82714286,8.478571429,207.753,314.321,35.7,11.21428571,17.28571429
2018-11-05,12.3,4.2,0,4.838,0.04,75.80142857,8.411428571,208.291,280.97,0.05,8.928571429,15.54285714
2018-11-12,11.7,5.9,0,4.684,0.058,75.83142857,8.582857143,208.699,384.005,39.35,11.3,16.05714286
2018-11-19,10.8,6.3,0,5.002,0.044,75.93857143,8.464285714,208.717,318.611,0,8.142857143,13.41428571
2018-11-26,9.7,12.3,0,5.113,0.069,75.88571429,8.462857143,209.029,301.84,10.5,4.842857143,10.12857143
2018-12-03,10.2,12.2,0,4.449,0.05,75.81,8.414285714,209.705,270.701,10.6,7.014285714,10.6
2018-12-10,3.1,2.5,0,5.004,0.049,75.84142857,8.514285714,209.286,349.522,18.15,-0.742857143,5.057142857
2018-12-17,5.1,5.8,0,5.415,0.086,75.83142857,8.412857143,209.156,284.371,3.25,-0.528571429,4.685714286
2018-12-24,6.6,8.3,0,5.13,0.041,75.76142857,8.385714286,208.828,261.148,1.85,4.214285714,6.657142857
2018-12-31,,,,,,75.65571429,8.365714286,208.211,249.016,0.2,-4.185714286,1.342857143
2019-01-07,2.6,4.8,0,5.692,0.058,75.53,8.351428571,204.487,235.856,0.1,-2.014285714,3.528571429
2019-01-14,5.5,10.6,40,5.449,0.073,75.39714286,8.342857143,204.931,203.633,0.5,0.685714286,4.314285714
2019-01-21,4.1,8.5,0,5.836,0.069,75.26285714,8.334285714,203.747,201.219,0.4,0.228571429,4.514285714
2019-01-28,4.4,8.5,110,5.11,0.087,75.12285714,8.335714286,203.954,196.409,0.8,0.814285714,5.242857143
2019-02-04,6.9,9.9,0,5.081,0.097,74.99142857,8.377142857,204.192,219.135,27.2,1.457142857,5.485714286
2019-02-11,3.6,5.1,0,6.077,0.065,74.91428571,8.351428571,201.974,217.621,0.05,0.142857143,5.471428571
2019-02-18,5.1,9.5,0,6.111,0.073,74.79142857,8.338571429,204.25,193.191,0.25,0.442857143,6.385714286
2019-02-25,8.3,12.4,0,5.137,0.064,74.72285714,8.404285714,203.024,234.791,18.85,3.957142857,9.628571429
2019-03-04,9.8,17.6,0,4.443,0.092,74.64714286,8.342857143,204.311,200.476,0.2,7.3,11.74285714
2019-03-11,5.1,21.8,0,5.015,0.102,74.53714286,8.338571429,204.681,191.37,0.9,7.757142857,12.45714286
2019-03-18,9.3,14,0,5.203,0.124,74.43714286,8.362857143,204.571,201.8,1.6,5.914285714,12
2019-03-25,9.7,14.2,0,5.82,0.155,74.34714286,8.382857143,204.005,221.333,26.5,7.042857143,14.44285714
2019-04-01,9.4,24.7,0,4.65,0.188,74.25428571,8.352857143,205.636,190.746,4.8,9.642857143,14.87142857
2019-04-08,13.7,28,0,5.183,0.22,74.11142857,8.324285714,204.625,171.282,0.8,10.61428571,15.9
2019-04-15,12.9,34.6,0,4.096,0.179,74.20714286,8.418571429,204.187,268.596,36.7,10.71428571,16.57142857
2019-04-22,18,57.6,0,3.818,0.138,74.29857143,8.328571429,209.631,188.343,0.2,16.82857143,20.52857143
2019-04-29,15.7,64.9,0,,,74.31285714,8.455714286,217.62,276.274,53.9,13.92857143,20.45714286
2019-05-06,14,20.4,0,3.008,0.104,74.51428571,8.571428571,395.59,354.843,0.05,17.05714286,22.8
2019-05-13,15.8,36.4,0,2.756,0.117,74.21714286,8.554285714,454.063,330.129,0.05,18.4,24.44285714
2019-05-20,16.2,22.4,0,2.762,0.105,73.73285714,8.59,453.938,373.063,21.05,21.08571429,27.12857143
2019-05-27,16.9,29,0,3.461,0.156,73.26857143,8.58,448.831,357.407,14.45,21.81428571,27.14285714
2019-06-03,18.5,55.4,0,3.277,0.119,72.79142857,8.537142857,427.102,341.059,0.25,20.14285714,26.47142857
2019-06-10,21.4,40.4,0,3.041,0.097,72.39142857,8.64,322.829,549.764,62.8,21.67142857,27.98571429
2019-06-17,20.1,89.9,0,2.664,0.108,72.11285714,8.554285714,390.114,344.023,0,21.97142857,27.34285714
2019-06-24,20.9,96.5,0,2.908,0.087,71.62428571,8.514285714,392.534,296.724,0.15,23.58571429,27.71428571
2019-07-01,19.45,104.15,0,2.952,0.095,71.15142857,8.524285714,371.071,319.681,15.05,24.07142857,28.71428571
2019-07-08,19.35,64.95,0,2.805,0.118,70.76428571,8.535714286,422.766,342.948,0.6,25.54285714,30.32857143
2019-07-15,24.8,133.9,0,3.476,0.09,70.40428571,8.494285714,313.204,296.793,34.8,23.55714286,28.87142857
2019-07-22,25,138,0,2.674,0.109,70.83142857,8.541428571,233.294,516.474,73.05,25.9,29.98571429
2019-07-29,26.7,19,0,,,72.47142857,8.914285714,212.691,1103.231,90.75,27.6,30.85714286
2019-08-05,25.5,43.1,0,2.329,0.081,72.88857143,8.52,302.53,346.002,0.05,29.84285714,33.02857143
2019-08-12,25.1,43.3,0,,,72.67142857,8.607142857,368.478,451.946,15.05,29.31428571,33.04285714
2019-08-19,24.3,54.5,0,2.623,0.066,72.37,8.567142857,376.585,419.067,15.45,27.28571429,31.88571429
2019-08-26,22.7,39.9,0,2.331,0.105,72.25142857,8.548571429,376.983,400.294,23.65,25.84285714,30.32857143
2019-09-02,21.7,53.6,310,3.162,0.082,72.34142857,8.585714286,335.073,462.886,60.5,23.2,28.5
2019-09-09,22.9,13.1,0,,,72.42571429,8.695714286,311.56,630.384,43.3,24.61428571,27.4
2019-09-16,23.4,32.8,0,2.962,0.067,72.85714286,8.5,312.796,341.895,7.15,24.2,27.62857143
2019-09-23,18.6,28.6,0,3.8,0.102,73.26,8.797142857,310.1,840.356,106.4,19.58571429,25.38571429
2019-09-30,21.3,8.6,0,,,75.63142857,8.577142857,275.215,364.584,0,21.38571429,25.17142857
2019-10-07,16.4,7.3,0,3.225,0.086,76.58857143,9.454285714,1475.872,2255.443,105.35,20.17142857,23.92857143
2019-10-14,18.7,3.9,0,4.707,0.067,76.49142857,8.828571429,753.956,1200.094,0,15.7,20.95714286
2019-10-21,18.3,11.4,0,,,76.45428571,8.521428571,240.631,317.323,0,15.3,20.08571429
2019-10-28,15.8,10.5,0,4.53,0.039,75.95714286,8.644285714,524.553,620.324,0.05,15,19.81428571
2019-11-04,16.1,46.5,0,3.972,0.061,75.80714286,8.421428571,201.466,269.922,0.8,13.54285714,18.38571429
2019-11-11,13,61.2,0,4.301,0.059,75.67428571,8.447142857,199.506,288.946,10.9,10.05714286,16.01428571
2019-11-18,10.8,54.8,0,4.145,0.326,75.59142857,8.714285714,200.717,686.381,82.7,8.685714286,12.94285714
2019-11-25,11.8,5.8,0,4.861,0.062,75.64714286,8.662857143,201.919,722.43,0.6,6.657142857,11.7
2019-12-02,9.6,7.5,0,4.985,0.058,75.56,8.521428571,202.654,355.962,12.4,5,9.314285714
2019-12-09,5.8,6.9,0,5.543,0.045,75.44857143,8.481428571,202.273,323.121,0.2,1.057142857,6.214285714
2019-12-16,7.6,11.4,0,5.759,0.045,75.31428571,8.46,201.145,301.308,0.8,5.042857143,8.571428571
2019-12-23,6.8,8.7,0,,,75.16428571,8.452857143,205.237,293.852,2.2,2.771428571,7.614285714
2019-12-30,6.6,12.1,0,,,75.02285714,8.454285714,204.754,293.429,11.5,1.814285714,6.385714286
2020-01-06,5.5,8.7,0,,,74.89714286,8.457142857,205.138,293.679,10.4,0.4,5.742857143
2020-01-13,5.5,3.1,0,4.924,0.084,75.39571429,8.887142857,204.186,1164.317,59.45,2.514285714,5.771428571
2020-01-20,5.4,3.6,0,,,75.68857143,8.537142857,206.265,374.923,0.05,0.7,4.871428571
2020-01-27,7.2,7.5,0,5.733,0.118,75.66571429,8.482857143,205.415,316.747,8.8,4.442857143,7.714285714
2020-02-03,6.6,4.6,0,5.706,0.054,75.66142857,8.477142857,207.727,312.663,0.1,4.028571429,7.314285714
2020-02-10,6.7,5.6,0,6.029,0.062,75.62714286,8.451428571,201.231,290.357,0.8,-0.457142857,5.228571429
2020-02-17,6.6,12.2,0,5.107,0.064,75.57714286,8.505714286,206.266,325.672,26.5,5.242857143,9.957142857
2020-02-24,7.6,12.7,0,5.162,0.045,75.57571429,8.484285714,206.098,321.699,4,4.357142857,8.914285714
2020-03-02,8.2,9.3,0,4.862,0.054,76.03857143,9.078571429,639.271,1135.978,59.9,6.571428571,11.32857143
2020-03-09,9.8,6.2,0,,,76.06,8.605714286,283.008,487.72,1.7,6.228571429,11.02857143
2020-03-16,7,6.8,0,3.203,0.023,75.98571429,8.76,515.308,689.394,8.85,5.671428571,12.25714286
2020-03-23,9.7,10.5,0,,,75.39142857,8.831428571,695.939,822.595,0,10.88571429,15.27142857
2020-03-30,9.9,14.8,0,,,74.69714286,8.841428571,693.587,859.375,14,11.38571429,17
2020-04-06,12,14.8,0,3.383,0.046,74.21571429,8.58,356.437,411.206,0,10.35714286,17.54285714
2020-04-13,11.6,9.9,0,3.27,0.042,73.99857143,8.524285714,299.773,334.333,1.3,10.04285714,17.5
2020-04-20,13,22,0,3.558,0.049,73.77142857,8.531428571,306.204,334.843,16.55,13.21428571,18.9
2020-04-27,13.9,20.9,0,2.872,0.034,73.59,8.54,330.347,350.213,0.1,10.84285714,17.51428571
2020-05-04,17.9,27.6,0,3.7,0.038,73.32571429,8.51,326.248,327.424,6.55,18.87142857,23.71428571
2020-05-11,16.3,39.8,0,3.131,0.051,73.08285714,8.52,316.12,342.361,26.85,17.62857143,24.25714286
2020-05-18,19.7,31,0,3.9,0.123,72.92428571,8.577142857,318.1,368.201,32.75,18.38571429,23.27142857
2020-05-25,19.3,27.7,0,2.967,0.053,72.89142857,8.668571429,314.206,529.771,14.4,17.54285714,22.94285714
2020-06-01,20.6,46.6,0,2.593,0.084,72.68571429,8.545714286,337.667,359.26,0.7,20.71428571,26
2020-06-08,20.7,48.4,0,2.701,0.214,72.28714286,8.595714286,413.049,414.938,3.55,24.14285714,28.61428571
2020-06-15,22,58,0,2.574,0.122,72.38714286,8.808571429,366.258,741.882,110.4,25.04285714,29.81428571
2020-06-22,23.2,84.8,0,2.578,0.083,73.47,8.65,418.68,488.406,0.85,24.4,29.31428571
2020-06-29,20.3,77.1,0,2.43,0.08,73.24714286,8.664285714,381.844,442.215,52.85,23.82857143,29.25714286
2020-07-06,15.5,33.9,0,2.589,0.098,72.86142857,9.167142857,1010.346,1357.838,25.95,22.31428571,28.54285714
2020-07-13,18.8,9.4,0,,,72.51857143,9.591428571,1131.522,2271.898,171.4,24.15714286,29.14285714
2020-07-20,20.8,8.1,0,2.17,0.056,75.77285714,9.84,2542.56,3841.382,42.8,23.47142857,27.68571429
2020-07-27,22,8.8,75,,,75.25714286,11.32857143,5209.126,7527.642,97,23.4,28.35714286
2020-08-03,23.3,4.9,0,2.775,0.176,76.80714286,13.35714286,9147.796,17906.273,256.6,25.72857143,29.25714286
2020-08-10,,,,,,74.25142857,14.03,12273.769,22324.3,194.3,25.58571429,29.25714286
2020-08-17,25.1,8.2,0,2.803,0.077,74.06571429,11.70428571,8129.363,15247.915,77.4,28.14285714,31.18571429
2020-08-24,23.3,25.3,0,2.249,0.075,73.53571429,8.981428571,830.795,991.812,11.8,28.21428571,33.27142857
2020-08-31,26.8,9.1,0,1.908,0.164,72.26428571,9.428571429,1482.966,2065.668,53.8,28.54285714,31.55714286
2020-09-07,21.2,6.8,2680,3.343,0.128,72.17714286,11.56142857,6466.008,9846.931,139.85,23.07142857,29.11428571
2020-09-14,23,6.5,3160,3.62,0.099,72.86571429,9.07,279.865,1456.513,24.8,22.02857143,26.62857143
2020-09-21,21.2,9.6,1290,4.345,0.053,73.70714286,8.794285714,279.453,677.475,9.05,20.68571429,25.35714286
2020-09-28,21.2,20.4,1870,,,73.84285714,8.628571429,278.038,491.907,0,19.57142857,23.87142857
2020-10-05,19.2,24.6,1570,4.046,0.066,73.82857143,8.584285714,239.429,418.407,2.85,18.71428571,23.41428571
2020-10-12,19.2,14.2,1800,,,73.74571429,8.514285714,215.179,362.046,0.45,16.9,21.44285714
2020-10-19,16.6,13.9,1280,5.308,0.055,73.62285714,8.491428571,216.522,336.803,0.05,12.3,19.68571429
2020-10-26,14.8,10.1,1080,4.798,0.051,73.47714286,8.482857143,217.255,325.413,0.05,11.88571429,18.27142857
2020-11-02,15.4,11.2,1330,4.793,0.061,73.32428571,8.478571429,213.294,320.237,3.7,12,17.02857143
2020-11-09,11.8,6.4,0,5.15,0.057,73.17714286,8.467142857,203.468,317.81,0.65,8.771428571,14.38571429
2020-11-16,13.4,14.6,0,5.279,0.065,73.01857143,8.435714286,202.523,294.123,0,10.12857143,15.54285714
2020-11-23,11.2,8.5,0,4.907,0.065,72.95428571,8.572857143,206.958,406.286,37.55,10.51428571,14.85714286
2020-11-30,8,4.9,0,5.843,0.05,72.87714286,8.457142857,215.395,310.861,0,4.128571429,8.914285714
2020-12-07,7.3,10.6,0,5.785,0.044,72.71142857,8.442857143,214.786,300.39,0.05,2.028571429,7.271428571
2020-12-14,5.5,5.6,0,5.927,0.057,72.55,8.437142857,214.035,292.459,1.6,2.228571429,6.828571429
2020-12-21,3.9,3.6,0,,,72.36428571,8.432857143,214.171,286.19,0.15,-2.971428571,2.257142857
2020-12-28,6.3,11.9,0,,,72.19714286,8.45,214.729,290.236,0.1,2.885714286,5.528571429
2021-01-04,2.9,2.3,0,,,71.99428571,8.447142857,213.223,283.435,4.75,-4.128571429,0.942857143
2021-01-11,1.1,2.8,0,,,71.80571429,8.425714286,216.051,273.311,3.8,-8.314285714,-1.471428571
2021-01-18,2.4,2.5,0,6.334,0.052,71.61714286,8.428571429,233.092,279.867,4.7,0.828571429,4.414285714
2021-01-25,7.6,12.9,0,5.832,0.061,71.45285714,8.437142857,213.543,289.303,7.55,4.485714286,6.314285714
2021-02-01,6.2,12.6,0,5.465,0.057,71.29142857,8.445714286,218.537,293.348,13.8,1.828571429,6.428571429
2021-02-08,6.2,12.3,0,,,71.12142857,8.432857143,213.597,290.851,0.75,1,7.157142857
2021-02-15,8.9,25.6,1940,,,70.93714286,8.417142857,217.367,277.651,1.5,4.928571429,10.08571429
2021-02-22,10,17.4,0,5.86,0.063,70.74857143,8.418571429,219.376,274.804,3.9,3.814285714,8.157142857
2021-03-01,8.1,105.8,0,4.977,0.226,70.57,8.504285714,220.091,285.886,50.9,6.328571429,11.52857143
2021-03-08,9.2,8.8,0,5.094,0.063,70.73714286,8.572857143,219.536,524.784,3.2,6.242857143,12.14285714
2021-03-15,11.4,15.4,0,4.825,0.068,70.78571429,8.462857143,219.769,317.61,12.25,9.514285714,14.97142857
2021-03-22,10.6,19,0,4.398,0.06,70.80571429,8.438571429,219.077,290.16,6.8,9.971428571,16.11428571
2021-03-29,12.7,29.9,0,3.787,0.045,70.72857143,8.444285714,219.178,298.61,22.35,11.82857143,17.1
2021-04-05,14.1,26.9,1080,3.74,0.071,70.74285714,8.537142857,218.273,372.531,28.8,14.28571429,18.75714286
2021-04-12,16.3,27.2,0,4.783,0.36,71.07714286,8.517142857,219.254,359.091,15.3,13.58571429,17.88571429
2021-04-19,14,40.8,0,3.884,0.052,71.11857143,8.492857143,225.236,320.413,1.85,11.37142857,18.57142857
2021-04-26,18,52.8,0,3.51,0.063,70.98857143,8.467142857,250.235,301.907,0.15,18.42857143,22.82857143
2021-05-03,15.1,41.1,0,,,70.72428571,8.525714286,290.145,317.85,5.45,14.48571429,20.81428571
2021-05-10,15.6,69.6,0,3.63,0.112,70.42285714,8.548571429,326.162,348.221,21.2,15.57142857,22.38571429
2021-05-17,19.6,40.9,0,,,70.21,8.708571429,327.13,526.725,51.6,20.4,24.12857143
2021-05-24,19.5,17.9,0,3.226,0.058,70.36714286,8.697142857,324.796,545.904,13.15,18.71428571,24.28571429
2021-05-31,19.7,19.1,0,3.06,0.072,70.41857143,8.764285714,329.835,627.539,44.3,18.11428571,24.54285714
2021-06-07,19.6,21.2,0,2.707,0.046,70.58714286,8.814285714,416.842,658.179,25.4,21.84285714,26.85714286
2021-06-14,21.3,57.1,0,,,70.51714286,8.714285714,430.439,518.846,14.25,25.18571429,28.34285714
2021-06-21,20.6,67.9,0,2.741,0.065,70.17142857,8.662857143,428.504,473.644,3.4,23.17142857,27.87142857
2021-06-28,22.4,60.5,0,3.206,0.121,69.77714286,8.701428571,420.268,519.652,34.45,23.61428571,27.3
2021-07-05,16.6,27.8,0,1.89,0.041,69.27,9.031428571,767.31,1144.881,90,24.34285714,28.58571429
2021-07-12,20.5,11.3,0,1.926,0.04,71.24714286,9.59,1373.063,2830.744,71.15,26.44285714,29.58571429
2021-07-19,25.6,66.6,0,2.956,0.073,71.35285714,8.991428571,889.283,1092.213,17.9,28.3,32.65714286
2021-07-26,28.5,116.9,2130,,,71.07714286,8.511428571,307.308,345.58,0,29.4,33.61428571
2021-08-02,26.1,72.9,1650,2.225,0.113,70.79142857,8.605714286,331.006,401.651,55.25,29.31428571,33.6
2021-08-09,25.3,76,2200,2.282,0.055,71.14142857,8.7,391.967,550.307,17,28.22857143,32.72857143
2021-08-16,24.7,70.8,1610,2.474,0.049,71.02,8.631428571,409.811,430.506,8.15,26.8,30.94285714
2021-08-23,25,39.4,0,,,70.72857143,8.901428571,498.644,620.546,115,24.75714286,29.82857143
2021-08-30,22.6,6.1,0,2.579,0.085,72.14428571,9.738571429,1594.343,2907.312,92.95,23.37142857,28.5
2021-09-06,22.9,5.4,595,3.083,0.125,73.12857143,10.01428571,1983.699,4343.114,87.35,22.64285714,26.8
2021-09-13,25.1,23.6,2250,2.951,0.053,74.132,8.881428571,299.738,951.452,6.8,23.07142857,27.3
2021-09-20,22.1,13.5,0,,,74.16371429,8.862857143,485.892,623.816,5.05,22.75714286,26.57142857
2021-09-27,22.3,7.3,0,4.081,0.115,74.49685714,8.82,284.445,540.415,44.75,21.71428571,25.81428571
2021-10-04,23.1,11.5,0,3.799,0.055,74.71,8.677142857,248.517,361.262,20,21.98571429,25.84285714
2021-10-11,20.4,7.7,0,3.713,0.066,74.82028571,8.555714286,220.128,358.962,22.1,21.2,24.74285714
2021-10-18,14.9,4.1,0,,,74.836,8.55,221.894,351.836,15,14.58571429,19.61428571
2021-10-25,15.6,7.5,0,4.384,0.041,74.83371429,8.514285714,223.209,354.302,3.6,10.41428571,16.48571429
2021-11-01,16.2,7.2,0,3.449,0.028,74.72857143,8.48,224.601,330.354,0,12.65714286,18.71428571
2021-11-08,15.5,9.9,530,4.834,0.049,74.59171429,8.491428571,223.798,321.174,10.8,12.82857143,17.37142857
2021-11-15,12.3,6.2,275,,,74.49714286,8.52,224.428,375.907,6.45,7.642857143,12.82857143
2021-11-22,12.9,6.9,0,4.814,0.036,74.38857143,8.472857143,225.646,325.5,3.6,9.6,14.57142857
2021-11-29,9.4,7.4,0,4.928,0.091,74.25442857,8.474285714,225.3,328.642,0.25,5.314285714,9.5
2021-12-06,7.1,5.2,0,4.946,0.046,74.17685714,8.591428571,218.686,427.554,22.55,3.028571429,9.228571429
2021-12-13,7.4,6.4,0,4.821,0.029,74.10271429,8.494285714,224.81,346.644,1.5,4.685714286,10.35714286
2021-12-20,,,,,,73.96428571,8.485714286,224.752,338.057,0.7,2.971428571,5.285714286
2021-12-27,1.3,2.7,0,,,73.81342857,8.474285714,224.591,325.999,0.15,-0.814285714,4.857142857
2022-01-03,3.9,7.3,0,,,73.65514286,8.454285714,223.231,312.761,0.7,-1.685714286,3.128571429
2022-01-10,5.2,11.5,0,,,73.5,8.445714286,225.66,304.182,0.1,0.057142857,4.657142857
2022-01-17,4,9.5,0,5.798,0.034,73.32328571,8.438571429,225.531,299.621,0.85,-2.742857143,2.271428571
2022-01-24,6,13.3,0,5.537,0.041,73.16314286,8.438571429,226.058,296.768,0.1,-0.171428571,4.2
2022-01-31,4.7,7.7,0,,,72.99571429,8.437142857,224.985,298.35,0.5,0.128571429,5.557142857
2022-02-07,3.1,5.9,0,6.526,0.038,72.80542857,8.424285714,216.327,289.279,0.2,-1.985714286,3.585714286
2022-02-14,6.8,13.2,0,6.176,0.038,72.61785714,8.427142857,221.079,289.145,0.05,2.928571429,7.142857143
2022-02-21,3.9,5.8,0,6.056,0.036,72.43042857,8.428571429,226.897,291.998,0.25,-2.528571429,4.214285714
2022-02-28,7.5,10.5,270,,,72.24157143,8.427142857,223.217,289.541,1.45,1.957142857,7.242857143
2022-03-07,7.3,10.3,0,5.292,0.036,72.05714286,8.424285714,224.869,288.047,0.65,5.214285714,11.28571429
2022-03-14,13.3,46.9,5000,4.645,0.06,71.877,8.481428571,225.193,318.535,27.8,10.78571429,15.67142857
2022-03-21,9,16.9,35,,,71.82385714,8.538571429,231.321,382.012,22.65,7.314285714,13.85714286
2022-03-28,11.3,20.9,0,4.068,0.046,71.90071429,8.558571429,225.202,410.545,22.85,8.728571429,14.8
2022-04-04,13.4,26.3,0,,,72.1,8.494,225.574,349.369,0.25,10.38571429,15.52857143
2022-04-11,17.7,36.2,0,3.787,0.048,72.03514286,8.442,225.42,298.024,0.7,15.14285714,19.97142857
2022-04-18,15.5,38.9,0,3.247,0.058,71.98442857,8.545428571,238.431,388.888,31.2,14.28571429,20.75714286
2022-04-25,18.8,38.8,0,4.057,0.111,71.885,8.458,252.294,316.992,6.7,17.27142857,22.81428571
2022-05-02,15.7,57.1,0,,,71.82542857,8.577714286,295.485,406.711,31.1,15.41428571,22.45714286
2022-05-09,16.4,34.7,0,2.636,0.045,71.59528571,8.558,353.874,370.939,3.6,17.37142857,23.38571429
2022-05-16,16.3,40.9,0,2.833,0.044,71.20871429,8.550571429,361.205,357.911,0.05,18.14285714,23.85714286
2022-05-23,20,25.6,0,2.715,0.04,70.78914286,8.548571429,350.233,363.654,0,21.24285714,27.41428571
2022-05-30,20,34.2,0,,,70.34885714,8.533142857,355.581,364.412,4.55,22.02857143,28.55714286
2022-06-06,16.3,50.7,0,2.125,0.034,69.81114286,8.64,430.785,420.927,9,22.14285714,27.47142857
2022-06-13,18.9,53.7,0,2.624,0.086,69.22485714,8.671428571,442.674,454.321,0.35,22.24285714,26.28571429
2022-06-20,19.2,57.1,0,1.993,0.042,68.67771429,8.715428571,440.097,352.369,42.95,22.88571429,27.8
2022-06-27,21.6,29.2,0,2.122,0.038,68.27485714,8.805142857,418.819,389.562,44.1,26.98571429,30.17142857
2022-07-04,27.7,31.5,0,2.474,0.078,68.10585714,9.036285714,308.566,942.76,60.25,28.17142857,30.28571429
2022-07-11,26.5,45.3,525,2.33,0.058,67.92157143,8.596,265.425,337.574,28.25,27.95714286,31.75714286
2022-07-18,24.9,42.9,2010,,,67.70617143,8.713428571,258.976,533.258,68.55,25.48571429,30.3
2022-07-25,25.7,30.5,600,2.829,0.094,68.30051429,8.734571429,237.255,625.534,34.05,25.54285714,30.55714286
2022-08-01,26.6,41,3770,2.621,0.058,68.36062857,8.607428571,305.95,401.856,30.05,28.11428571,32.12857143
2022-08-08,25.6,52.2,1385,,,68.22108571,8.654285714,376.006,446.533,4.7,29.07142857,32.08571429
2022-08-15,25.7,7.5,0,,,69.62388571,10.53914286,276.466,5560.522,290.1,26.54285714,30.82857143
2022-08-22,24.2,8.6,2160,2.42,0.059,73.28148571,9.174,392.811,1676.672,124.75,26.38571429,30.68571429
2022-08-29,20.2,26,1165,2.68,0.142,73.98148571,9.079428571,853.187,1134.228,34.95,22.14285714,28.48571429
2022-09-05,24,20.5,1035,,,73.14034286,9.862142857,2022.491,2607.361,84.05,22.22857143,26.65714286
2022-09-12,22,7.3,535,3.121,0.068,73.57297143,9.746857143,1013.119,4455.158,43.35,22.12857143,27.1
2022-09-19,26.6,57.3,0,3.3,0.048,73.59651429,8.67,304.508,527.607,0.4,25.58571429,27.22857143
2022-09-26,21.3,39.8,0,3.41,0.044,73.47645714,8.616,273.76,362.348,0.05,18.4,24.72857143
2022-10-03,22,45.9,0,3.031,0.138,73.28817143,8.579142857,258.16,299.229,27.3,20.11428571,25.84285714
2022-10-10,15.8,6.5,0,3.634,0.082,73.40782857,8.800285714,233.927,598.08,62.15,15.45714286,20.77142857
2022-10-17,18.8,7,2475,3.681,0.061,73.3488,8.572,234.248,315.56,0.05,14.9,20.74285714
2022-10-24,15.6,5.6,625,3.938,0.031,73.20028571,8.502857143,220.474,346.096,0.05,11.2,17.95714286
2022-10-31,16.7,6.9,0,4.45,0.028,73.01548571,8.4568,231.518,301.399,0,12.55714286,17.54285714
2022-11-07,12.2,7.2,0,4.788,0.029,72.82022857,8.4348,218.275,292.768,0,8.914285714,16.72857143
2022-11-14,14.4,32.4,0,3.938,0.049,72.63022857,8.502085714,219.727,331.676,5.8,12.22857143,17.22857143
2022-11-21,13.5,10,0,4.391,0.035,72.4524,8.447914286,219.896,313.032,3,10.05714286,15.45714286
2022-11-28,10.2,11.9,0,4.616,0.031,72.25314286,8.474542857,226.206,301.701,30.35,8.757142857,13.52857143
2022-12-05,5.1,4.4,0,4.159,0.034,72.14977143,8.538185714,232.416,414.72,6.8,-0.028571429,7.128571429
2022-12-12,6.4,6.7,0,4.802,0.035,71.96837143,8.484414286,253.113,326.036,0.4,2.542857143,6.5
2022-12-19,1.6,2.8,0,4.876,0.035,71.8106,8.447271429,222.054,309.774,7.45,-4.457142857,1.557142857
2022-12-26,1.7,2.7,0,,,71.62488571,8.437257143,222.191,301.808,7.05,-4.614285714,1
2023-01-02,3.4,4.7,0,5.227,0.033,71.42794286,8.423242857,227.199,290.169,0.15,-1.971428571,3
2023-01-09,5,12.3,0,5.427,0.037,71.21937143,8.4274,222.496,292.88,2.9,0.1,4.9
2023-01-16,4.6,14.8,1730,4.681,0.044,71.0756,8.532985714,221.564,379.272,24.8,3.157142857,8.228571429
2023-01-23,,,,,,71.01737143,8.480528571,221.017,339.64,0.3,-0.971428571,2.428571429
2023-01-30,3.1,4.3,0,5.988,0.04,70.85262857,8.438828571,221.915,301.447,0.95,-5.914285714,-0.142857143
2023-02-06,4.8,10.3,280,5.484,0.046,70.66657143,8.428571429,225.527,290.956,0,0.757142857,5.628571429
2023-02-13,6.4,15.2,0,5.383,0.042,70.47148571,8.423242857,224.479,284.87,4.1,2.885714286,9.257142857
2023-02-20,6.7,14.5,0,5.588,0.037,70.2732,8.418571429,223.634,279.187,1.35,3.228571429,8.3
2023-02-27,7.1,13.2,295,5.207,0.035,70.07182857,8.413885714,223.247,277.868,0,2.042857143,8.342857143
2023-03-06,9.2,17.3,90,,,69.84222857,8.408442857,224.013,272.112,0,5.928571429,13.05714286
2023-03-13,8.8,23.3,0,,,69.61248571,8.412585714,224.231,265.217,12.4,11.61428571,17.67142857
2023-03-20,11.6,23,0,,,69.38554286,8.410257143,227.222,269.425,0,8.985714286,14.98571429
2023-03-27,12.4,71.9,0,,,69.1608,8.4213,232.723,276.418,11.4,12.32857143,18.3
2023-04-03,15,43.8,0,4.137,0.047,68.94897143,8.389985714,233.561,249.785,0,14.27142857,20.34285714
2023-04-10,13.6,42.9,0,3.683,0.067,68.74611429,8.462585714,234.655,295.334,30.6,10.9,18.3
2023-04-17,14.8,49.5,0,3.507,0.061,68.58982857,8.426885714,236.6,262.486,13.3,13.02857143,19.22857143
2023-04-24,17.2,69.8,0,3.728,0.064,68.36754286,8.415057143,237.781,260.875,1.35,16.92857143,21.01428571
2023-05-01,15.2,33.5,0,2.667,0.047,68.10177143,8.411942857,251.797,285.569,9.4,12.84285714,20.21428571
2023-05-08,15.3,21.8,0,3.683,0.088,67.9512,8.856757143,338.436,708.12,123.9,16.57142857,22.3
2023-05-15,17.9,32.1,0,2.505,0.034,68.48765714,8.6113,360.554,456.251,0,18.24285714,23.94285714
2023-05-22,17.7,26.9,0,2.705,0.046,68.06447143,8.619085714,393.772,454.688,5.75,20.5,26.42857143
2023-05-29,20,38.5,0,3.101,0.112,67.61165714,8.827542857,383.289,654.086,63.35,20.41428571,25.58571429
2023-06-05,19.9,33.7,0,2.483,0.035,68.91514286,8.6631,339.382,544.803,0.05,22.02857143,26.85714286
2023-06-12,21.3,72.9,0,2.132,0.058,68.6428,8.632214286,424.205,472.034,1.95,22.67142857,27.98571429
2023-06-19,22.1,62,0,2.376,0.027,68.17137143,8.605957143,421.578,415.021,0,24.31428571,29.05714286
2023-06-26,22.3,85.7,0,2.386,0.144,67.63028571,8.754028571,407.862,483.58,59.05,24.45714286,28.9
2023-07-03,27.5,19.4,0,2.89,0.092,68.9016,8.973628571,251.118,877.396,86.6,26.02857143,29.65714286
2023-07-10,,,,1.878,0.065,72.17465714,9.874557143,1164.501,2185.43,215.5,24.82857143,30.34285714
2023-07-17,,,,,,72.44294286,14.78428571,10711.173,23712.925,416.7,24.65714286,29
2023-07-24,22.8,7.2,0,2.5,0.108,71.57331429,12.34,7911.874,11582.965,99.3,25.65714286,30.37142857
2023-07-31,28,27.1,0,2.636,0.066,71.17897143,9.415714286,1714.626,2371.156,44.8,27.37142857,31.74285714
2023-08-07,29.9,73,0,2.019,0.071,71.59297143,8.485714286,320.265,316.566,6.35,29.51428571,33.5
2023-08-14,,,,2.278,0.082,73.70355714,10.53914286,1480.691,4975.869,200.4,26.02857143,31.71428571
2023-08-21,27.3,49.3,0,2.445,0.115,74.1956,9.191428571,1417.608,1055.173,1.7,27.95714286,31.65714286
2023-08-28,26.3,14.4,2450,3.006,0.093,73.74742857,9.197014286,556.006,1233.599,68.6,26.18571429,30.45714286
2023-09-04,28.3,28.9,3015,2.891,0.066,74.57674286,9.003514286,473.155,767.868,49.95,24.35714286,28.57142857
2023-09-11,26.2,75.5,9150,2.441,0.065,75.10542857,8.743371429,365.984,473.509,0,25.05714286,29.31428571
2023-09-18,25.1,6.4,0,3.132,0.13,75.11977143,9.353757143,426.734,1213.726,109.65,22.98571429,27.47142857
2023-09-25,22,4,2240,2.326,0.056,77.02598571,10.3173,1212.897,3688.496,159.7,20.5,26.45714286
2023-10-02,20.1,4.6,810,2.641,0.054,77.06834286,9.743314286,1542.577,2173.055,40.9,19.62857143,24.57142857
2023-10-09,20.3,9,1045,3.753,0.047,75.68617143,9.4765,1506.31,1657.311,0,16.1,21.97142857
2023-10-16,18.5,24.9,20,3.661,0.042,75.03514286,9.110514286,210.951,406.51,0.05,15.81428571,21.41428571
2023-10-23,16.4,10.1,0,4.578,0.052,75.00765714,9.088571429,212.161,395.048,12.25,13.02857143,19.22857143
2023-10-30,,,,3.646,0.04,74.91857143,9.069985714,226.362,383.565,0.05,14.47142857,20.12857143
2023-11-06,19.1,14.7,440,3.395,0.069,74.80337143,9.0648,226.656,380.327,19.05,17.91428571,19.87142857
2023-11-13,9.8,5.9,315,4.493,0.049,74.73731429,9.073385714,225.156,408.428,8.65,5.671428571,13.27142857
2023-11-20,10,9.9,462,4.482,0.034,74.67068571,9.006757143,226.796,375.34,9.3,5.1,10.68571429
2023-11-27,9.4,18.2,323,4.547,0.032,74.57862857,8.531828571,226.664,221.602,3.4,5.442857143,10.05714286
2023-12-04,7.1,13.2,65,4.776,0.038,74.46382857,8.5221,226.576,217.702,0.15,1.4,7.614285714
2023-12-11,12.9,49,80,3.597,0.088,74.34697143,8.553114286,226.494,214.278,42.3,9.371428571,11.94285714
2023-12-18,6.5,5.7,0,2.217,0.041,74.94697143,9.384442857,875.938,1795.441,76.95,2.814285714,7.314285714
2023-12-25,5.4,2,0,,,74.97102857,8.920514286,741.496,1184.388,1.35,-4.957142857,0.557142857
