Date,WT_JSB,Chla_JSB,Cyanocell_JSB,TN_JSB,TP_JSB,WL_UP_SCB,WL_JSB,Discharge_UP_SCB,Discharge_JSB,Prec_JSB,Temp_JSB,Forecast_Temp_JSB
2012-01-09,4,67.7,0,8.106,0.353,2.862857143,-0.388571429,0,0,3.45,-0.442857143,4
2012-01-16,5.15,124.5833333,0,9.733,0.664,3.174285714,-0.767142857,0,0,0.1,0.771428571,6.5
2012-01-23,3.4,93.575,0,7.38,0.47,3.52,0.791428571,0,0,5.8,1.9,1.7
2012-01-30,3.75,79.75,0,8.035,0.433,4.384285714,2.141428571,0,0,3.35,-0.514285714,1.4
2012-02-06,2.8,75.1,0,8.643,0.367,3.898571429,2.042857143,0,0,11.2,-1.157142857,2.3
2012-02-13,4.05,60.3,0,8.943,0.429,4.264285714,1.415714286,0,0,2.85,-0.8,3.5
2012-02-20,5.15,82.65,0,9.151,0.57,4.685714286,1.508571429,0,0,13.2,-0.4,8.1
2012-02-27,5.8,56.2,0,9.804,0.61,4.517142857,1.544285714,0,0,3.15,2.5,8.9
2012-03-05,7.8,78.7,0,7.141,0.394,3.674285714,0.827142857,0,0,40.15,5.371428571,8.8
2012-03-12,9.65,110.9,0,6.972,0.319,3.687142857,-0.91,0,0,0.15,2.657142857,10.7
2012-03-19,8.85,104.8,0,7.901,0.331,3.514285714,-0.498571429,0,0,8.05,5.2,9.7
2012-03-26,8.8,82.5,0,7.989,0.261,4.285714286,1.15,0,0,43,4.5,13.4
2012-04-02,12.4,44.1,0,5.017,0.211,3.634285714,3.098571429,0,0,46.5,9.328571429,13.5
2012-04-09,14.15,130.8,0,4.642,0.258,5.077142857,2.317142857,0,0,10,9.457142857,18.6
2012-04-16,15.2,21.9,0,4.573,0.07,7.47,3.175714286,0,0,10,10.27142857,19.2
2012-04-23,16.7,35.95,0,5.232,0.317,7.332857143,3.528571429,0,0,52.6,13.07142857,21.4
2012-04-30,18.65,25.4,0,3.264,0.153,7.574285714,3.507142857,0,0,33.65,15.94285714,24.1
2012-05-07,22.7,72.55,3275,3.421,0.151,7.577142857,3.554285714,0,0,17.1,16.77142857,23.9
2012-05-14,21.15,19.75,0,3.685,0.23,7.541428571,3.507142857,0,0,9.55,16.6,23.9
2012-05-21,22.2,25.3,0,4.609,0.283,7.532857143,2.651428571,0,0,0.35,16.62857143,27.3
2012-05-28,22.55,83.25,0,4.848,0.141,7.56,1.531428571,0,0,0.1,19.17142857,27
2012-06-04,24.05,84.45,0,4.774,0.196,7.491428571,3.224285714,0,0,0.1,20.85714286,28.2
2012-06-11,26.5,92.6,0,5.198,0.225,7.552857143,3.532857143,99.503,24.685,1.05,21.42857143,27.7
2012-06-18,25.3,72.05,0,4.177,0.184,7.555714286,3.472857143,0,0,8.6,21.72857143,28.8
2012-06-25,26.05,86.35,0,3.919,0.174,7.537142857,3.514285714,0,0,17.4,22.84285714,27.4
2012-07-02,25.55,36.65,0,4.209,0.226,7.572857143,3.555714286,0,0,28.3,22.41428571,28.1
2012-07-09,26.2,42.3,0,2.962,0.119,7.6,3.645714286,0,0,63.95,23.55714286,27.3
2012-07-16,24.3,6,0,2.939,0.127,7.588571429,3.604285714,2021.228,2601.231,135.25,24.01428571,28.2
2012-07-23,27.7,36.3,0,2.531,0.108,7.472857143,3.298571429,1027.583,1724.743,116.7,25.7,33.2
2012-07-30,31.2,76.8,0,1.893,0.091,7.538571429,3.554285714,171.054,236.407,0,27.61428571,33.4
2012-08-06,31.1,72.7,2375,2.387,0.152,7.58,3.644285714,116.676,186.207,0.1,29.15714286,31.7
2012-08-13,29.3,53.7,900,3.072,0.129,7.518571429,3.485714286,369.208,516.903,25.45,27.51428571,30
2012-08-20,29.1,23.4,75,1.754,0.078,7.562857143,3.422857143,524.4,747.731,50.85,27.58571429,30.4
2012-08-27,23.6,3.9,0,1.722,0.123,7.025714286,3.001428571,1182.974,2395.491,88.7,26.17142857,29.4
2012-09-03,24.5,6.4,400,2.496,0.05,7.254285714,2.6,2971.752,5711.566,278.5,23.47142857,27.6
2012-09-10,23.5,14.1,0,2.15,0.067,7.272857143,2.917142857,1520.349,3174.986,90.2,22.01428571,25.3
2012-09-17,21.9,2.9,650,1.92,0.07,7.132857143,2.641428571,1028.146,2239.804,169.2,20.6,25.2
2012-09-24,23.4,36.3,0,2.043,0.043,7.578571429,3.48,847.95,1428.346,0.05,20.12857143,24.8
2012-10-01,22.3,35.9,1575,2.724,0.042,7.521428571,3.648571429,187.591,359.625,1.4,19.27142857,24.4
2012-10-08,21.4,56.3,1050,2.772,0.038,7.531428571,3.577142857,152.014,307.669,0,18.61428571,22.1
2012-10-15,19.5,54.1,0,2.718,0.02,7.495714286,3.537142857,128.183,173.66,0,16.12857143,20.9
2012-10-22,17,37.9,0,3.504,0.023,7.528571429,3.532857143,112.172,240.998,44.9,15.37142857,19
2012-10-29,17.2,40.8,0,3.95,0.069,7.567142857,3.602857143,205.243,372.211,17.55,14.98571429,14.4
2012-11-05,13.9,23.9,0,3.624,0.084,7.551428571,3.505714286,86.987,142.398,7.7,10.95714286,14.2
2012-11-12,12.8,42.4,0,3.212,0.054,7.514285714,3.481428571,104.924,95.181,12.2,12.27142857,11
2012-11-19,11.2,29.7,0,4.631,0.072,7.321428571,3.508571429,149.881,197.298,22.8,8.2,10.6
2012-11-26,9.1,50.4,0,4.345,0.048,7.464285714,3.507142857,107.555,164.803,9.2,6.271428571,7.7
2012-12-03,7.4,52.9,0,4.218,0.062,7.504285714,3.498571429,95.866,161.838,2.1,5.3,3.4
2012-12-10,5.5,45.8,0,4.911,0.068,7.527142857,3.538571429,164.956,236.571,16.25,0.8,5.4
2012-12-17,5.2,18.5,0,5.297,0.121,7.55,3.557142857,270.075,391.977,18.1,4.414285714,2.8
2012-12-24,3.7,9,0,3.897,0.214,7.51,3.687142857,168.536,311.878,16.95,0.157142857,1.2
2012-12-31,2.3,20.7,0,4.878,0.092,7.507142857,3.732857143,140.541,286.507,21.55,-1.471428571,-0.6
2013-01-07,3.2,38,125,5.136,0.092,7.501428571,3.704285714,109.828,254.739,0.55,-2.242857143,3
2013-01-14,3.9,57.9,0,5.723,0.09,7.505714286,3.681428571,89.859,224.064,0.3,-0.971428571,4.1
2013-01-21,3.6,65.7,0,6.421,0.05,7.51,3.688571429,92.82,218.141,9.95,1.928571429,2.7
2013-01-28,5.3,63.5,0,6.386,0.088,7.511428571,3.615714286,154.482,309.086,1.7,1.014285714,7.4
2013-02-04,6.3,34.4,0,5.822,0.112,7.558571429,3.6231,243.555,442.338,33.7,5.471428571,2
2013-02-11,3.8,10.2,0,4.171,0.121,7.511428571,3.62,243.084,397.535,12.5,-1.614285714,4.7
2013-02-18,3.5,17.9,0,4.386,0.108,7.517142857,3.651428571,142.491,276.695,6.7,1.342857143,5.4
2013-02-25,4.9,37,0,5.112,0.095,7.524285714,3.638571429,156.635,343.195,0,2,8.9
2013-03-04,8.3,47.8,0,5.147,0.091,7.497142857,3.137142857,146.074,153.733,7.05,4.5,14.6
2013-03-11,10.8,63.3,0,4.746,0.065,7.518571429,3.661428571,69.849,198.948,0.7,7.642857143,13
2013-03-18,11.4,61.3,0,4.946,0.156,7.564285714,3.671428571,295.623,530.585,59.5,6.728571429,13
2013-03-25,12.5,47.8,0,3.275,0.083,7.542857143,3.708571429,263.117,493.851,0.05,5.528571429,13.5
2013-04-01,11,58.7,0,3.633,0.063,7.531428571,3.567142857,95.421,212.041,1.85,7.5,16
2013-04-08,11.6,33.8,450,4.306,0.053,7.502857143,3.62,108.568,214.127,21.2,8.742857143,14.7
2013-04-15,14.5,47.5,375,5.146,0.042,7.467142857,3.558571429,80.099,164.426,0.9,8.957142857,17
2013-04-22,14.4,60.1,0,5.833,0.073,7.505714286,3.617142857,73.563,169.376,3.45,11.04285714,18.6
2013-04-29,15.4,39.4,0,5.491,0.056,7.525714286,3.487142857,117.849,220.603,16.2,12.55714286,19.1
2013-05-06,18.3,41.1,125,5.906,0.077,7.518571429,3.391428571,93.753,146.488,0.1,12.65714286,23.8
2013-05-13,21.8,18.8,0,5.005,0.044,7.398571429,3.25,114.734,154.102,21.9,16.98571429,24.7
2013-05-20,21.6,11.5,0,4.674,0.076,7.524285714,3.328571429,114.591,122.696,22.9,17.6,28.4
2013-05-27,22.8,34.7,0,4.884,0.101,7.601428571,3.298571429,219.972,186.442,94.7,20.38571429,24.8
2013-06-03,21.8,34.3,250,3.451,0.089,7.558571429,3.605714286,356.973,580.209,1.6,18.15714286,29.4
2013-06-10,24,28.8,125,4.244,0.116,7.538571429,3.604285714,167.21,289.616,0.3,22.28571429,28.4
2013-06-17,24.2,77.9,450,4.454,0.119,7.335714286,3.574285714,196.284,280.048,9.25,21.74285714,27.7
2013-06-24,26.4,38.2,0,3.322,0.089,7.45,3.654285714,384.656,771.861,67.25,22.62857143,29.6
2013-07-01,27,61.4,0,3.705,0.127,7.537142857,3.485714286,156.785,293.727,7.2,23.38571429,27.2
2013-07-08,23.4,2.6,275,2.585,0.273,7.535714286,3.788571429,3428.584,5608.849,196.45,24.35714286,30.3
2013-07-15,28.3,31.2,825,2.852,0.078,7.595714286,3.304285714,402.783,648.631,0.6,26.88571429,30.6
2013-07-22,29.1,41,450,2.656,0.124,7.541428571,3.514285714,173.932,260.86,0.1,27.44285714,30.1
2013-07-29,28.2,28.2,975,3.249,0.104,7.575714286,3.637142857,285.235,357.567,20.3,26.75714286,30.8
2013-08-05,29.55,40.55,725,2.828,0.143,7.568571429,3.672857143,298.234,424.765,21.85,27.87142857,33.7
2013-08-12,32.15,49,3812.5,2.384,0.143,7.544285714,3.592857143,200.859,332.083,0,29.07142857,34.5
2013-08-19,31.5,132.35,12625,1.906,0.144,7.587142857,3.281428571,122.316,217.594,0,28.71428571,31.7
2013-08-26,26.5,9.85,37.5,2.451,0.171,7.648571429,3.314285714,971.236,1271.667,110.9,27.37142857,29.4
2013-09-02,24.8,23.6,125,2.512,0.162,7.574285714,3.651428571,703.478,1488.852,51.7,24.98571429,27.6
2013-09-09,24.4,41.5,325,2.81,0.093,7.564285714,3.63,206.79,359.292,17.75,21.41428571,27.2
2013-09-16,23.5,10.1,0,2.378,0.216,7.6,3.658571429,420.658,892.015,135,23.35714286,28.4
2013-09-23,25.9,30,425,2.331,0.064,7.557142857,3.551428571,169.501,276.841,0,23.65714286,24.7
2013-09-30,23.3,18.5,0,2.616,0.109,7.531428571,3.507142857,133.102,204.07,1,20.71428571,24.3
2013-10-07,22.9,73.5,2000,3.921,0.068,7.514285714,3.531428571,146.752,221.203,5.8,20.42857143,24.3
2013-10-14,21.1,40.8,300,3.32,0.081,7.495714286,3.494285714,129.884,201.236,11.6,19.52857143,20.5
2013-10-21,19.4,43.2,2150,3.372,0.074,7.537142857,3.515714286,102.329,189.332,0,15.17142857,19.3
2013-10-28,17.3,47,1250,3.487,0.064,7.537142857,3.357142857,93.187,218.002,0,14.14285714,19
2013-11-04,16.6,61.6,0,4.494,0.109,7.567142857,1.534285714,86.112,163.532,0.05,14.72857143,16.9
2013-11-11,14,26.2,0,4.019,0.082,7.591428571,2.627142857,133.575,33.983,23.7,12.78571429,12.7
2013-11-18,12.6,45.6,325,4.644,0.087,7.545714286,3.538571429,105.977,152.52,12.3,8.357142857,10.6
2013-11-25,10.8,53.7,0,4.809,0.077,7.565714286,3.585714286,168.075,228.945,46.4,7.828571429,7.4
2013-12-02,8.4,29.8,0,5.138,0.077,7.55,3.567142857,187.833,285.6,17.4,4.957142857,10.5
2013-12-09,7.3,23.5,0,4.261,0.121,7.5,3.55,118.607,190.186,6.7,6.928571429,5.3
2013-12-16,6.3,10.7,0,4.453,0.111,7.541428571,3.545714286,98.7,145.212,3.7,3.357142857,4.7
2013-12-23,5.4,10.3,0,5.462,0.073,7.542857143,3.52,100.724,145.419,1.35,2.728571429,4.4
2013-12-30,,,,,,7.534285714,3.542857143,99.861,146.698,4.85,1.571428571,6.9
2014-01-06,4.3,28.4,0,5.796,0.077,7.53,3.538571429,83.014,134.199,0,3.957142857,4.4
2014-01-13,3.5,63.7,0,6.566,0.072,7.528571429,3.544285714,81.848,136.261,3.75,0.642857143,4.1
2014-01-20,3.25,124.2,0,6.008,0.077,7.522857143,3.535714286,77.532,126.644,0.85,0.7,6
2014-01-27,3.95,61.9,0,7.417,0.083,7.522857143,3.547142857,83.36,139.605,1.8,2.871428571,9.8
2014-02-03,4.2,55,0,7.521,0.089,7.527142857,3.531428571,75.96,120.954,9.7,6.071428571,4.1
2014-02-10,4.7,67,0,7.22,0.091,7.52,3.527142857,66.644,114.853,4.55,0.414285714,5.8
2014-02-17,5.4,82.55,0,7.496,0.075,7.508571429,3.515714286,67.193,103.336,5.5,3.571428571,7.7
2014-02-24,6.3,60.9,0,7.039,0.075,7.512857143,3.52,68.831,95.511,0,3.257142857,11.7
2014-03-03,7.7,23.2,0,8.196,0.092,7.514285714,3.517142857,69.864,103.245,7.55,6.028571429,9.1
2014-03-10,7.4,27.5,0,8.348,0.065,7.51,3.49,64.368,97.22,0.1,3.314285714,11.8
2014-03-17,9.6,49.3,0,8.419,0.087,7.527142857,3.511428571,125.449,202.027,35.8,7.9,14.9
2014-03-24,10.7,21,0,8.226,0.091,7.457142857,3.467142857,70.467,102.387,0.15,8.5,19.4
2014-03-31,14.4,21.4,0,5.815,0.104,7.487142857,3.54,200.967,369.015,51.1,12.37142857,18.1
2014-04-07,14.1,49.2,0,4.976,0.143,7.492857143,3.497142857,83.113,137.528,0,9.785714286,19.1
2014-04-14,16,46.5,0,4.133,0.096,7.482857143,3.471428571,79.92,107.693,5.4,12.84285714,20.3
2014-04-21,16.4,29.1,0,4.198,0.104,7.508571429,3.498571429,95.334,131.237,10.3,14,22.8
2014-04-28,17.7,20.4,0,4.799,0.109,7.497142857,3.461428571,88.901,136.201,52.4,16.05714286,21.8
2014-05-05,17.9,23.7,0,4.871,0.097,7.527142857,3.525714286,119.125,186.386,4.3,13.88571429,22.2
2014-05-12,19.5,17.8,0,4.354,0.115,7.484285714,3.472857143,142.162,170.316,35.4,16.27142857,25.5
2014-05-19,21.5,17.7,0,3.99,0.105,7.492857143,3.474285714,106.078,177.541,9.5,17.98571429,26.7
2014-05-26,22.6,32.8,0,3.583,0.148,7.42,3.411428571,127.581,183.601,26.9,19.05714286,29.5
2014-06-02,23.8,63.2,0,3.387,0.134,7.514285714,3.522857143,113.496,146.407,19.8,21.42857143,26.6
2014-06-09,24,19.7,0,4.242,0.113,7.491428571,3.538571429,175.803,273.562,28.1,20.87142857,26.7
2014-06-16,24.5,38.6,0,3.379,0.096,7.45,3.471428571,131.108,181.53,13.1,21.31428571,27.8
2014-06-23,24.9,50.2,2675,3.401,0.089,7.49,3.492857143,104.155,168.463,8.9,21.82857143,29
2014-06-30,26.1,32,1725,3.163,0.07,7.505714286,3.502857143,102.815,134.255,0,23.01428571,28.6
2014-07-07,24.6,29.5,2225,4.942,0.134,7.51,3.577142857,226.484,296.635,46.2,21.87142857,29.7
2014-07-14,25.6,22.5,1700,3.382,0.14,7.32,3.508571429,158.655,274.052,43.3,24.54285714,30.6
2014-07-21,25.3,19,0,2.599,0.149,7.485714286,3.631428571,1444.15,2920.659,18.1,24.35714286,30.4
2014-07-28,27.3,20.7,675,2.454,0.081,7.562857143,3.6,171.034,330.57,29.25,25.7,31.2
2014-08-04,23.6,6.3,250,2.335,0.15,7.442857143,3.502857143,334.187,1097.064,89.9,26.3,30.4
2014-08-11,26,5.5,600,2.306,0.078,7.582857143,3.675714286,347.14,658.959,4,25.17142857,29.4
2014-08-18,23,1.2,0,2.296,0.297,7.527142857,3.58,994.873,1502.664,87.75,23.64285714,27.9
2014-08-25,23.7,1.9,0,2.114,0.277,7.602857143,3.608571429,1052.6,1924.75,56.5,23.94285714,27.8
2014-09-01,24.3,16.7,225,2.336,0.111,7.594285714,3.625714286,635.924,1146.462,16.9,22.77142857,27.6
2014-09-08,24.6,5.9,1350,2.776,0.096,7.512857143,3.574285714,258.647,458.766,32.4,23.15714286,27.7
2014-09-15,25.3,7.6,1425,2.602,0.085,7.525714286,3.528571429,144.549,212.793,0.8,22.4,26.1
2014-09-22,24.9,17.1,1750,2.897,0.079,7.481428571,3.518571429,153.847,215.949,0,21.6,25.9
2014-09-29,22.8,12,0,1.599,0.075,7.501428571,3.568571429,344.917,745.168,41,21.51428571,24.2
2014-10-06,21.6,3.4,0,2.682,0.118,7.58,2.722857143,157.73,247.731,0.6,18.85714286,24.5
2014-10-13,20.8,4,250,3.033,0.082,7.514285714,3.002857143,112.126,149.566,4.4,18.54285714,20.9
2014-10-20,19.2,3,500,3.226,0.09,7.511428571,3.017142857,101.971,131.356,12.85,16.1,20.3
2014-10-27,17.4,17.2,0,2.731,0.166,7.612857143,2.795714286,438.032,626.069,60.8,16.35714286,18.7
2014-11-03,15.4,7.3,0,2.943,0.119,7.105714286,2.807142857,176.343,122.415,22.1,13.85714286,16.5
2014-11-10,14.2,8.8,0,3.869,0.092,7.355714286,3.511428571,122.895,177.679,0.05,11.85714286,13.3
2014-11-17,12.6,7.5,0,3.75,0.092,7.511428571,3.512857143,104.051,155.954,2.8,9.028571429,13.7
2014-11-24,11.8,10.3,0,5.408,0.202,7.541428571,3.511428571,200.102,278.839,65.1,10.17142857,13.8
2014-12-01,11.6,7.2,0,2.927,0.166,7.551428571,3.697142857,327.618,629.431,27.25,10.6,3.9
2014-12-08,7.9,15.9,0,3.95,0.084,7.534285714,3.638571429,219.385,421.674,27,2.071428571,5
2014-12-15,5.4,23.4,0,4.01,0.08,7.51,3.515714286,170.044,242.533,9.9,2.857142857,2.1
2014-12-22,4.6,19.4,0,4.903,0.091,7.518571429,3.551428571,186.185,295.852,53.7,0.371428571,5.9
2014-12-29,4.4,14.5,0,4.683,0.099,7.497142857,3.517142857,159.815,251.409,0.3,2.971428571,4.3
2015-01-05,4.6,28.8,0,4.867,0.089,7.495714286,3.491428571,145.231,198.256,12,3.071428571,5.1
2015-01-12,4.5,28.1,0,5.715,0.103,7.494285714,3.538571429,189.05,286.267,0.3,2.028571429,6.2
2015-01-19,4.2,34.2,0,5.298,0.108,7.472857143,3.467142857,142.352,173.256,0.4,3.042857143,7.3
2015-01-26,5.1,57.6,0,5.458,0.069,7.492857143,3.48,130.721,175.657,19,4.385714286,5.7
2015-02-02,4.9,55.2,0,5.638,0.09,7.495714286,3.5,135.281,171.567,9.95,-0.014285714,5.4
2015-02-09,4.5,74.6,0,6.167,0.1,7.515714286,3.51,113.252,151.764,0.95,0.842857143,6.7
2015-02-16,5.5,123.7,0,5.926,0.113,7.385714286,3.395714286,129.663,180.319,19.2,4.657142857,8.9
2015-02-23,6.2,82.3,0,6.407,0.1,7.514285714,3.504285714,120.67,155.699,2.85,4.857142857,7.1
2015-03-02,7,116.05,0,6.853,0.1,7.514285714,3.51,110.509,149.919,4.2,3.614285714,9
2015-03-09,7.3,122.85,0,5.959,0.109,7.374285714,3.378571429,100.641,136.825,2.55,3.657142857,9.8
2015-03-16,8,91.2,0,5.956,0.085,7.367142857,3.361428571,80.373,117.48,0.45,5.414285714,16.3
2015-03-23,10.8,46,0,6.167,0.081,7.441428571,3.332857143,133.775,203.676,29.9,9.914285714,16.1
2015-03-30,13.3,44.2,0,6.154,0.078,7.285714286,3.375714286,90.173,104.797,0,8.457142857,18.5
2015-04-06,13.6,21.4,0,5.912,0.14,7.405714286,3.49,154.183,252.982,49.9,12.44285714,16.1
2015-04-13,15.3,73.6,0,5.812,0.143,7.318571429,3.544285714,130.638,301.913,16,10.01428571,18.1
2015-04-20,15.1,47.8,0,4.043,0.089,7.271428571,3.304285714,148.838,214.999,14.2,12.31428571,22.1
2015-04-27,17.5,45.9,0,4.263,0.064,7.501428571,3.467142857,93.157,130.04,0,14.42857143,25.4
2015-05-04,18.9,29.2,0,2.891,0.118,7.54,3.612857143,352.847,604.848,104.4,17.04285714,24
2015-05-11,19.5,23.5,0,3.011,0.098,7.527142857,3.524285714,128.755,198.52,22.85,15.72857143,24.2
2015-05-18,20.6,6.3,0,3.607,0.087,7.517142857,3.594285714,163.086,323.599,18.1,17.55714286,26.4
2015-05-25,21.5,55.6,0,3.645,0.094,7.347142857,3.47,132.406,184.337,0.05,17.85714286,29.2
2015-06-01,23.3,50.7,975,3.917,0.09,7.514285714,3.588571429,116.724,195.972,12.25,20.7,29.4
2015-06-08,23.7,72.7,1350,4.002,0.084,7.522857143,3.617142857,141.11,269.389,6.25,20.15714286,28.7
2015-06-15,24.3,40.5,325,3.9,0.091,7.43,3.584285714,203.565,277.966,0.7,23.07142857,28.3
2015-06-22,24.9,48.4,475,3.797,0.097,7.442857143,3.461428571,215.219,305.586,35.55,21.41428571,27.3
2015-06-29,24,12.6,0,3.657,0.115,7.437142857,3.414285714,239.172,334.392,56.1,21.71428571,28.2
2015-07-06,24.9,66.3,3525,3.271,0.114,7.455714286,3.331428571,152.886,203.976,19.5,21.75714286,27.5
2015-07-13,23,9.5,0,2.671,0.174,7.571428571,3.502857143,484.54,1012.556,139.9,24.02857143,29.4
2015-07-20,27.2,39.9,7675,2.19,0.068,7.558571429,3.63,295.426,481.71,2.05,24.84285714,29.1
2015-07-27,27.7,14.1,8325,3.732,0.131,7.465714286,3.532857143,208.403,304.381,17.5,25.97142857,31.3
2015-08-03,29.6,43.6,12812.5,3.067,0.107,7.347142857,3.492857143,162.163,196.371,0.05,28,33.1
2015-08-10,29.3,43.9,7212.5,2.635,0.156,7.504285714,3.62,128.688,238.799,0,28.5,30
2015-08-17,28.15,23.35,37625,3.293,0.116,7.527142857,3.551428571,155.903,254.499,31.1,25.27142857,29.4
2015-08-24,25.85,23.1,1037.5,4.076,0.185,7.492857143,3.521428571,310.95,489.365,44.35,25.08571429,28.1
2015-08-31,26.1,43.2,6950,2.044,0.103,7.517142857,3.535714286,152.235,238.658,11.1,23.9,27.5
2015-09-07,25.4,22.1,0,2.725,0.141,7.565714286,3.628571429,269.553,438.601,44.4,23.67142857,26.7
2015-09-14,24.5,45.2,2775,2.118,0.108,7.511428571,3.505714286,151.924,217.474,6.65,21.61428571,26.1
2015-09-21,23.6,34.8,1025,2.724,0.086,7.512857143,3.52,102.926,140.794,0,21.44285714,26.2
2015-09-28,23.8,67.7,5150,3.537,0.077,7.515714286,3.49,137.87,179.245,15.1,21.61428571,24.3
2015-10-05,20.8,7.1,0,4.186,0.179,7.485714286,3.541428571,289.911,515.376,76.2,19.68571429,22.3
2015-10-12,19.9,27.5,0,2.58,0.109,7.512857143,3.522857143,116.447,158.183,6,17.88571429,22.7
2015-10-19,19.4,43.6,875,2.163,0.056,7.515714286,3.502857143,94.515,115.081,0,17.75714286,23
2015-10-26,19.4,34.2,575,2.733,0.071,7.514285714,3.405714286,78.907,134.573,0,17.92857143,16.3
2015-11-02,16.6,54.7,1450,3.729,0.058,7.424285714,3.387142857,111.498,97.558,16.95,12.48571429,17.6
2015-11-09,16,37.3,0,4.696,0.096,7.325714286,3.387142857,115.033,147.213,26.3,15.5,16
2015-11-16,15.2,18.4,0,5.013,0.12,7.517142857,3.538571429,176.755,257.276,41.55,13.8,15.1
2015-11-23,14.7,13.3,0,3.981,0.123,7.54,3.585714286,207.626,362.607,23.5,12.9,8.4
2015-11-30,11.4,22.2,0,3.816,0.102,7.52,3.54,187.764,262.109,14,7.228571429,8
2015-12-07,8.8,13.6,0,4.753,0.154,7.475714286,3.502857143,169.864,227.493,6.7,6.971428571,10.3
2015-12-14,9.3,16.3,0,4.699,0.17,7.542857143,3.605714286,202.867,341.354,35.4,9.5,6.3
2015-12-21,8.4,17,0,4.262,0.154,7.502857143,3.52,166.68,247.287,12.8,4.842857143,7
2015-12-28,,,,4.423,0.118,7.515714286,3.511428571,145.895,219.626,7.65,4.985714286,6.5
2016-01-04,6.5,103.7,0,4.476,0.092,7.508571429,3.51,116.984,175.75,6.1,5.557142857,4.6
2016-01-11,5.7,118.2,0,4.52,0.092,7.514285714,3.507142857,92.084,149.511,0.35,2.885714286,3.8
2016-01-18,4.75,118.05,0,5.105,0.075,7.475714286,3.505714286,94.112,130.216,9.9,2.5,-0.5
2016-01-25,3.2,116.6,0,5.698,0.113,7.492857143,3.501428571,101.518,150.183,41,-3.242857143,4.1
2016-02-01,3.4,32.6,0,5.458,0.146,7.59,3.564285714,214.628,395.215,28.5,1.828571429,3.9
2016-02-08,4.9,66.8,0,4.486,0.136,7.504285714,3.507142857,143.611,216.61,0.4,0.857142857,9.8
2016-02-15,6,43.1,0,5.383,0.128,7.51,3.58,213.066,329.162,38.4,6.928571429,6
2016-02-22,7.3,38.6,0,4.169,0.129,7.497142857,3.537142857,173.465,271.885,0.1,3.714285714,6.7
2016-02-29,6.9,75.1,0,4.043,0.111,7.495714286,3.567142857,110.711,202.02,1.35,3.842857143,11.4
2016-03-07,10.5,27.4,0,6.055,0.176,7.588571429,3.648571429,304.894,481.313,28.35,8.871428571,10.4
2016-03-14,9.3,15.7,0,3.365,0.106,7.502857143,3.672857143,176.56,385.599,14.95,3.2,15.2
2016-03-21,10.8,47.4,0,3.696,0.1,7.441428571,3.504285714,129.166,223.425,11.7,8.871428571,14.3
2016-03-28,11.3,87.6,0,4.008,0.075,7.297142857,3.567142857,106.722,179.09,0,6.971428571,18
2016-04-04,14.7,28.5,0,4.118,0.058,7.35,3.504285714,74.167,110.457,1.3,12.81428571,19.2
2016-04-11,15.7,17.8,0,5.271,0.109,7.58,3.524285714,228.337,366.557,30.4,12.45714286,20.2
2016-04-18,16.9,16.6,0,3.434,0.115,7.505714286,3.518571429,295.61,423.114,53.4,13.71428571,21.2
2016-04-25,17.4,61.5,0,3.298,0.114,7.524285714,3.678571429,299.625,576.103,24.9,14.67142857,22.1
2016-05-02,18,32.9,0,2.612,0.109,7.584285714,3.587142857,432.396,882.459,116.6,15.98571429,22.9
2016-05-09,18.7,59.7,0,2.356,0.099,7.567142857,3.582857143,399.969,697.625,22.6,16.81428571,23.6
2016-05-16,21,84.7,0,2.916,0.081,7.487142857,3.588571429,238.346,418.807,36.6,16.6,27
2016-05-23,24.5,13.6,0,2.994,0.092,7.49,3.501428571,124.295,209.054,0,20.87142857,26.8
2016-05-30,23.2,38.4,375,3.625,0.101,7.548571429,3.555714286,189.245,322.07,26.25,19.91428571,28.2
2016-06-06,23.8,45.5,2525,3.903,0.116,7.574285714,3.598571429,199.097,321.998,9.35,20.34285714,28.2
2016-06-13,24.4,54.8,13870,3.844,0.106,7.561428571,3.552857143,156.798,284.888,2.1,22.32857143,28.6
2016-06-20,25.3,36.95,7975,3.376,0.099,7.571428571,3.542857143,171.426,271.038,33.2,22.44285714,28.1
2016-06-27,24.85,17.55,0,3.889,0.16,7.571428571,3.451428571,305.419,598.469,86.55,22.91428571,27.9
2016-07-04,21.8,2.8,0,2.221,0.177,7.562857143,3.497142857,1249.912,2460.727,144.65,23.17142857,28.1
2016-07-11,26.8,28.9,150,2.316,0.133,7.682857143,3.647142857,821.306,1047.818,47.2,25.57142857,28.9
2016-07-18,26.3,14.9,600,2.604,0.096,7.575714286,3.602857143,270.774,534.543,59.25,24.32857143,28.9
2016-07-25,27.3,19.8,0,2.812,0.119,7.497142857,3.598571429,109.48,288.516,0,27.17142857,31.5
2016-08-01,28.9,12.1,1200,2.245,0.08,7.484285714,3.487142857,97.895,175.565,0.8,29.15714286,32
2016-08-08,29.75,9.8,17360,2.807,0.088,7.591428571,3.672857143,202.13,341.083,1.3,28.45714286,33.7
2016-08-15,30.15,11.95,43145,2.313,0.117,7.554285714,3.602857143,140.884,289.21,0.05,29.45714286,32.2
2016-08-22,30.3,14.2,20390,2.335,0.141,7.55,3.532857143,129.505,264.315,0,28.91428571,31.3
2016-08-29,27,20.9,9580,2.939,0.213,7.522857143,3.564285714,209.233,342.994,19.15,25.44285714,28.3
2016-09-05,25.7,21.1,0,2.84,0.103,7.455714286,3.55,145.621,209.046,0.25,25.08571429,28.7
2016-09-12,25.9,14.2,0,3.011,0.117,7.538571429,3.55,197.795,284.914,5.9,23.87142857,26.9
2016-09-19,21.5,3,0,2.649,0.185,7.514285714,3.524285714,930.072,1471.114,136,22.91428571,25.5
2016-09-26,23.1,89.4,0,2.781,0.157,7.524285714,3.582857143,204.416,355.083,0.05,21.8,24.5
2016-10-03,22.6,18.1,0,3.269,0.166,7.545714286,3.607142857,246.274,548.658,89.5,21.94285714,24.1
2016-10-10,18.6,4.5,0,2.182,0.169,7.492857143,3.451428571,811.761,1797.538,102.7,18.65714286,21.7
2016-10-17,18.3,7.8,0,3.426,0.198,7.472857143,3.562857143,375.471,700.434,44.75,17.25714286,21.4
2016-10-24,18.4,14.4,0,2.488,0.148,7.538571429,3.574285714,232.19,439.041,2.55,17.58571429,17.8
2016-10-31,15.9,34.7,0,3.423,0.09,7.522857143,3.568571429,183.604,322.584,19.65,13.71428571,14.3
2016-11-07,14.6,40.1,850,3.933,0.094,7.504285714,3.508571429,124.005,220.087,0.15,12,13.2
2016-11-14,13.3,51.1,0,3.962,0.107,7.432857143,3.435714286,107.852,185.232,35.6,11.32857143,15.2
2016-11-21,13,21.4,0,4.713,0.092,7.487142857,3.5,108.51,206.14,15.5,12.1,8.6
2016-11-28,10.6,11.9,0,4.825,0.107,7.498571429,3.507142857,103.254,183.485,7.95,5.628571429,9
2016-12-05,8.9,22.8,0,4.701,0.097,7.51,3.512857143,95.52,176.896,2.45,6.885714286,6.8
2016-12-12,7.3,35.5,0,4.946,0.078,7.508571429,3.514285714,89.482,164.571,2,5.3,6
2016-12-19,6.5,41.4,0,5.303,0.079,7.505714286,3.52,92.873,163.419,14.05,5.828571429,8.2
2016-12-26,7,10.3,0,5.754,0.072,7.474285714,3.53,135.058,258.094,29.4,6.8,4.8
2017-01-02,6.4,11,0,5.446,0.123,7.494285714,3.53,123.887,252.111,0.65,3.271428571,8.3
2017-01-09,6.3,63.9,0,4.389,0.117,7.454285714,3.514285714,94.375,184.352,3.15,6.314285714,2.9
2017-01-16,4.9,59,0,4.562,0.081,7.495714286,3.497142857,89.331,156.738,1.15,1.128571429,3.2
2017-01-23,3.85,104.75,0,4.964,0.095,7.502857143,3.507142857,88.008,155.126,6.2,0.571428571,3.5
2017-01-30,3.85,135.4,0,5.311,0.105,7.502857143,3.505714286,78.987,141.201,3.55,1.785714286,4.6
2017-02-06,4.45,95.85,0,5.591,0.125,7.502857143,3.508571429,79.756,142.739,1.85,2.242857143,3.6
2017-02-13,4.45,143.8,0,5.681,0.102,7.501428571,3.495714286,79.916,143.956,10.5,0.742857143,7.6
2017-02-20,6.1,74,0,6.147,0.104,7.445714286,3.507142857,92.637,141.929,6.25,4.271428571,6.5
2017-02-27,7.15,62.55,0,6.829,0.111,6.48,3.571428571,131.653,254.817,13.85,3.757142857,10.3
2017-03-06,7.2,49.4,0,6.92,0.117,6.361428571,3.538571429,64.896,170.019,2,5.071428571,10
2017-03-13,8.8,22.9,0,4.596,0.065,7.478571429,3.512857143,75.529,125.988,1.15,5.728571429,14.6
2017-03-20,9.6,8.8,0,5.713,0.087,5.504285714,3.531428571,84.087,168.097,9.3,6.757142857,14.3
2017-03-27,11.1,42.9,0,6.329,0.097,6.077142857,3.497142857,12.101,104.028,9.8,7.171428571,14.7
2017-04-03,12,36.3,0,6.381,0.064,7.498571429,3.511428571,56.803,107.743,6.3,9.057142857,18.7
2017-04-10,15.5,40.8,0,5.697,0.092,7.521428571,3.568571429,145.578,299.277,24.55,13.02857143,19.2
2017-04-17,17.5,112.2,0,5.649,0.138,7.462857143,3.5,106.485,193.341,15.8,14.05714286,19.2
2017-04-24,16.8,55,225,4.328,0.08,7.49,3.501428571,74.01,131.903,1.5,13.4,21.8
2017-05-01,19.9,17.4,0,,,7.491428571,3.498571429,69.947,111.466,4.7,16.25714286,25
2017-05-08,19.7,10.7,0,4.557,0.089,7.492857143,3.494285714,71.825,106.368,5.45,17.91428571,24.6
2017-05-15,19.8,30.2,0,4.806,0.087,7.48,3.49,79.153,114.276,8.5,16.71428571,26.6
2017-05-22,21.4,14.2,0,4.858,0.037,7.475714286,3.472857143,66.072,93.227,0,19.37142857,27.5
2017-05-29,21.8,25.7,0,5.093,0.065,7.505714286,3.511428571,74.955,115.539,0.05,19.67142857,27.9
2017-06-05,22.75,32.15,21575,5.075,0.108,7.554285714,2.95,131.076,243.199,0.2,20.77142857,26.8
2017-06-12,23.5,44.8,700,4.164,0.075,7.588571429,2.518571429,130.603,189.988,10.05,20.24285714,28.7
2017-06-19,24.75,27.15,53610,3.69,0.063,7.535714286,2.512857143,38.547,74.546,0,22.01428571,30.6
2017-06-26,25.4,12.15,13740,3.039,0.068,7.584285714,2.531428571,142.344,191.169,16.05,23.35714286,29
2017-07-03,26.55,12.65,2650,4.699,0.179,7.597142857,2.524285714,183.61,245.473,4.95,24.95714286,29.2
2017-07-10,27.6,11.6,0,3.57,0.206,7.548571429,2.511428571,252.61,400.903,51.6,26.52857143,31.4
2017-07-17,26.7,8.3,0,2.45,0.127,7.574285714,2.52,490.699,640.047,29.6,26.71428571,32.6
2017-07-24,28.5,27,6820,2.458,0.067,7.574285714,2.52,246.292,267.999,19.6,28.1,31.3
2017-07-31,29.4,69.35,220350,,,7.567142857,2.518571429,163.76,197.953,34.9,28,32.2
2017-08-07,30.6,33.65,116525,2.303,0.108,7.571428571,2.52,199.546,290.008,0.05,29.6,31.7
2017-08-14,27.3,19.8,10850,2.232,0.157,7.58,2.538571429,200.602,277.849,86.2,26.72857143,28.9
2017-08-21,26.6,12.3,0,2.293,0.114,7.59,2.54,411.501,727.798,81.65,26.15714286,29.4
2017-08-28,25.5,7.1,0,2.645,0.156,7.617142857,2.548571429,874.696,1445.186,33,27.28571429,27.5
2017-09-04,24.95,35.9,9337.5,2.587,0.234,7.614285714,2.537142857,211.337,198.263,1,22.95714286,27.7
2017-09-11,22.5,10.6,2975,2.198,0.206,7.57,2.494285714,527.614,846.417,103.6,22.65714286,26.2
2017-09-18,23.6,71,1125,1.911,0.076,7.597142857,2.52,320.144,462.605,0,22.07142857,26.7
2017-09-25,24.05,33.65,10340,2.214,0.072,7.567142857,2.545714286,138.49,180.97,0,22,24.7
2017-10-02,,,,,,7.591428571,2.544285714,254.269,379.38,45.7,20.82857143,22.7
2017-10-09,21,89.8,3900,2.072,0.081,7.582857143,2.515714286,182.799,305.144,16.7,19.28571429,21.1
2017-10-16,19.3,13.2,0,2.89,0.102,7.598571429,2.51,147.657,173.439,6.1,16.57142857,20.7
2017-10-23,18.3,13.3,0,3.588,0.081,7.557142857,2.542857143,101.078,120.531,0.05,16.31428571,19.8
2017-10-30,16.9,23.9,0,3.881,0.058,7.565714286,2.522857143,83.548,106.721,0,14.21428571,16.4
2017-11-06,14.7,13.2,0,4.125,0.094,7.561428571,2.512857143,76.697,97.597,0.9,11.28571429,15.6
2017-11-13,13.5,9,2780,4.496,0.099,7.507142857,2.485714286,75.167,109.118,0.1,11.94285714,9.8
2017-11-20,10.3,32.7,0,4.988,0.103,5.84,2.02,125.621,158.792,0.45,6.957142857,9
2017-11-27,8.5,11.1,0,5.578,0.077,5.522857143,1.634285714,98.879,121.949,0.3,7.414285714,8.2
2017-12-04,7.2,14.8,0,5.935,0.1,5.287142857,1.512857143,113.747,103.513,1.5,5.557142857,4.7
2017-12-11,5.7,27.7,0,5.94,0.082,4.984285714,1.508571429,85.766,106.398,11.9,3.528571429,1.2
2017-12-18,4,28.3,0,6.262,0.05,4.801428571,1.505714286,88.548,111.778,5.85,-0.342857143,5.1
2017-12-25,4.8,39.5,0,6.736,0.077,4.575714286,1.511428571,114.749,136.557,25.75,3.828571429,3.4
2018-01-01,4.4,15.8,0,7.252,0.068,4.898571429,1.507142857,62.789,82.447,0.5,2.442857143,2.7
2018-01-08,4.4,100.3,0,6.449,0.121,5.997142857,1.51,69.077,91.879,4.6,1.928571429,1
2018-01-15,4.05,93.15,0,6.898,0.104,6.015714286,1.511428571,82.819,112.152,24.8,-0.514285714,6.7
2018-01-22,4.85,122.1,0,7.609,0.206,6.03,1.545714286,149.086,241.02,24.05,3.985714286,-1.7
2018-01-29,3.7,174.2,0,5.648,0.184,6.002857143,1.505714286,91.995,117.676,4.25,-5.014285714,1.2
2018-02-05,2.5,57.1,0,6.507,0.111,5.998571429,1.511428571,68.967,97.949,14.1,-2.371428571,1.1
2018-02-12,3.8,49.3,0,7.557,0.103,6.022857143,1.514285714,73.704,98.814,6.55,-1.171428571,5.3
2018-02-19,4.4,48.6,0,7.179,0.112,6.018571429,1.521428571,74.055,101.766,0.05,2.128571429,8
2018-02-26,6,38.3,0,9.501,0.119,6.021428571,1.512857143,65.094,91.313,0,3.3,10.2
2018-03-05,9.3,29.1,0,9.267,0.108,6.132857143,1.52,110.559,140.271,33.3,7,9
2018-03-12,10.6,20.3,0,7.108,0.125,6.09,1.545714286,163.56,273.428,24,5.514285714,15.3
2018-03-19,12.5,9.9,0,5.538,0.28,6.027142857,1.512857143,244.278,702.912,98,10.78571429,12.2
2018-03-26,11.4,39.5,0,4.613,0.094,4.857142857,1.514285714,258.962,596.747,16.7,7.114285714,19.1
2018-04-02,17.1,49.2,0,5.456,0.07,3.717142857,1.527142857,140.985,186.095,0,14.94285714,15.2
2018-04-09,12.9,57.5,0,3.523,0.11,2.947142857,1.497142857,410.666,435.193,59.2,11.5,17.7
2018-04-16,14.9,65.7,0,5.345,0.114,2.89,1.522857143,453.623,281.823,20.65,12.37142857,21
2018-04-23,18.3,27.6,0,4.023,0.092,2.94,1.508571429,243.41,309.179,68,14.67142857,20.3
2018-04-30,19,66.3,0,4.252,0.112,3.005714286,1.488571429,396.365,740.588,21.2,15.14285714,21.4
2018-05-07,18.5,34,0,4.719,0.133,2.912857143,1.52,234.512,299,51.85,16.41428571,22.7
2018-05-14,20.2,48.8,0,3.99,0.091,2.948571429,1.522857143,269.244,461.91,26.9,16.5,24.6
2018-05-21,21.9,64.1,0,3.444,0.099,2.902857143,1.482857143,225.103,278.674,0.9,19.74285714,25.2
2018-05-28,22.4,91.7,0,3.484,0.091,2.92,1.542857143,237.372,280.317,9.85,19.37142857,27.6
2018-06-04,24.5,29.7,0,4.009,0.065,2.947142857,1.53,242.312,211.651,0.05,21.18571429,27.4
2018-06-11,25.5,20.5,0,4.199,0.116,3.012857143,1.528571429,235.511,197.641,0.45,21.74285714,27.2
2018-06-18,25.3,30.2,1094,4.013,0.088,2.947142857,1.541428571,240.3,185.461,0.05,21.87142857,30.2
2018-06-25,26.3,24.4,8124,3.367,0.069,2.945714286,1.52,227.944,178.895,9.1,23.37142857,28.2
2018-07-02,23.6,4.5,0,2.562,0.189,3.548571429,1.497142857,1152.233,2740.285,216.1,24.71428571,27.9
2018-07-09,26.1,67.1,1942,3.416,0.083,3.252857143,1.487142857,484.679,761.66,4.2,24.85714286,30.6
2018-07-16,29.4,19.4,0,3.631,0.073,2.704285714,1.517142857,95.783,192.147,0,27.52857143,34
2018-07-23,31.1,38.95,165700,2.555,0.133,2.661428571,1.482857143,66.633,121.466,0.05,28.95714286,35.4
2018-07-30,31.9,95.15,164763.5,2.712,0.147,2.66,1.488571429,62.763,103.856,0.05,29.65714286,36
2018-08-06,31.5,41.45,55170.5,2.878,0.159,2.638571429,1.478571429,58.584,98.58,0.05,30.28571429,34.9
2018-08-13,30.9,22.8,31503.5,3.925,0.206,2.744285714,1.491428571,91.946,268.832,2.4,29.9,34.3
2018-08-20,27.8,39.3,29959,2.479,0.136,2.647142857,1.482857143,59.554,113.158,0.05,28.84285714,32.4
2018-08-27,24.1,7.7,0,1.919,0.25,3.332857143,1.655714286,850.909,2008.132,200.8,26.85714286,29.9
2018-09-03,24.1,5.7,151,1.842,0.144,3.145714286,1.501428571,761.534,2431.282,54.85,26.41428571,27.6
2018-09-10,23.4,52.5,981,2.727,0.105,3.175714286,1.491428571,614.252,2197.494,90.2,22.97142857,26.7
2018-09-17,24.5,45.1,6498,3.154,0.062,2.758571429,1.501428571,122.365,312.588,18.9,23.27142857,25.2
2018-09-24,22.4,103.6,8900,2.426,0.091,2.752857143,1.512857143,120.316,338.575,30.5,21.17142857,23.5
2018-10-01,22,135.5,1092,2.788,0.113,2.69,1.5,80.27,196.636,0.05,20.21428571,22.6
2018-10-08,19.1,7.1,0,2.024,0.156,2.92,1.525714286,520.912,1392.819,133.2,18.52857143,19
2018-10-15,17.5,59.9,0,3.061,0.154,2.731428571,1.507142857,110.605,256.228,0.4,14.88571429,19.3
2018-10-22,16.8,37.7,0,3.165,0.088,2.687142857,2.362857143,48.519,95.301,0,14.52857143,17.6
2018-10-29,16.3,29.3,0,3.838,0.071,2.682857143,2.334285714,41.602,199.14,4.85,14.84285714,15.4
2018-11-05,13.8,93.4,0,4.184,0.217,2.671428571,-1.262857143,51.536,186.457,0.05,11.62857143,16.4
2018-11-12,13.8,51.4,0,2.703,0.263,2.764285714,-1.201428571,122.178,250.432,35.7,13.05714286,14
2018-11-19,11.1,109.6,0,3.802,0.115,4.535714286,-1.295714286,39.352,135.401,5.5,10.08571429,9.9
2018-11-26,10.1,77.2,0,5.536,0.11,6.027142857,-1.221428571,97.235,107.315,9.9,8.628571429,11.5
2018-12-03,11.5,72,0,5.194,0.149,6.005714286,-1.285714286,93.532,73.889,10.4,10.67142857,5.2
2018-12-10,4.5,75.9,0,4.614,0.284,6.007142857,-1.207142857,127.233,113.152,19.2,1.885714286,4.2
2018-12-17,4.8,106.8,0,6.078,0.139,5.998571429,-1.33,98.548,105.667,1.3,2.942857143,7.6
2018-12-24,7.2,,0,6.203,0.133,6,-1.334285714,71.043,105.795,2.1,6.957142857,1
2018-12-31,,,,,,5.978571429,-1.224285714,53.378,118.273,5.5,-0.771428571,3.4
2019-01-07,3.9,55.5,0,6.917,0.099,5.971428571,-1.072857143,47.646,147.649,0.2,1.214285714,4.3
2019-01-14,5.5,75.1,0,8.335,0.182,5.978571429,-1.355714286,50.27,106.613,2.4,2.428571429,4.4
2019-01-21,4.9,128.7,0,6.526,0.167,5.988571429,-1.288571429,48.855,109.752,1,2.371428571,5.2
2019-01-28,5.15,121,172,7.015,0.13,5.985714286,-1.41,46.369,98.679,0,2.871428571,5.5
2019-02-04,7.4,126,121,7.085,0.234,5.987142857,-1.377142857,71.012,93.577,18.55,3.442857143,5.4
2019-02-11,4.55,174.85,201,5.067,0.212,5.998571429,-1.294285714,53.081,112.968,0.15,1.742857143,5.9
2019-02-18,5.7,90.6,0,7.213,0.119,5.988571429,-1.231428571,47.855,117.995,1.2,1.471428571,9.3
2019-02-25,8.8,101.2,0,5.804,0.223,5.997142857,-1.387142857,71.185,95.383,16.85,4.557142857,11.6
2019-03-04,11,111.65,0,6.019,0.139,5.991428571,-1.192857143,47.965,125.261,3.2,6.885714286,12.6
2019-03-11,10.3,81.7,0,6.454,0.198,5.998571429,-1.301428571,71.004,115.055,20.7,7.214285714,11.6
2019-03-18,11.2,92,0,6.502,0.24,5.982857143,-1.254285714,42.309,121.921,0.85,7.071428571,14.4
2019-03-25,10.8,52,0,6.994,0.19,5.937142857,-1.094285714,75.989,63.721,16.85,7.371428571,14.7
2019-04-01,11.9,31.5,0,6.199,0.129,3.701428571,1.37,102.31,0.05,0.2,9.442857143,15.9
2019-04-08,13.7,79.9,0,5.165,0.163,2.731428571,2.235714286,83.776,89.627,9.6,9.942857143,15.9
2019-04-15,13,31,0,3.561,0.146,2.867142857,2.05,234.156,267.967,33.3,10.12857143,20.6
2019-04-22,15.9,38,0,3.078,0.18,2.745714286,1.991428571,110.846,101.193,0.5,15.92857143,20.1
2019-04-29,16.9,51.5,24,4.2,0.164,3.784285714,1.994285714,84.239,102.326,41.6,13.6,22.6
2019-05-06,18,62.6,0,3.93,0.114,4.495714286,1.59,83.999,205.064,1.3,14.7,24
2019-05-13,19.6,38.4,0,2.768,0.144,4.491428571,1.484285714,49.104,76.554,0,16.51428571,27.1
2019-05-20,21.7,20.4,0,5.646,0.177,5.222857143,1.501428571,122.366,209.526,67.95,20.02857143,27.3
2019-05-27,22.2,22.7,0,3.166,0.159,5.515714286,1.565714286,118.517,193.511,53.2,20.14285714,26.2
2019-06-03,22,102.4,0,2.344,0.136,5.614285714,1.544285714,130.697,248.261,1.85,19.2,28.1
2019-06-10,23.6,41.8,0,3.044,0.165,5.568571429,1.537142857,178.131,335.866,69,20.6,27.3
2019-06-17,23.7,39.7,0,2.741,0.139,5.534285714,1.541428571,100.66,196.643,5.9,20.04285714,27.6
2019-06-24,25.9,52,61,3.114,0.088,5.558571429,1.512857143,66.667,127.871,0.9,21.95714286,28.4
2019-07-01,23,16.3,0,2.623,0.131,5.52,1.532857143,388.591,1025.928,98.5,22.6,30.6
2019-07-08,26.4,22,81,2.811,0.089,5.568571429,1.495714286,114.604,218.236,0.65,23.91428571,28.7
2019-07-15,25,73,33,2.304,0.095,5.594285714,1.631428571,157.04,296.979,22.4,23.02857143,29.9
2019-07-22,24.2,8.9,0,2.248,0.108,5.577142857,1.511428571,517.867,1080.743,115.1,24.54285714,30.5
2019-07-29,26,7.3,0,2.312,0.165,5.57,1.491428571,494.132,789.926,26.95,27.04285714,33
2019-08-05,31.1,54.9,60,2.235,0.123,5.554285714,1.515714286,128.582,170.499,0,28.7,33.2
2019-08-12,28.6,23.4,0,2.623,0.226,5.624285714,1.551428571,209.894,366.131,98.15,28.85714286,32.1
2019-08-19,29,89.4,189,1.514,0.087,5.604285714,1.508571429,160.936,220.645,7.45,27.1,30.6
2019-08-26,26.3,47,1345,2.14,0.132,5.524285714,1.538571429,648.747,680.233,7.4,26.22857143,28.7
2019-09-02,25.1,33.9,33,3.021,0.101,5.55,1.492857143,147.4,190.061,35.6,23.32857143,27.3
2019-09-09,25.1,12.8,109,2.592,0.21,5.54,1.548571429,318.577,623.686,107.1,24.7,28
2019-09-16,26.7,34.1,638,2.128,0.105,5.607142857,1.52,160.625,269.037,0.05,24.45714286,25.4
2019-09-23,20.2,6.8,168,2.359,0.16,5.53,1.508571429,699.705,1394.876,148.75,20.58571429,25.3
2019-09-30,23.2,63.5,2280,2.942,0.108,5.642857143,1.584285714,251.743,407.935,0,21.98571429,24.4
2019-10-07,21.3,6.9,84,2.675,0.127,5.542857143,1.591428571,1414.978,3078.466,159,20.25714286,21.1
2019-10-14,20.4,65.3,584,3.204,0.065,5.605714286,1.521428571,212.615,332.865,0,17.42857143,20.1
2019-10-21,19.1,30.7,116,3.173,0.036,5.612857143,1.515714286,118.726,137.656,0,16.52857143,20
2019-10-28,17.7,33.5,0,3.392,0.045,5.52,1.494285714,83.194,107.367,0,16.08571429,18.7
2019-11-04,17.1,65.8,0,3.942,0.046,5.497142857,1.487142857,64.335,82.375,0,14.67142857,16.5
2019-11-11,15.2,84.6,0,4.128,0.058,5.615714286,1.492857143,56.406,75.132,4.4,11.58571429,13.1
2019-11-18,14,50.5,0,4.51,0.067,7.415714286,1.46,45.258,61.314,9.3,10.77142857,12
2019-11-25,12,32.3,0,5.567,0.075,7.615714286,1.472857143,70.246,78.752,0.65,9.128571429,9.9
2019-12-02,,,,5.716,0.088,7.02,1.504285714,129.324,122.297,22.1,5.9,5.8
2019-12-09,7.8,12.5,0,6.096,0.06,6.007142857,1.485714286,71.026,82.08,0.3,3.585714286,8.7
2019-12-16,7.4,20.9,0,5.431,0.155,6.005714286,1.494285714,65.046,77.746,0.2,7.071428571,7.8
2019-12-23,6.7,13.2,0,6.084,0.049,6.008571429,1.491428571,72.774,74.298,1.9,5.028571429,6.5
2019-12-30,,,,,,6.118571429,1.501428571,74.526,106.583,15.7,4.485714286,5.7
2020-01-06,5.7,34,0,5.909,0.042,6.011428571,1.494285714,62.05,102.953,12.85,2.642857143,6
2020-01-13,6.8,24.7,0,4.186,0.139,6.014285714,1.494285714,262.063,440.202,30.4,4.342857143,4.4
2020-01-20,5.6,58.2,0,5.036,0.107,6.047142857,1.525714286,104.481,156.054,0.15,1.885714286,7.7
2020-01-27,7.35,42.8,0,5.881,0.092,6.057142857,1.522857143,93.367,147.629,29.6,4.4,7.8
2020-02-03,7.25,82.25,0,5.353,0.143,6.061428571,1.541428571,97.203,179.674,0.4,3.742857143,4.4
2020-02-10,7.1,79.8,0,5.148,0.133,6,1.511428571,68.9,121.417,0.25,0.342857143,10.2
2020-02-17,6.4,49.6,0,6.086,0.097,6.024285714,1.495714286,93.024,151.439,21.4,5.457142857,8.5
2020-02-24,8.4,80.6,0,5.915,0.106,6.011428571,1.508571429,122.9,197.403,1.65,5.014285714,11.4
2020-03-02,10.2,43.5,0,5.021,0.139,6.03,1.49,135.942,208.836,5.45,6.6,10.9
2020-03-09,10.1,83.9,0,4.638,0.107,6.044285714,1.532857143,91.258,151.617,7.8,5.042857143,11.8
2020-03-16,10.3,84,0,5.289,0.097,6.008571429,1.498571429,100.539,152.906,6.9,5.4,15
2020-03-23,13.2,52.8,0,4.868,0.086,6.011428571,1.52,58.425,103.709,0.6,9.885714286,16.9
2020-03-30,13.6,72.6,0,5.663,0.098,5.978571429,1.484285714,116.072,148.188,13.6,9.728571429,17.6
2020-04-06,14.2,104.9,0,6.107,0.184,6.02,1.497142857,82.292,97.291,0.1,8.542857143,17.2
2020-04-13,14.1,46.3,0,3.687,0.066,6.015714286,1.488571429,67.555,68.983,8.55,8.685714286,19.3
2020-04-20,15.6,50.3,0,6.263,0.064,5.984285714,1.528571429,136.043,212.579,52.3,11.32857143,16.5
2020-04-27,15.6,48.5,0,3.355,0.093,5.99,1.51,93.621,197.979,0,10.52857143,23.6
2020-05-04,19.7,45.2,0,3.502,0.071,6.002857143,1.501428571,108.815,142.433,55.1,16.6,24.4
2020-05-11,20.7,40.2,0,4.331,0.094,5.99,1.494285714,177.419,266.546,46.55,15.98571429,23.4
2020-05-18,21.3,33.4,0,3.505,0.095,5.994285714,1.497142857,160.167,242.852,26.7,17.15714286,22.5
2020-05-25,20.9,53.9,0,4.024,0.069,6.007142857,1.502857143,167.703,246.95,1.6,16.8,25.6
2020-06-01,22.7,27.9,0,3.874,0.087,5.978571429,1.515714286,137.753,198.099,11.5,18.71428571,28.4
2020-06-08,26.6,25.8,276,4.029,0.096,5.538571429,1.548571429,138.16,199.833,0.2,21.9,29.9
2020-06-15,24.9,8.7,0,3.095,0.158,5.524285714,1.477142857,490.318,939.729,109.3,23.41428571,29.3
2020-06-22,26.5,91.9,0,2.834,0.128,5.472857143,1.47,326.226,725.911,75.2,21.52857143,29.4
2020-06-29,23.9,48.1,0,3.907,0.164,5.475714286,1.497142857,177.424,322.615,74.05,22.64285714,28.4
2020-07-06,24,50.7,0,2.723,0.096,5.581428571,1.46,242.092,507.898,19.35,21.44285714,29.4
2020-07-13,20.9,5.8,33,2.265,0.118,5.484285714,1.658571429,1894.155,2871.409,253.55,22.94285714,27.6
2020-07-20,24.9,30.3,0,2.848,0.094,5.547142857,1.511428571,881.054,1980.196,8.9,22.54285714,28.2
2020-07-27,23.2,5.4,0,2.203,0.112,5.52,1.531428571,1286.748,2109.155,76.3,22.54285714,29.3
2020-08-03,25.7,13.7,0,2.636,0.129,5.525714286,1.614285714,2098.537,3178.081,11.2,26.94285714,29
2020-08-10,,,,,,6.75,2.937142857,7598.481,12489.444,135.05,27.35714286,30.8
2020-08-17,30.8,102,95,2.63,0.088,5.501428571,1.494285714,1052.03,1977.821,0.9,28.35714286,33.5
2020-08-24,30.3,26,488,2.687,0.105,5.501428571,1.487142857,211.698,338.854,0.05,27.38571429,31.9
2020-08-31,28.3,36.7,0,2.111,0.263,5.572857143,1.494285714,525.163,1122.887,70.5,27.91428571,29.5
2020-09-07,21.9,4.3,325,2.107,0.163,5.325714286,1.32,1237.031,2207.557,171.65,23.61428571,26.8
2020-09-14,22.8,4.3,0,2.3,0.136,5.474285714,1.532857143,849.51,1597.731,24.8,22.61428571,25.6
2020-09-21,22.8,88.9,3842,2.649,0.095,5.522857143,1.484285714,370.796,656.625,12.25,21.37142857,23.9
2020-09-28,23.7,64.8,2302,2.781,0.066,5.435714286,1.477142857,188.069,301.122,0,20.68571429,23.7
2020-10-05,22.6,184.7,2466,2.89,0.068,5.48,1.414285714,118.423,212.094,4.9,19.37142857,21.7
2020-10-12,21,125.8,1985,3.107,0.069,5.49,1.497142857,115.794,188.472,0,17.71428571,19.9
2020-10-19,18.1,217.7,270,3.318,0.097,5.472857143,1.477142857,98.755,166.473,0,14.95714286,18.4
2020-10-26,16.1,238.5,1116,3.592,0.103,5.495714286,1.441428571,96.912,167.47,15.6,14.12857143,17.5
2020-11-02,15.6,122.6,365,3.633,0.077,5.494285714,1.508571429,78.502,139.285,2.35,13.72857143,14.2
2020-11-09,13.5,149.8,399,4.397,0.111,5.507142857,1.512857143,78.094,139.722,1.85,11.24285714,15.5
2020-11-16,13.5,51.5,480,4.3,0.092,6.625714286,1.511428571,23.74,51.726,0,12.2,15.8
2020-11-23,12.7,34.7,0,5.054,0.104,7.58,1.471428571,122.972,182.54,9.9,13.37142857,9.2
2020-11-30,10,38.8,0,4.665,0.115,7.482857143,1.548571429,98.106,151.985,0.1,7.1,7.2
2020-12-07,8.1,52.7,0,5.195,0.067,5.99,1.53,111.92,139.211,0.05,4.914285714,7.7
2020-12-14,6.2,33.5,0,5.273,0.063,5.994285714,1.544285714,79.173,97.433,1.9,4.342857143,1.6
2020-12-21,4.8,61.4,0,6.431,0.067,5.987142857,1.51,89.002,103.248,0.3,-0.042857143,6.2
2020-12-28,5,129.5,0,,,5.922857143,1.55,87.599,109.984,11.35,5.257142857,1.5
2021-01-04,4.4,168.2,0,8.172,0.136,6.044285714,1.557142857,91.465,114.03,5.55,0.214285714,-2.4
2021-01-11,,,,7.298,0.074,6.05,1.515714286,88.514,98.324,7.35,-4.457142857,4.1
2021-01-18,3.6,133.4,0,8.863,0.165,5.982857143,1.55,99.833,134.664,2.95,3.585714286,6.3
2021-01-25,6.1,129.1,0,8.056,0.135,5.975714286,1.535714286,103.359,135.471,19.35,6.2,6.4
2021-02-01,7,161,0,7.885,0.191,5.948571429,1.535714286,123.507,182.609,17.4,4.028571429,6.6
2021-02-08,6.4,174.3,0,7.127,0.185,5.891428571,1.517142857,103.479,126.746,1.7,2.5,10.5
2021-02-15,8,98.6,0,5.825,0.102,5.991428571,1.525714286,84.051,102.069,0.3,5.185714286,7.6
2021-02-22,8.8,73.3,0,7.394,0.082,5.975714286,1.538571429,86.32,111.087,2,5.157142857,11.5
2021-03-01,9.3,99,0,8.065,0.13,6.067142857,1.568571429,127.83,164.598,52,7.014285714,11.7
2021-03-08,11.1,78.3,0,4.122,0.142,5.951428571,1.542857143,236.471,374.395,9.9,6.5,14.8
2021-03-15,13,62.7,0,4.754,0.099,5.957142857,1.47,130.222,214.148,20,8.814285714,16
2021-03-22,13,33.2,0,4.844,0.136,5.964285714,1.52,108.241,175.019,18.35,8.514285714,16.8
2021-03-29,14.9,52.5,0,5.058,0.187,5.96,1.49,233.916,380.373,41.7,11.9,18.9
2021-04-05,15.6,47,0,3.973,0.125,5.625714286,1.482857143,172.491,272.983,3.2,13.65714286,17.9
2021-04-12,16.8,54.8,0,4.065,0.1,5.471428571,1.444285714,129.515,184.863,32,12.54285714,17.8
2021-04-19,16.4,43.2,0,4.16,0.117,5.458571429,1.472857143,138.007,194.201,0.1,10.81428571,23.2
2021-04-26,19.2,63.4,149,3.24,0.096,5.512857143,1.514285714,88.86,126.432,0.05,17.21428571,20.6
2021-05-03,19.4,48,0,4.094,0.137,5.502857143,1.492857143,101.058,136.088,25.95,14.07142857,22.1
2021-05-10,19.9,65.9,1019,4.124,0.105,5.484285714,1.49,115.075,172.556,23.25,16.22857143,24.1
2021-05-17,21.3,21.3,0,3.728,0.221,5.475714286,1.462857143,292.039,396.558,66.25,19.62857143,24.3
2021-05-24,23.6,83.4,31,2.945,0.139,5.492857143,1.465714286,163.257,269.843,12.05,17.87142857,24.2
2021-05-31,23.5,61.9,338,3.21,0.079,5.47,1.462857143,168.323,235.865,1.65,19.02857143,26.6
2021-06-07,24.5,118,0,3.492,0.14,5.457142857,1.478571429,196.057,295.215,16.4,21.38571429,28.4
2021-06-14,25.8,96.6,0,2.295,0.094,5.464285714,1.461428571,279.202,438.886,69.8,22.75714286,28
2021-06-21,26.4,68.6,410,2.813,0.083,5.492857143,1.485714286,209.057,318.983,21.1,22.37142857,27.1
2021-06-28,28.9,65.5,33791,1.987,0.086,5.458571429,1.498571429,135.296,194.625,1.05,23.85714286,28.5
2021-07-05,25.8,37.6,703,2.902,0.163,5.482857143,1.458571429,283.37,421.726,94.45,23.9,29.1
2021-07-12,27.4,53.8,211,2.413,0.135,5.451428571,1.601428571,1807.498,3635.882,163.3,25.78571429,32.5
2021-07-19,29.4,57.6,733,2.701,0.149,5.455714286,1.464285714,180.599,298.381,51.9,27.22857143,33.6
2021-07-26,30.1,68.2,15725,1.867,0.157,5.46,1.494285714,97.753,145.959,0.05,28.75714286,33.7
2021-08-02,30.9,101.2,19809,3.013,0.169,5.472857143,1.488571429,187.878,288.92,37.8,27.95714286,33
2021-08-09,30.2,43.1,1056,2.21,0.17,5.481428571,1.482857143,359.781,1101.621,11.85,27.74285714,31.1
2021-08-16,29.3,79.4,2659,2.33,0.113,5.535714286,1.502857143,150.14,304.519,15.55,26.44285714,30
2021-08-23,,,,,,5.532857143,1.5,288.239,513.078,45.45,25.54285714,28.8
2021-08-30,,,,2.421,0.161,5.508571429,1.478571429,981.414,1313.31,31.9,25.54285714,26.7
2021-09-06,24.5,23.8,234,2.623,0.173,5.517142857,1.497142857,425.498,677.642,8.8,23.84285714,27.4
2021-09-13,25.4,68.2,277,2.312,0.072,5.498571429,1.478571429,210.084,331.272,4.25,23.9,26.7
2021-09-20,25.8,25.5,1705,3.655,0.143,5.51,1.468571429,116.986,229.46,10.8,23.71428571,25.8
2021-09-27,24.9,70.5,1955,2.325,0.142,5.488571429,1.494285714,190.27,325.9,43.75,22.91428571,25.9
2021-10-04,27.1,95.9,747,2.576,0.135,5.472857143,1.497142857,159.883,335.504,24,23.24285714,25.5
2021-10-11,23.9,56.3,915,2.65,0.129,5.488571429,1.495714286,97.414,163.915,1.55,22.62857143,20.2
2021-10-18,19.5,83.8,152,3.8,0.126,5.468571429,1.45,117.197,183.299,9.1,16.65714286,16.1
2021-10-25,16.2,102.5,576,3.568,0.099,5.487142857,1.495714286,81.701,131.698,4.1,13.01428571,18.8
2021-11-01,16,63,227,3.726,0.069,5.484285714,1.505714286,80.009,114.457,0.05,14.91428571,18.2
2021-11-08,15.5,48.5,0,3.901,0.057,5.465714286,1.48,73.561,121.698,25.7,14.4,12.4
2021-11-15,13.2,21.3,0,4.329,0.078,6.512857143,1.48,83.261,136.057,17.8,10.54285714,15.4
2021-11-22,12.5,31.6,0,4.068,0.14,7.525714286,1.48,64.797,127.577,2.8,10.81428571,9.6
2021-11-29,10.7,43.9,0,3.94,0.134,7.522857143,1.505714286,68.096,121.43,3.75,9.071428571,8.9
2021-12-06,9.1,15.6,0,5.538,0.241,6.1,1.494285714,174.715,269.741,16.75,6.685714286,11.2
2021-12-13,8.5,82.1,0,3.764,0.17,5.994285714,1.491428571,90.475,131.332,0.1,7.685714286,5.3
2021-12-20,6.7,81.8,0,4.594,0.089,6.014285714,1.504285714,87.107,125.176,3.5,5.057142857,5.2
2021-12-27,4.7,36.3,0,,,6.001428571,1.494285714,81.174,111.994,7.25,1.628571429,2.8
2022-01-03,4,88,0,6.281,0.081,5.995714286,1.491428571,78.747,110.241,0.1,1.842857143,5.1
2022-01-10,4,96.6,0,6.33,0.073,6.012857143,1.492857143,77.01,100.936,0.05,1.957142857,2
2022-01-17,4.1,103.9,0,6.28,0.057,6.002857143,1.488571429,77.051,96.363,3.3,0.371428571,3.9
2022-01-24,4.7,85.1,0,7.274,0.14,5.995714286,1.487142857,73.322,92.735,0.3,1.885714286,6
2022-01-31,5.2,39.8,0,8.144,0.102,5.992857143,1.477142857,74.156,85.06,0.9,2.171428571,2.9
2022-02-07,4.7,48.9,0,7.932,0.095,5.987142857,1.481428571,70.169,86.927,2.1,0.428571429,7.7
2022-02-14,6.2,31.9,0,8.802,0.085,5.982857143,1.481428571,70.994,89.737,0.05,3.5,3.8
2022-02-21,5.5,11.7,0,8.202,0.077,5.974285714,1.471428571,65.953,81.486,2.35,-0.385714286,6.7
2022-02-28,6.3,12.2,0,8.363,0.109,5.97,1.477142857,65.352,81.895,0.2,2.771428571,10.5
2022-03-07,8.2,7.3,0,8.982,0.09,5.968571429,1.477142857,66.473,75.419,4,5.457142857,16
2022-03-14,12.1,34.7,0,9.101,0.12,5.977142857,1.478571429,62.902,95.721,7.9,11.21428571,13.7
2022-03-21,11.8,12.9,0,9.216,0.125,5.988571429,1.515714286,80.975,139.294,20.3,7.457142857,14.8
2022-03-28,13.7,36.9,0,3.566,0.155,5.98,1.508571429,338.025,505.275,45.35,8.842857143,14.8
2022-04-04,14.3,40.5,0,4.179,0.113,5.676,1.507142857,126.485,231.711,1.5,9.314285714,19.9
2022-04-11,17.3,30.6,0,4.338,0.087,5.492857143,1.481428571,68.147,123.578,0.05,13.95714286,20.4
2022-04-18,18.9,108.5,0,4.864,0.133,5.477428571,1.497142857,71.826,137.244,10.85,14.11428571,22.9
2022-04-25,20.3,82.3,100,4.858,0.134,5.469428571,1.445714286,64.623,105.94,45.85,16.04285714,22.3
2022-05-02,20.1,11,0,6.539,0.137,5.465714286,1.492857143,117.179,222.961,18.15,14.02857143,23.4
2022-05-09,21,19.9,0,4.132,0.161,5.48,1.48,62.265,136.508,0,16.4,23.3
2022-05-16,20.8,35.7,0,4.489,0.139,5.458571429,1.475714286,56.48,91.594,0.05,16.54285714,27.2
2022-05-23,23.1,85.6,10325,4.603,0.141,5.474285714,1.495142857,66.151,110.149,0,19.4,28.7
2022-05-30,24.1,42.6,9625,5.069,0.164,5.525714286,1.513714286,97.454,155.903,2.6,19.55714286,27.7
2022-06-06,24,30.6,7000,3.707,0.183,5.466571429,1.540571429,156.237,261.985,18.2,20.68571429,26.1
2022-06-13,24.3,42.2,3950,2.808,0.097,5.484285714,1.488285714,150.545,280.362,2.9,20.71428571,27.4
2022-06-20,26.2,38.1,6975,2.676,0.083,5.461142857,1.502571429,96.666,182.69,6.4,22.3,30.2
2022-06-27,26.7,15.1,0,2.962,0.164,5.492285714,1.494,287.255,434.41,62.15,24.91428571,30
2022-07-04,30,64.9,24650,2.484,0.143,5.47,1.526,108.037,194.507,1.8,27.04285714,32
2022-07-11,30.1,49.1,12725,2.972,0.163,5.474,1.472857143,123.835,218.426,18.1,27.38571429,30.3
2022-07-18,26.3,24.4,279,3.385,0.212,5.473142857,1.460285714,207.121,346.159,127.6,26.1,30.3
2022-07-25,27.5,20.9,1925,2.971,0.195,5.443142857,1.517428571,219.79,402.532,33.35,25.08571429,32.1
2022-08-01,28.3,33.5,4200,2.735,0.172,5.451714286,1.520571429,119.656,213.493,38.7,27.48571429,32.3
2022-08-08,30.9,76.2,10875,2.261,0.141,5.481428571,1.510857143,160.528,325.758,11.65,28.7,30.8
2022-08-15,29.4,41.2,2550,3.229,0.171,5.480857143,1.512857143,129.352,168.546,4.95,28.32857143,31
2022-08-22,29.6,56.1,1078,2.891,0.148,5.480285714,1.488571429,174.909,289.316,48.3,26.4,28.8
2022-08-29,27.4,41.9,6275,2.234,0.158,5.471714286,1.519714286,129.119,199.102,0.65,24.14285714,26.6
2022-09-05,25.6,30.7,1036,2.465,0.131,5.499428571,1.493714286,136.479,221.446,91.6,24.17142857,27
2022-09-12,25.3,40.9,1075,2.413,0.123,5.454285714,1.474857143,358.065,679.672,8.9,22.57142857,27.7
2022-09-19,26.9,38.5,3800,2.563,0.149,5.478285714,1.496857143,76.007,146.683,6.05,25.2,24.4
2022-09-26,23.7,39.8,5950,3.249,0.186,5.493428571,1.537142857,91.914,149.515,0.05,19.81428571,26.7
2022-10-03,23.3,67.6,345,3.468,0.148,5.482571429,1.508571429,75.092,123.638,0,21.68571429,20.7
2022-10-10,19.7,39.8,410,3.704,0.156,5.458285714,1.483428571,127.075,208.722,37.95,16.27142857,21.2
2022-10-17,19.3,26.4,1625,2.369,0.151,5.478571429,1.508571429,69.167,108.216,0.4,15.87142857,18
2022-10-24,17.2,23.6,0,3.149,0.099,5.449714286,1.518571429,58.919,88.43,0.1,13.77142857,17.7
2022-10-31,16.7,21.7,4725,3.736,0.096,5.458571429,1.47,57.05,91.614,0,14.12857143,16.6
2022-11-07,14.3,12.8,2775,4.013,0.088,5.469871429,1.458571429,46.671,58.314,0,11.37142857,17.5
2022-11-14,15.1,19.1,1430,4.523,0.143,6.008185714,1.471942857,36.894,63.742,17.1,14.25714286,15.6
2022-11-21,13.8,13.9,275,4.927,0.12,7.539742857,1.470785714,43.607,78.858,0.15,12.38571429,14.6
2022-11-28,,,,5.17,0.082,7.523114286,1.477142857,47.952,82.399,9.4,12.2,7.1
2022-12-05,8.6,20.7,0,4.412,0.095,6.347657143,1.507142857,112.938,114.905,6.65,3.242857143,7.3
2022-12-12,7.4,57.7,0,5.077,0.09,5.964928571,1.494285714,59.647,65.666,0.25,5.928571429,1.7
2022-12-19,,,,,,5.964942857,1.469485714,64.239,63.379,16.45,0.042857143,0.7
2022-12-26,,,,,,6.035971429,1.5226,79.519,78.19,6.35,-0.185714286,2.8
2023-01-02,,,,,,5.980257143,1.522857143,73.687,79.989,0,1.585714286,4.2
2023-01-09,4.6,38.1,0,6.631,0.101,6.001428571,1.511428571,81.354,74.429,1.65,3.714285714,9.1
2023-01-16,6.8,43.8,0,7.304,0.194,6.014414286,1.520385714,140.425,193.132,31.75,5.414285714,3
2023-01-23,,,,,,5.988457143,1.562071429,80.613,93.389,0.05,1.471428571,-1
2023-01-30,3.2,82.9,0,4.639,0.138,5.969471429,1.519485714,83.25,84.542,2,-2.285714286,5
2023-02-06,4.3,36.1,0,7.412,0.095,5.9587,1.498571429,79.405,75.422,0,2.114285714,9.4
2023-02-13,6.3,19.8,0,8.833,0.088,5.977,1.485714286,83.378,84.034,21.3,4.242857143,8.4
2023-02-20,6.9,15.3,0,9.191,0.096,5.954928571,1.475714286,71.844,73.797,2.35,3.771428571,7.7
2023-02-27,7.4,11.3,0,7.907,0.105,5.992857143,1.448057143,69.034,65.347,3.2,2.457142857,12.2
2023-03-06,9.1,15.1,0,,,5.962728571,1.441557143,50.268,52.78,0.05,6.557142857,18.2
2023-03-13,11.1,34.9,0,,,5.968828571,1.448957143,45.937,52.739,8.3,11.21428571,14.5
2023-03-20,12.2,123.2,0,,,5.941028571,1.434285714,37.617,49.616,0.05,8.328571429,17.9
2023-03-27,13.2,35.8,0,,,5.957142857,1.492728571,63.523,87.939,14.4,9.971428571,20.7
2023-04-03,16,119.9,0,8.879,0.166,5.947142857,1.458185714,46.049,62.733,0,12.42857143,18.2
2023-04-10,15.3,28.4,0,7.922,0.138,6.016628571,1.533114286,153.297,266.229,67.75,11.07142857,18.9
2023-04-17,16,30.3,0,3.2,0.089,5.960514286,1.524285714,73.189,116.855,14.05,13.01428571,21.2
2023-04-24,18.6,31.8,0,4.178,0.086,5.956242857,1.528571429,57.657,98.969,0.7,15.84285714,19.9
2023-05-01,18.9,15.8,6325,4.823,0.057,5.944414286,1.448442857,50.988,77.449,6.45,13.04285714,22.1
2023-05-08,17,6.8,42,3.471,0.13,6.0405,1.572071429,669.224,1112.107,112,16.17142857,23.5
2023-05-15,20.8,41.8,0,3.262,0.069,6.020514286,1.514285714,120.103,203.788,0.2,17.05714286,26.6
2023-05-22,22.3,26.6,254,3.41,0.072,5.980385714,1.493142857,87.793,151.903,25.3,18.8,25.4
2023-05-29,22.9,15.3,0,4.362,0.12,5.986885714,1.527271429,177.507,272.573,11.5,20.41428571,26.7
2023-06-05,24,65.8,0,2.881,0.127,6.020657143,1.513114286,277.098,404.47,12.35,20.41428571,27.8
2023-06-12,26.9,27.3,5361,2.87,0.099,6.068314286,1.577142857,137.204,223.687,0.15,21.64285714,29.1
2023-06-19,26.6,35.6,17810,2.425,0.101,5.995457143,1.493114286,92.23,163.484,0,22.58571429,28.8
2023-06-26,25.3,58.6,2686,3.766,0.217,6.025971429,1.502071429,217.41,343.764,77.1,22.77142857,29.5
2023-07-03,25,7.9,644,2.6,0.156,6.1096,1.549771429,2666.318,4189.222,89.3,24.44285714,30.6
2023-07-10,24.8,4.7,0,2.349,0.167,5.995971429,1.506114286,990.763,1656.22,106.35,25.24285714,28.8
2023-07-17,23.7,2.5,0,2.091,0.142,6.027371429,1.686157143,4321.978,7612.617,220.3,25.37142857,30.2
2023-07-24,24.4,3.9,527,1.918,0.132,6.059028571,1.727728571,4074.605,6711.215,280.2,25.17142857,31.4
2023-07-31,31.6,19.8,923,2.136,0.07,5.994028571,1.533771429,923.117,1568.444,21.7,28.25714286,33.8
2023-08-07,33.7,38.9,5360,2.242,0.123,5.9852,1.5613,197.299,295.06,0.1,29.1,31.7
2023-08-14,31.5,26.2,1860,2.048,0.101,5.895742857,1.493771429,817.188,1306.324,9.6,27.52857143,31.8
2023-08-21,30.5,27.3,6650,2.406,0.117,5.972342857,1.500514286,271.652,415.312,0.25,27.91428571,30.8
2023-08-28,,,,2.11,0.141,6.026742857,1.4896,627.825,1205.531,125.6,26.37142857,28.4
2023-09-04,,,,1.643,0.109,6.009742857,1.490128571,503.405,1107.379,21.6,24.91428571,29.6
2023-09-11,,,,2.085,0.118,6.049485714,1.539228571,168.782,365.03,0,25.57142857,27.6
2023-09-18,25,2,110,1.897,0.179,6.021042857,1.516242857,834.407,1311.619,129.05,24.12857143,26.7
2023-09-25,23.7,8.2,0,2.317,0.119,6.0356,1.515457143,559.896,802.105,8.65,22.5,25
2023-10-02,22.3,17.2,0,2.674,0.096,5.971042857,1.479614286,254.553,390.443,5.05,21.48571429,22
2023-10-09,20.6,14.7,2775,2.758,0.072,5.965714286,1.507271429,142.497,231.902,3,18.12857143,21.8
2023-10-16,20.2,29.5,15125,2.864,0.07,5.995714286,1.506228571,107.363,184.454,2.7,18.17142857,19.1
2023-10-23,18.5,24.7,7350,3.352,0.089,5.952342857,1.4965,103.807,175.216,1.4,15.97142857,20
2023-10-30,,,,3.743,0.093,5.959214286,1.492214286,84.121,146.061,0,16.54285714,20.9
2023-11-06,19.2,18.1,1369,4.168,0.106,5.950914286,1.494542857,111.627,160.581,38.05,19.12857143,13.7
2023-11-13,14.1,13.4,48,4.38,0.143,6.047142857,1.491428571,110.373,200.947,12.3,9.771428571,10.7
2023-11-20,10.7,17.5,0,3.982,0.115,7.4013,1.485714286,98.652,156.839,24.8,8.557142857,10.6
2023-11-27,9.8,11.7,0,4.359,0.077,7.573114286,1.455714286,87.546,137.873,0.8,8.1,6.8
2023-12-04,7.9,6.8,0,4.573,0.069,6.5709,1.444028571,121.007,157.473,3.05,4.7,12.5
2023-12-11,9.9,16.7,0,5.227,0.061,5.9639,1.432857143,86.45,130.641,16.35,12.22857143,8.6
2023-12-18,8.6,13,0,3.211,0.159,6.002342857,1.505714286,396.237,526.98,29.1,5.357142857,-0.4
2023-12-25,,,,,,5.980385714,1.508957143,154.825,239.623,16.45,-1.071428571,6.3
