Date,WT_CGB,Chla_CGB,Cyanocell_CGB,TN_CGB,TP_CGB,WL_UP_GMB,WL_CGB,Discharge_UP_GMB,Discharge_CGB,Prec_CGB,Temp_CGB,Forecast_Temp_CGB
2012-01-09,3.1,2.2,0,4.199,0.103,24.93571429,17.08,0,0,1.5,-0.5,4
2012-01-16,2.7,3.6,0,4.275,0.134,24.94142857,17.08,0,0,0.1,0.814285714,6.5
2012-01-23,1.7,3,0,3.895,0.079,25.07428571,17.08,0,0,6.05,3.714285714,1.7
2012-01-30,2.4,4.3,0,3.978,0.063,25.02,17.08,0,0,0.05,-0.428571429,1.4
2012-02-06,2.6,2.8,0,4.375,0.169,25.09714286,17.35428571,0,0,2.3,-2.085714286,2.3
2012-02-13,2.1,2.4,0,3.477,0.087,25.26,18.35285714,0,0,0.15,-0.257142857,3.5
2012-02-20,2.9,3.4,0,3.29,0.088,25.31428571,19.49714286,0,0,4.5,0.971428571,8.1
2012-02-27,6.7,8.4,0,3.942,0.113,23.85714286,19.74857143,0,0,0.5,4.442857143,8.9
2012-03-05,6.7,14.2,0,3.271,0.084,14.55,19.77142857,0,0,23.05,6.5,8.8
2012-03-12,7.4,28.2,0,3.008,0.076,29.37,20.05142857,0,0,5.55,5.442857143,10.7
2012-03-19,11.3,59.3,0,3.304,0.107,29.65714286,19.61714286,0,0,3.6,7.971428571,9.7
2012-03-26,9.4,68,0,3.511,0.123,30.79714286,20.19142857,0,0,25,6.971428571,13.4
2012-04-02,12,37.9,0,2.525,0.057,32.54285714,23.23857143,0,0,25.5,11.47142857,13.5
2012-04-09,15.5,31.9,0,2.519,0.049,32.65142857,24.61714286,0,0,15.55,11.97142857,18.6
2012-04-16,18.1,47.2,0,2.758,0.053,32.63428571,25.02857143,0,0,3.05,16.24285714,19.2
2012-04-23,19.5,28.6,0,2.865,0.054,32.64142857,25.55285714,0,0,36.4,15.25714286,21.4
2012-04-30,18.5,52.8,0,,,32.58714286,25.50571429,0,0,19,18.27142857,24.1
2012-05-07,22.4,18.2,0,2.745,0.05,32.55714286,25.52714286,0,0,4,20.7,23.9
2012-05-14,18.5,40.2,78,2.817,0.055,32.31571429,25.49285714,0,0,32.05,16.92857143,23.9
2012-05-21,23.4,6.1,96,2.658,0.045,32.46714286,25.49142857,0,0,0.6,20.21428571,27.3
2012-05-28,24.7,2,42,2.549,0.061,32.11142857,25.54142857,0,0,12.5,22.58571429,27
2012-06-04,25.1,4.7,605,1.998,0.106,32.13428571,25.5,0,0,1.55,21.44285714,28.2
2012-06-11,25.1,6.6,84,2.026,0.063,32.11142857,25.56857143,0,73.93,18,23.98571429,27.7
2012-06-18,25.7,8.1,2165,2.236,0.058,32.41,25.55285714,0,0,12.1,22.71428571,28.8
2012-06-25,25.2,7.8,3810,2.114,0.034,32.32571429,25.52571429,0,0,24,23.61428571,27.4
2012-07-02,26.7,27.2,10980,1.951,0.066,32.46571429,25.58142857,0,0,32,23.77142857,28.1
2012-07-09,28.3,6.2,1072,2.269,0.105,32.64428571,25.59714286,0,0,44,26.27142857,27.3
2012-07-16,24.4,11.2,607,2.92,0.101,32.59285714,25.61428571,3330.173,3875.258,125.55,25.04285714,28.2
2012-07-23,28.4,47.6,3007,3.427,0.136,32.68,25.55,1986.801,4222.995,32,27.12857143,33.2
2012-07-30,29.25,17.7,7202.5,2.862,0.054,32.49571429,25.56,374.933,2636.748,0.1,31.2,33.4
2012-08-06,30.53333333,15.6,14787.66667,2.571,0.057,32.43714286,25.57428571,317.553,943.843,0,30.47142857,31.7
2012-08-13,27.58571429,11.65714286,2348.285714,2.475,0.085,32.55,25.60285714,1049.809,1374.034,91.1,28.02857143,30
2012-08-20,25.92,11.92,1433.6,2.512,0.198,32.62,25.57857143,5396.706,6482.152,5.6,28.71428571,30.4
2012-08-27,24.975,12.7,462,2.661,0.118,32.45714286,25.55285714,4678.018,6355.609,201.5,25.94285714,29.4
2012-09-03,25.93333333,22.96666667,261.3333333,2.456,0.101,32.72857143,25.63,5326.851,7067.886,29.15,25.35714286,27.6
2012-09-10,23.75,9.6,204,2.35,0.128,32.56571429,25.60428571,4278.401,5867.867,68.55,23.31428571,25.3
2012-09-17,22,3.05,192,2.688,0.145,32.69571429,25.59714286,4721.237,7096.353,173,21.12857143,25.2
2012-09-24,22.55,17.4,250,2.717,0.105,32.70142857,25.62142857,5845.737,8301.099,0,21.22857143,24.8
2012-10-01,21.9,49.9,176,3.234,0.068,32.58428571,25.65285714,1125.084,1203.751,0,19.62857143,24.4
2012-10-08,21.3,8.8,76,2.997,0.047,32.66857143,25.65142857,973.414,834.556,0.05,18.17142857,22.1
2012-10-15,18.8,68.85,130,2.987,0.092,32.58428571,25.34,799.675,753.848,0,16.44285714,20.9
2012-10-22,17.6,7.8,64,2.753,0.041,32.58571429,25.10571429,723.042,565.877,17.6,15.1,19
2012-10-29,15.35,3.15,0,2.797,0.041,32.69571429,25.21714286,982.095,705.325,10.5,14.42857143,14.4
2012-11-05,14.6,10.3,792,2.672,0.038,32.64285714,25.60714286,822.314,669.005,2.5,10.6,14.2
2012-11-12,12.9,18.8,0,2.742,0.035,32.64571429,25.35,854.898,600.323,11,11.82857143,11
2012-11-19,11.6,38.4,0,2.858,0.039,32.63,25.20571429,716.298,737.116,12,7.228571429,10.6
2012-11-26,8.8,46.1,0,2.997,0.036,32.41,25.59857143,586.801,646.057,7,5.757142857,7.7
2012-12-03,6.95,39.5,0,2.993,0.032,32.56142857,25.54,534.344,566.154,1.2,4.485714286,3.4
2012-12-10,4.6,26.7,0,3.174,0.046,32.61857143,25.65,596.085,670.818,7,-1.285714286,5.4
2012-12-17,3.65,18.05,0,3.102,0.031,32.62857143,25.66142857,723.695,905.709,15,2.214285714,2.8
2012-12-24,,,,,,32.63,25.58714286,776.994,820.783,9.8,-1.442857143,1.2
2012-12-31,,,,,,32.56714286,25.60428571,554.305,741.919,17.95,-2.414285714,-0.6
2013-01-07,2.4,12.4,0,3.421,0.032,32.53571429,25.65714286,426.299,636.699,0.25,-3.685714286,3
2013-01-14,2,22.1,0,3.604,0.038,32.57,25.60571429,480.121,655.568,0,-0.628571429,4.1
2013-01-21,2,15,0,3.556,0.03,32.60142857,25.64571429,594.995,710.259,12.55,1.371428571,2.7
2013-01-28,1.9,6.1,0,3.475,0.041,32.64428571,25.61285714,864.579,990.044,5.05,0.214285714,7.4
2013-02-04,2,4.4,0,2.996,0.036,32.70857143,25.58571429,1338.427,1415.29,19,5,2
2013-02-11,0.7,2.9,0,3.267,0.045,32.65714286,25.64,950.007,1024.915,3,-1.228571429,4.7
2013-02-18,2.6,3.3,0,3.574,0.085,32.67142857,25.59285714,816.417,803.818,5.3,2.3,5.4
2013-02-25,5,6.1,0,3.485,0.08,32.62857143,25.58285714,566.128,565.875,0.05,2.7,8.9
2013-03-04,6.5,56.5,0,3.621,0.062,32.64428571,25.59142857,562.927,534.531,4.5,6.342857143,14.6
2013-03-11,10.4,75.1,0,3.418,0.055,32.63,25.64428571,563.16,697.619,0,11.51428571,13
2013-03-18,11.6,36.5,0,3.365,0.038,32.69857143,25.15428571,705.142,950.473,50.1,10.52857143,13
2013-03-25,10.9,10.4,0,2.941,0.025,32.67285714,25.21714286,1145.391,1275.846,0,9.157142857,13.5
2013-04-01,13.2,9.2,0,2.897,0.052,32.64142857,25.16428571,616.572,563.881,0.55,11,16
2013-04-08,15.1,18.2,112,3.042,0.039,32.66857143,25.18285714,805.486,829.658,31.5,11.75714286,14.7
2013-04-15,12,16.1,28,2.864,0.028,32.65142857,25.15142857,832.834,852.517,1.2,10.41428571,17
2013-04-22,13.3,19,148,2.727,0.034,32.61142857,25.14142857,533.939,563.526,4.7,11.97142857,18.6
2013-04-29,14.7,27.7,20,3.057,0.043,32.68142857,25.16571429,813.32,907.025,23.2,14.51428571,19.1
2013-05-06,17.8,16.8,32,3.269,0.029,32.54571429,25.17285714,635.159,680.468,0.1,16.54285714,23.8
2013-05-13,24.2,4.5,0,2.709,0.034,32.59428571,25.16428571,486.056,566.674,13.5,20.67142857,24.7
2013-05-20,22.6,12.3,0,2.881,0.057,32.55142857,25.16714286,542.156,586.662,16.9,19.25714286,28.4
2013-05-27,23.2,23.9,0,2.472,0.034,32.60571429,25.15857143,632.931,704.579,15,23.37142857,24.8
2013-06-03,27.2,13.8,0,2.759,0.048,32.66142857,25.18714286,1698.72,2100.664,25,21.75714286,29.4
2013-06-10,26.1,41.6,0,2.67,0.064,32.62142857,25.24571429,946.031,898.228,0,23.18571429,28.4
2013-06-17,28.5,12,1199,2.816,0.072,32.61571429,25.26428571,920.605,1085.901,7.6,24.95714286,27.7
2013-06-24,26.9,47.2,0,3.307,0.157,32.71857143,25.32428571,4858.531,5290.898,19.05,25.02857143,29.6
2013-07-01,29.1,33.9,164,2.853,0.063,32.66142857,25.15857143,1365.153,1552.922,36.5,25.47142857,27.2
2013-07-08,26.1,7.4,0,2.827,0.129,32.64428571,25.11571429,3341.161,4325.495,222.5,26.58571429,30.3
2013-07-15,28.4,42,4014,2.93,0.107,32.67285714,25.23142857,1445.299,1428.451,11,29.54285714,30.6
2013-07-22,30.6,44,1405,2.794,0.074,32.67857143,25.52571429,1184.821,1277.923,0,29.74285714,30.1
2013-07-29,29.9,28.33333333,5180,2.419,0.064,32.59571429,25.35142857,852.32,1006.88,4.9,29.38571429,30.8
2013-08-05,31.1,26.1,4220,2.108,0.071,32.75428571,25.60285714,1939.763,2229.418,56,28.18571429,33.7
2013-08-12,32.83333333,12.43333333,8246.666667,2.364,0.102,32.68857143,25.68714286,1501.364,1860.699,62,31.15714286,34.5
2013-08-19,31.76666667,12.83333333,4002.666667,2.036,0.056,32.61428571,25.62285714,594.996,877.814,0,31.22857143,31.7
2013-08-26,29.63333333,14.93333333,1958.666667,1.862,0.061,32.67285714,25.64714286,792.4,1216.799,88,26.94285714,29.4
2013-09-02,28.6,9.45,1209,1.945,0.058,32.61285714,25.65714286,581.647,1034.588,8.1,26.11428571,27.6
2013-09-09,26,20.45,4452,2.033,0.035,32.60142857,25.58714286,407.833,657.123,5.05,22.11428571,27.2
2013-09-16,26.8,8.8,136,1.793,0.08,32.62285714,25.61142857,1179.356,1495.268,40,24.31428571,28.4
2013-09-23,28,12.7,224,1.955,0.035,32.65714286,25.64714286,668.51,810.698,0,23.91428571,24.7
2013-09-30,24.2,4.2,80,2.223,0.069,32.63285714,25.62571429,807.497,1198.873,51.7,21,24.3
2013-10-07,23.7,16,104,2.133,0.054,32.38857143,25.42,1069.314,1142.1,5.5,20.81428571,24.3
2013-10-14,22.4,22.9,1232,2.353,0.096,32.69857143,25.58285714,1071.465,1157.406,101.5,19.61428571,20.5
2013-10-21,20.1,42.6,176,2.635,0.075,32.53857143,25.23142857,464.967,609.24,0.5,15.27142857,19.3
2013-10-28,17.5,55.8,336,2.769,0.051,32.52571429,25.23285714,345.843,433.304,0,14.34285714,19
2013-11-04,17.4,87.2,0,2.836,0.05,32.52714286,25.20571429,294.112,301.029,0,14.87142857,16.9
2013-11-11,14.2,57.3,150,2.866,0.065,32.56142857,25.21142857,364.219,371.766,12.3,11.77142857,12.7
2013-11-18,11.1,18.9,180,2.89,0.044,32.54428571,25.23857143,387.737,464.707,1.05,7.685714286,10.6
2013-11-25,10.2,6.1,270,2.917,0.044,32.16857143,25.26714286,239.988,247.551,23,7.328571429,7.4
2013-12-02,8.5,5.6,0,3.095,0.042,32.2,25.41142857,419.688,420.721,3.5,4.357142857,10.5
2013-12-09,7.2,16.3,0,3.28,0.048,32.15285714,25.23857143,310.117,317.038,4,6.4,5.3
2013-12-16,5,21.9,0,3.88,0.048,32.16,25.31142857,341.449,371.495,0.75,1.842857143,4.7
2013-12-23,4.7,32.9,0,3.37,0.042,32.10428571,25.16571429,292.276,351.143,1.2,2.757142857,4.4
2013-12-30,,,,,,32.27285714,25.15857143,211.93,230.483,0.05,1.7,6.9
2014-01-06,3.9,26.5,0,4.396,0.039,32.36,25.18285714,205.94,245.468,0,4.6,4.4
2014-01-13,3.1,28.5,0,4.073,0.034,32.35714286,25.16285714,221.293,291.998,0.2,0.7,4.1
2014-01-20,,,,,,32.35857143,25.13,163.67,249.918,0.05,1.428571429,6
2014-01-27,,,,,,32.32,25.10428571,136.365,193.456,1.55,2.442857143,9.8
2014-02-03,4.8,45.6,0,4.017,0.048,32.54857143,25.12142857,247.383,227.533,0.05,7.9,4.1
2014-02-10,4.2,67.1,0,4.377,0.05,32.38571429,25.13428571,216.894,250.387,0.65,0.828571429,5.8
2014-02-17,5.3,62.1,0,4.193,0.039,32.56714286,25.12571429,286.506,204.267,0.5,3.2,7.7
2014-02-24,6.8,51.2,0,4.016,0.044,32.56714286,25.11428571,339.959,246.086,0,4.5,11.7
2014-03-03,7.9,48.2,0,4.125,0.034,32.51428571,25.13,176.521,262.538,7,8.714285714,9.1
2014-03-10,7.6,29,0,4.096,0.04,32.49714286,25.14571429,224.073,311.004,0.05,4.728571429,11.8
2014-03-17,9.8,21.7,0,3.91,0.04,32.41285714,25.12428571,582.948,580.109,55,8.571428571,14.9
2014-03-24,12.6,31.8,0,3.655,0.046,32.44,25.12142857,401.775,470.045,4,10.97142857,19.4
2014-03-31,15.2,20.9,0,3.468,0.046,32.57857143,25.19142857,494.345,653.652,50.5,15.47142857,18.1
2014-04-07,14.9,15,0,2.983,0.039,32.59285714,25.14428571,606.68,766.638,3.5,12.97142857,19.1
2014-04-14,14.1,21,0,3.193,0.043,32.52,25.12285714,265.522,400.098,1.05,14.71428571,20.3
2014-04-21,15.7,15.7,0,3.12,0.043,32.49857143,25.13142857,228.055,391.841,23,16.52857143,22.8
2014-04-28,16.6,7.5,0,3.183,0.067,32.52285714,25.14714286,238.27,354.746,26,17.95714286,21.8
2014-05-05,17.5,9.7,0,3.318,0.076,32.66285714,25.21428571,692.179,1183.404,55,16.65714286,22.2
2014-05-12,17.6,11.2,0,3.145,0.058,32.52428571,25.18285714,315.462,417.543,16.9,18.3,25.5
2014-05-19,19.6,22.7,0,2.874,0.055,32.50428571,25.16857143,219.242,394.654,0,22.32857143,26.7
2014-05-26,20.8,7.7,178,2.82,0.045,32.52142857,25.11857143,202.204,281.849,3.5,22.2,29.5
2014-06-02,21.9,4.3,4340,2.607,0.024,32.52714286,25.14285714,195.917,285.324,5,26.02857143,26.6
2014-06-09,22.6,10,2666,2.348,0.035,32.52714286,25.16,354.565,507.609,6.1,21.04285714,26.7
2014-06-16,23.9,13.35,29990.5,2.035,0.038,32.46714286,25.14285714,470.149,573.887,3,23.05714286,27.8
2014-06-23,24.36666667,16.56666667,12266.33333,2.468,0.032,32.55857143,25.15714286,295.74,367.616,9.65,23.18571429,29
2014-06-30,25.93333333,10.43333333,3849,1.491,0.038,32.21,25.16,825.074,1029.558,5.05,25.62857143,28.6
2014-07-07,25.4,8.7,1940,1.52,0.041,32.42142857,25.15714286,531.706,788.339,79,23.91428571,29.7
2014-07-14,26.5,13.95,8345,1.769,0.033,32.52571429,25.25428571,324.721,504.954,8,27.61428571,30.6
2014-07-21,26.7,17.3,2155,1.876,0.045,32.52714286,25.50857143,277.081,399.172,42.5,26.91428571,30.4
2014-07-28,27.95,15.9,60537.5,1.628,0.047,32.52285714,25.52428571,182.461,285.099,0.6,28.67142857,31.2
2014-08-04,27.7,19.65,42227.5,1.83,0.066,32.59714286,25.60285714,406.71,587.087,83.5,27.62857143,30.4
2014-08-11,25.9,7.5,3065,1.658,0.068,32.72285714,25.70142857,1485.954,1736.012,67.4,25.38571429,29.4
2014-08-18,,,,,,32.80857143,25.71,1808.384,2298.527,160,23.71428571,27.9
2014-08-25,23,3.9,0,3.309,0.129,32.73428571,25.62714286,7989.988,10165.357,103.9,25.32857143,27.8
2014-09-01,23.2,9.1,0,3.178,0.094,32.67285714,25.66428571,2816.939,3492.631,0.5,23.02857143,27.6
2014-09-08,24.4,10.7,500,3.304,0.052,32.7,25.66714286,835.806,910.584,10.5,24.31428571,27.7
2014-09-15,24.3,3.4,2310,3.381,0.055,32.56857143,25.55428571,406.583,512.491,0,23.54285714,26.1
2014-09-22,23.8,7.2,2450,3.724,0.056,32.54571429,25.51,347.128,414.527,4.5,21.37142857,25.9
2014-09-29,21.8,8.3,895,2.486,0.088,32.76428571,25.68142857,2420.706,2880.866,95.5,21.01428571,24.2
2014-10-06,20.5,6.2,0,2.386,0.112,32.62857143,25.58714286,668.161,733.492,0,18.75714286,24.5
2014-10-13,19.3,16,220,2.765,0.104,32.54,25.55,369.593,471.976,19,18.15714286,20.9
2014-10-20,18.3,45.8,1645,2.946,0.076,32.52285714,25.53428571,282.655,401.938,13.6,15.5,20.3
2014-10-27,15.2,4.3,645,3.14,0.135,32.70857143,25.62142857,3100.819,3310.54,40,15.14285714,18.7
2014-11-03,14.3,13.1,0,2.894,0.079,32.67,25.65571429,1507.875,1419.425,17.8,13.14285714,16.5
2014-11-10,13.4,39,0,3.114,0.061,32.69571429,25.59142857,1059.715,926.117,0.05,12.5,13.3
2014-11-17,11.6,47.8,0,3.067,0.063,32.58571429,25.6,609.722,610.445,0.05,8.328571429,13.7
2014-11-24,10.2,60.6,0,3.081,0.056,32.55,25.58,473.244,531.265,30,9,13.8
2014-12-01,9.1,44.5,0,3.155,0.047,32.72571429,25.63285714,1130.751,1006.267,13.55,9.685714286,3.9
2014-12-08,5.1,56,250,3.193,0.038,32.68857143,25.62285714,936.383,762.043,1,0.314285714,5
2014-12-15,4.3,58.6,0,3.365,0.04,32.64285714,25.57285714,728.955,627.998,0.05,2.428571429,2.1
2014-12-22,2.5,52.2,0,4.558,0.037,32.60714286,25.55142857,644.929,540.1,3.55,-0.971428571,5.9
2014-12-29,,,,,,32.58571429,25.52857143,566.964,533.685,0,2.014285714,4.3
2015-01-05,,,,,,32.58428571,25.52285714,517.61,446.612,2.5,0.9,5.1
2015-01-12,2.5,15.4,0,4.14,0.025,32.58428571,25.53714286,551.753,512.112,6.5,1.414285714,6.2
2015-01-19,2.6,15.5,0,3.849,0.024,32.59571429,25.57,548.566,479.306,0.5,3.285714286,7.3
2015-01-26,3.4,16.7,0,3.716,0.028,32.59714286,25.57285714,553.921,478.666,15,4.185714286,5.7
2015-02-02,3.5,23.8,0,4.05,0.025,32.60857143,25.56571429,591.972,528.627,0.6,1.271428571,5.4
2015-02-09,3.2,23.4,0,3.565,0.027,32.6,25.55571429,527.624,437.768,0,1.842857143,6.7
2015-02-16,3.9,18.8,0,3.655,0.025,32.64428571,25.54571429,578.421,448.148,10.4,4.328571429,8.9
2015-02-23,4.9,15.1,0,3.372,0.027,32.65714286,25.57142857,603.81,596.826,1.7,5.8,7.1
2015-03-02,5.5,15.8,0,3.67,0.028,32.65857143,25.58285714,617.009,616.948,5.5,4.442857143,9
2015-03-09,6.2,15,0,3.239,0.024,32.60428571,25.55857143,483.024,507.441,6,5.114285714,9.8
2015-03-16,6.8,12.2,145,3.623,0.031,32.58714286,25.55285714,415.933,445.452,0,6.685714286,16.3
2015-03-23,8.9,16.1,0,2.888,0.033,32.62428571,25.65285714,1066.377,972.969,40.5,12.77142857,16.1
2015-03-30,11.3,15.9,0,2.93,0.033,32.60285714,25.60428571,614.617,601.563,0,12.67142857,18.5
2015-04-06,12.8,10.6,245,2.922,0.037,32.56857143,25.59285714,520.24,615.84,25.8,13.01428571,16.1
2015-04-13,13,16.6,0,2.616,0.035,32.48714286,25.69857143,625.067,759.539,13.6,10.95714286,18.1
2015-04-20,14,13.9,0,2.534,0.031,32.59571429,25.66285714,719.37,897.995,36,13.62857143,22.1
2015-04-27,15.8,16.8,96,2.37,0.03,32.63714286,25.55714286,916.991,1095.02,0,19.04285714,25.4
2015-05-04,18.9,12.4,0,2.441,0.02,32.52714286,25.58857143,433.126,643.72,20.9,19.48571429,24
2015-05-11,18.4,10,0,2.122,0.022,32.54,25.54142857,325.207,509.288,8.6,19.38571429,24.2
2015-05-18,20.4,27.3,0,2.234,0.043,32.51142857,25.54857143,244.645,444.556,12.6,20.8,26.4
2015-05-25,21.9,23.3,492,2.059,0.056,32.51857143,25.52142857,227.873,294.387,0,22.97142857,29.2
2015-06-01,22.3,3.5,137,1.939,0.046,32.52428571,25.52285714,237.141,286.168,1,24.85714286,29.4
2015-06-08,22.6,11.6,673,1.988,0.057,32.53142857,25.57571429,321.934,373.008,3.6,22.2,28.7
2015-06-15,23.6,9.9,2370,1.836,0.052,32.53571429,25.61428571,375.387,450.056,0,24.67142857,28.3
2015-06-22,24.35,9.1,21776,1.775,0.052,32.57285714,25.65857143,489.965,549.231,21.05,22.15714286,27.3
2015-06-29,23.8,12.9,317,1.604,0.032,32.64428571,25.74428571,857.506,985.061,25,22.42857143,28.2
2015-07-06,24.8,16,1060,1.688,0.025,32.52285714,25.60285714,302.708,490.165,13,22.71428571,27.5
2015-07-13,24.3,8.2,0,2.176,0.071,32.72571429,25.73571429,1593.603,2147.217,154,22.67142857,29.4
2015-07-20,24.5,20,0,2.231,0.05,32.67142857,25.75428571,773.222,964.653,0.1,23.57142857,29.1
2015-07-27,26.5,35.2,4355,2.347,0.033,32.55285714,25.57428571,319.695,422.689,1.5,27.6,31.3
2015-08-03,27.2,11.9,9430,2.782,0.034,32.54142857,25.56714286,204.488,253.695,13.5,30.07142857,33.1
2015-08-10,28.95,9.1,156075,2.083,0.028,32.31714286,25.53857143,205.673,200.048,65.5,29.45714286,30
2015-08-17,28.7,7,7350,1.97,0.032,32.53,25.58571429,238.615,336.578,93.5,24.98571429,29.4
2015-08-24,27.3,5.85,44096,1.727,0.031,32.54,25.58,253.964,352.604,43.55,24.52857143,28.1
2015-08-31,26.15,7.4,12520,1.598,0.045,32.54857143,25.72285714,326.7,513.367,55,23.25714286,27.5
2015-09-07,25.6,5.8,7100,1.648,0.034,32.55142857,25.68,324.27,498.535,49.5,22.24285714,26.7
2015-09-14,24.3,33.35,15250,1.502,0.052,32.53142857,25.56571429,171.651,259.603,1.5,20.51428571,26.1
2015-09-21,23.4,29.5,5580,1.728,0.036,32.53571429,25.56285714,73.772,123.85,13.3,19.68571429,26.2
2015-09-28,23,9,8370,1.606,0.047,32.53857143,25.56285714,117.305,149.029,6,20.32857143,24.3
2015-10-05,21.75,20.45,50980,1.65,0.057,32.54714286,25.56571429,227.343,284.659,22.5,18.35714286,22.3
2015-10-12,20.5,26.3,8750,1.822,0.037,32.53571429,25.55142857,208.651,240.999,2.1,16.24285714,22.7
2015-10-19,19.75,10.4,123142.5,1.729,0.038,32.56142857,25.54571429,217.812,229.573,0,16.55714286,23
2015-10-26,19.2,9.1,6650,1.658,0.032,32.5,25.51428571,17.065,66.168,0,16.67142857,16.3
2015-11-02,16.3,11.85,47392,1.588,0.033,32.50142857,25.52857143,108.614,157.697,13.8,10.25714286,17.6
2015-11-09,15.8,9.25,21799,1.969,0.027,32.51714286,25.52,142.772,212.896,38.5,12.97142857,16
2015-11-16,14.8,8.65,15365,2.195,0.031,32.55714286,25.59142857,350.549,403.792,25.5,13.44285714,15.1
2015-11-23,14.2,7.5,4817,1.629,0.029,32.56428571,25.61,452.421,546.923,6.15,12.22857143,8.4
2015-11-30,11.8,15.2,6712,1.514,0.032,32.53,25.52285714,287.333,357.785,0.55,5.957142857,8
2015-12-07,9.4,11.8,5180,2.114,0.017,32.51857143,25.51428571,231.45,279.511,0.6,5.728571429,10.3
2015-12-14,8.9,8.1,4570,1.94,0.015,32.52,25.51714286,220.8,303.581,27.5,7.4,6.3
2015-12-21,7.2,7.7,4350,2.498,0.015,32.51285714,25.51857143,228.402,298.311,5.05,2.9,7
2015-12-28,6.3,11.7,1740,2.57,0.023,32.50428571,25.51714286,143.614,201.341,0.55,3.457142857,6.5
2016-01-04,5.4,14.3,58,2.698,0.022,32.51285714,25.51857143,136.941,163.465,0,2.571428571,4.6
2016-01-11,4.6,12,270,2.744,0.025,32.54285714,25.51428571,133.367,117.716,0,1.785714286,3.8
2016-01-18,4,13.1,185,2.97,0.04,32.53714286,25.51285714,176.732,152.377,1.1,0.171428571,-0.5
2016-01-25,,,,,,32.50571429,25.51571429,74.599,88.363,0,-5.457142857,4.1
2016-02-01,,,,,,32.52714286,25.51571429,103.729,120.846,22.85,0.357142857,3.9
2016-02-08,,,,,,32.49571429,25.52,49.599,87.706,0,0.657142857,9.8
2016-02-15,3.6,14.8,0,3.916,0.029,32.51,25.53,80.645,158.959,12.55,5.342857143,6
2016-02-22,4.6,18.1,0,4.313,0.033,32.51428571,25.53142857,99.755,174.086,0.05,3.485714286,6.7
2016-02-29,5.3,29.6,0,4.12,0.036,32.5,25.52,67.519,141.174,3.2,3.385714286,11.4
2016-03-07,6.9,22.4,0,4.233,0.023,32.60428571,25.62714286,344.05,387.658,49.5,8.228571429,10.4
2016-03-14,7.2,13.1,0,3.216,0.025,32.62714286,25.57857143,639.629,649.831,0.05,5.214285714,15.2
2016-03-21,8.4,17.3,0,3.615,0.028,32.53571429,25.53857143,213.558,261.616,11.5,10.35714286,14.3
2016-03-28,10.7,14.5,0,3.722,0.027,32.52428571,25.52285714,125.921,183.66,6.6,9.242857143,18
2016-04-04,12,12.8,0,3.36,0.029,32.52285714,25.54142857,84.329,146.839,19,13.4,19.2
2016-04-11,13.6,10.8,35,3.377,0.028,32.57142857,25.63142857,540.589,723.782,41.05,14.24285714,20.2
2016-04-18,15.2,23.8,0,3.101,0.044,32.57142857,25.58857143,603.689,577.209,32,15.37142857,21.2
2016-04-25,16.2,17.3,97,2.605,0.037,32.58857143,25.60857143,1440.702,1278.3,20,16.38571429,22.1
2016-05-02,16.9,19.5,42,2.725,0.031,32.56857143,25.59428571,932.208,952.615,39.1,16.14285714,22.9
2016-05-09,18.3,32.8,164,2.601,0.04,32.47428571,25.55285714,720.944,671.114,13,19.47142857,23.6
2016-05-16,19.5,42.1,29,2.516,0.027,32.53,25.68714286,522.662,634.23,35.1,17.14285714,27
2016-05-23,21.2,8.1,192,2.396,0.027,32.41571429,25.54428571,415.288,437.349,0,20.2,26.8
2016-05-30,22.5,13.9,7600,2.281,0.02,32.45,25.56428571,386.154,380.721,16.8,22.7,28.2
2016-06-06,23.2,5.3,19738,2.148,0.019,32.53142857,25.55428571,239.74,293.17,1.1,21.45714286,28.2
2016-06-13,24.3,5.8,7808,2.09,0.019,32.56428571,25.61857143,379.127,493.408,11.9,23.47142857,28.6
2016-06-20,25,15.1,2591,1.72,0.022,32.54142857,25.62571429,421.882,521.4,6.95,24.74285714,28.1
2016-06-27,25.8,17.8,15816,1.587,0.028,32.56428571,25.62142857,474.305,595.348,25.75,23.9,27.9
2016-07-04,25.1,6.6,508,1.291,0.046,32.59428571,25.61714286,2445.953,2707.073,66.1,23.81428571,28.1
2016-07-11,,,,,,32.58285714,25.42142857,9272.845,11334.232,78.6,26.28571429,28.9
2016-07-18,26.1,13.3,699,3.91,0.058,32.59428571,25.53142857,1099.199,1179.896,13,25.55714286,28.9
2016-07-25,27,3.3,331,3.269,0.034,32.47714286,25.55714286,508.486,620.468,100,25.85714286,31.5
2016-08-01,28.6,15.5,1318,3.096,0.034,32.52285714,25.58714286,392.262,569.266,49.85,29.58571429,32
2016-08-08,29.7,27.2,5400,2.547,0.019,32.54571429,25.63857143,470.09,628.119,46.5,28,33.7
2016-08-15,30.4,13.8,790,2.332,0.037,32.53285714,25.54428571,358.886,538.052,0,30.75714286,32.2
2016-08-22,30.6,13.4,1070,2.133,0.034,32.53,25.51714286,377.977,392.488,0.1,28.4,31.3
2016-08-29,27.7,13.1,230,1.71,0.024,32.58285714,25.58714286,530.145,513.493,34.6,24.42857143,28.3
2016-09-05,24.7,12.3,694,1.578,0.041,32.66714286,25.61714286,1096.759,1047.171,118.55,23.27142857,28.7
2016-09-12,24.9,11.1,1364,1.594,0.018,32.59285714,25.69571429,665.707,757.477,40.55,23.31428571,26.9
2016-09-19,21.9,6,165,2.584,0.093,32.65,25.69428571,2589.47,3564.974,119.5,21.52857143,25.5
2016-09-26,21.4,8,691,2.551,0.057,32.66285714,25.73428571,998.301,1137.611,9,20.48571429,24.5
2016-10-03,21.4,12,515,2.727,0.047,32.58571429,25.65714286,617.766,711.454,23.55,21.24285714,24.1
2016-10-10,19.3,6.5,111,2.741,0.095,32.66142857,25.63428571,2272.806,3096.273,73.05,18.27142857,21.7
2016-10-17,18.9,23.3,329,2.647,0.029,32.61142857,25.62857143,872.157,989.125,26,16.28571429,21.4
2016-10-24,18.3,39,143,2.689,0.041,32.54,25.62,452.131,634.177,0.05,16.44285714,17.8
2016-10-31,16.5,49,0,2.71,0.025,32.54571429,25.61,482.779,572.925,8,13.2,14.3
2016-11-07,14,48,0,2.567,0.018,32.54285714,25.55142857,426.221,535.679,0,9.628571429,13.2
2016-11-14,13,10.5,115,2.838,0.017,32.53142857,25.53428571,380.37,447.824,0.3,10.27142857,15.2
2016-11-21,12.9,9.9,0,3.031,0.017,32.52571429,25.53285714,372.839,447.365,8,11.78571429,8.6
2016-11-28,9.8,16.2,0,2.73,0.019,32.52571429,25.53142857,350.209,413.834,2,4.028571429,9
2016-12-05,8.2,13.3,0,2.986,0.018,32.54142857,25.53142857,350.936,400.361,1,6.2,6.8
2016-12-12,6.8,11.6,0,2.919,0.021,32.53285714,25.52571429,328.517,382.75,0.05,3.157142857,6
2016-12-19,5.8,10.6,0,3.131,0.017,32.52857143,25.52142857,309.95,359.253,1.55,3.4,8.2
2016-12-26,5.7,16.4,0,2.935,0.022,32.59285714,25.59714286,628.774,569.01,39,5.757142857,4.8
2017-01-02,4.6,14.9,0,2.808,0.013,32.59142857,25.58857143,612.033,569.521,0.5,2.171428571,8.3
2017-01-09,4.7,10.2,0,3.003,0.016,32.57285714,25.54571429,531.303,516.875,0,4.9,2.9
2017-01-16,3.6,14.5,0,3.108,0.017,32.55428571,25.53142857,459.08,435.372,0.05,-1.057142857,3.2
2017-01-23,2.3,17.9,0,3.226,0.02,32.55428571,25.52714286,477.155,428.09,2.2,-0.971428571,3.5
2017-01-30,,,,,,32.52857143,25.51857143,314.299,334.117,0.35,0.757142857,4.6
2017-02-06,2.9,19.6,0,3.334,0.017,32.52857143,25.52857143,272.502,266.871,0.65,2.971428571,3.6
2017-02-13,,,,,,32.52285714,25.53142857,270.031,269.974,0.1,0.2,7.6
2017-02-20,4.5,21.6,0,3.509,0.015,32.52428571,25.53571429,276.629,276.488,5.75,5.128571429,6.5
2017-02-27,5.4,14.7,0,3.246,0.022,32.53714286,25.58428571,413.953,466.982,19.5,3.5,10.3
2017-03-06,6.7,15.5,0,3.24,0.03,32.51428571,25.51285714,363.356,401.599,5.5,6.742857143,10
2017-03-13,7.6,15.3,0,2.922,0.023,32.51285714,25.51571429,278.583,318.053,0,6.6,14.6
2017-03-20,9.1,14.2,0,3.091,0.024,32.51142857,25.51142857,269.274,278.838,6.05,8.828571429,14.3
2017-03-27,10.2,11.3,0,2.929,0.033,32.51,25.52,279.412,321.854,26,8.3,14.7
2017-04-03,11.8,10.7,0,2.941,0.036,32.12714286,25.38857143,341.748,428.969,6.4,10.07142857,18.7
2017-04-10,13.8,16.8,0,2.646,0.021,32.51857143,25.59571429,504.108,525.363,10.5,15.24285714,19.2
2017-04-17,14.7,9.5,0,2.319,0.023,32.57,25.57571429,665.402,615.377,28.55,16.32857143,19.2
2017-04-24,15.5,9.1,0,2.109,0.031,32.60714286,25.58142857,681.354,709.438,5,15.27142857,21.8
2017-05-01,17.1,18,0,2.609,0.028,32.47714286,25.44428571,268.033,352.294,3.5,18.61428571,25
2017-05-08,19.5,8.8,0,2.24,0.027,32.51285714,25.52,187.695,262.095,15.55,19.52857143,24.6
2017-05-15,19.8,5.2,319,2.257,0.019,32.51,25.52571429,180.666,257.358,17.55,18.37142857,26.6
2017-05-22,20.7,4.2,187,2.579,0.021,32.50857143,25.50142857,137.761,177.991,0,22.48571429,27.5
2017-05-29,21.6,6.8,900,2.677,0.023,32.50571429,25.49428571,175.428,196.673,0.1,22,27.9
2017-06-05,22.9,32.8,23125,2.512,0.03,32.50571429,25.55,208.062,185.806,0.1,22.27142857,26.8
2017-06-12,22.8,22.3,18484,2.059,0.02,32.54428571,25.58285714,338.935,299.24,1.6,21.45714286,28.7
2017-06-19,23.3,15.9,19809,1.808,0.027,32.51142857,25.63142857,267.841,223.108,2.05,24.17142857,30.6
2017-06-26,24.4,10,22399,1.88,0.055,32.53857143,25.66142857,274.299,253.709,67.55,24.71428571,29
2017-07-03,25.3,9.3,3550,1.348,0.033,32.60714286,25.61571429,766.716,566.886,4.9,26.52857143,29.2
2017-07-10,25.5,7.2,1409,2.309,0.076,32.60571429,25.55142857,2732.67,2709.812,8.35,27.58571429,31.4
2017-07-17,26.9,21.1,374,2.209,0.065,32.66857143,25.57142857,2685.842,2516.919,16.55,28.75714286,32.6
2017-07-24,25.1,5.4,571,2.372,0.071,32.68571429,25.54714286,1294.426,978.796,28.55,29.25714286,31.3
2017-07-31,23.5,5.5,978,2.386,0.14,32.65857143,25.62714286,4916.955,4913.399,47.55,26.16666667,32.2
2017-08-07,26.3,17,8587,2.69,0.073,32.71428571,25.67857143,2621.344,2693.063,7.55,28.77142857,31.7
2017-08-14,25.1,8.5,167,2.594,0.095,32.76,25.66,1591.77,1184.992,96.6,25.5,28.9
2017-08-21,24.3,8,1304,2.464,0.079,32.76142857,25.69857143,3886.861,4120.165,65,25.14285714,29.4
2017-08-28,26.2,9.7,691,2.66,0.057,32.70428571,25.65,2401.377,2510.298,2.25,27.52857143,27.5
2017-09-04,25.5,5.5,2025,2.392,0.05,32.64142857,25.66714286,835.275,776.71,0.15,22.21428571,27.7
2017-09-11,24.6,10.6,335,2.289,0.038,32.58285714,25.64285714,648.906,667.756,42.55,22.34285714,26.2
2017-09-18,23.4,8.7,4190,2.086,0.03,32.62285714,25.65714286,791.877,874.226,1,22.15714286,26.7
2017-09-25,23.2,32,4372,1.852,0.036,32.55285714,25.59285714,430.713,473.454,0,21.75714286,24.7
2017-10-02,,,,,,32.58714286,25.57714286,738.275,542.484,74.5,18.9,22.7
2017-10-09,21.2,14.4,1707,2.045,0.024,32.53571429,25.49571429,659.379,493.088,6.6,19.1,21.1
2017-10-16,19.8,29.3,1171,1.976,0.032,32.56285714,25.78285714,535.669,497.418,27.2,17.11428571,20.7
2017-10-23,18.6,30.5,1253,2.048,0.032,32.51857143,25.74,378.135,422.849,0.1,15.64285714,19.8
2017-10-30,17.4,27.6,721,2.398,0.031,32.51285714,25.69285714,305.218,327.364,0,13.27142857,16.4
2017-11-06,15.7,23.5,155,2.61,0.034,32.50428571,25.53285714,274.384,148.224,0.05,11,15.6
2017-11-13,13.9,22.9,646,2.619,0.03,32.50571429,25.58571429,228.718,153.805,0.05,10.7,9.8
2017-11-20,10.9,27.7,398,2.688,0.039,32.50714286,25.61571429,253.01,177.17,0.05,5.428571429,9
2017-11-27,9,18.5,264,2.684,0.042,32.51142857,25.62857143,281.318,196.429,0.15,4.5,8.2
2017-12-04,7.5,14.8,748,2.888,0.026,32.50857143,25.61714286,271.154,185.196,0,4.442857143,4.7
2017-12-11,5.3,20.2,122,3.746,0.021,32.51428571,25.62285714,265.268,187.266,0.15,0.685714286,1.2
2017-12-18,3.4,24.4,208,3.299,0.016,32.53714286,25.59428571,295.301,162.64,0,-1.914285714,5.1
2017-12-25,2.8,10,66,3.436,0.012,32.51142857,25.60428571,240.118,160.739,11.05,1.357142857,3.4
2018-01-01,,,,,,32.49857143,25.61142857,223.042,175.253,0.1,1.8,2.7
2018-01-08,,,,,,32.51285714,25.61142857,241.586,174.709,1.55,1.042857143,1
2018-01-15,,,,,,32.49571429,25.59428571,200.316,143.565,0.65,-2.171428571,6.7
2018-01-22,,,,,,32.50285714,25.61571429,219.889,177.784,19.05,3.557142857,-1.7
2018-01-29,,,,,,32.48428571,25.57857143,173.766,121.237,0,-6.185714286,1.2
2018-02-05,,,,,,32.49142857,25.57857143,211.057,177.211,0,-3.042857143,1.1
2018-02-12,,,,,,32.48571429,25.52285714,211.882,190.156,0.25,-2.071428571,5.3
2018-02-19,,,,,,32.48857143,25.54571429,184.647,140.246,0.05,3.357142857,8
2018-02-26,,,,,,32.49428571,25.55142857,197.678,167.55,0.45,4.457142857,10.2
2018-03-05,7.1,25.3,0,3.342,0.028,32.50428571,25.55,345.488,342.978,47.05,7.028571429,9
2018-03-12,6.3,34.6,0,2.748,0.027,32.49571429,25.56428571,1423.819,1557.693,23,5.728571429,15.3
2018-03-19,9.9,30.2,0,3.367,0.041,32.44142857,25.54285714,1027.613,1133.495,41,10.11428571,12.2
2018-03-26,10.2,25.3,68,3.433,0.034,32.54714286,25.54714286,2005.265,2282.665,12.2,8.814285714,19.1
2018-04-02,11.6,18.7,97,3.519,0.042,32.50714286,25.66571429,269.503,418.368,0,16.41428571,15.2
2018-04-09,12.6,20.7,133,3.398,0.034,32.55571429,25.55571429,1920.516,2292.716,46,11,17.7
2018-04-16,13.6,28.8,117,3.303,0.032,32.54714286,25.57,992.434,1206.769,20.05,14.17142857,21
2018-04-23,16,17.8,426,3.414,0.033,32.53571429,25.55142857,720.829,707.472,38.05,17.21428571,20.3
2018-04-30,17,26.3,189,2.857,0.025,32.57857143,25.58714286,1959.236,2341.866,9,16.57142857,21.4
2018-05-07,17.3,20.1,116,2.814,0.028,32.59571429,25.58142857,983.673,666.883,37.7,16.71428571,22.7
2018-05-14,19.1,42.4,424,2.771,0.022,32.58857143,25.59714286,1022.663,834.814,14,17.85714286,24.6
2018-05-21,20.1,29.1,80,2.49,0.029,32.58857143,25.61857143,760.615,788.232,4.1,19.54285714,25.2
2018-05-28,21.3,41.4,389,2.515,0.018,32.57857143,25.58428571,703.068,669.06,28,21.44285714,27.6
2018-06-04,22.2,15.9,1068,2.339,0.021,32.55428571,25.59,282.881,407.199,16.05,24.17142857,27.4
2018-06-11,23.8,13.2,829,2.465,0.022,32.55285714,25.62714286,347.467,424.469,21.6,22.24285714,27.2
2018-06-18,22.9,12.7,2067,2.297,0.016,32.54285714,25.63714286,372.753,379.37,0,20.65714286,30.2
2018-06-25,24.5,11.1,9900,2.225,0.019,32.53714286,25.62285714,332.903,339.462,1.55,25.9,28.2
2018-07-02,22.6,4.2,0,3.031,0.103,32.66857143,25.61571429,2604.886,3972.939,207.5,24.67142857,27.9
2018-07-09,22.5,5.3,102,3.148,0.108,32.56,25.58714286,5572.847,6619.179,58.5,21.72857143,30.6
2018-07-16,25.4,24.6,5288,3.002,0.059,32.56285714,25.62428571,1102.928,1411.548,0,29.47142857,34
2018-07-23,26.3,5.9,2089,3.066,0.035,32.52428571,25.61714286,324.416,493.671,0,31.21428571,35.4
2018-07-30,28.2,25.5,23100,2.695,0.036,32.50571429,25.58285714,177.232,274.399,1.65,31.15714286,36
2018-08-06,27.7,11.1,2329,2.863,0.03,32.50285714,25.58857143,201.623,267.385,0,30.9,34.9
2018-08-13,28.3,8.8,3301,2.558,0.08,32.52428571,25.68285714,266.586,365.726,89.05,28.21428571,34.3
2018-08-20,28.3,17.2,5200,2.012,0.051,32.59142857,25.65285714,564.982,607.512,4.6,26.44285714,32.4
2018-08-27,24.5,5.9,541,2.047,0.102,32.55571429,25.55857143,1633.944,2143.469,203,26.37142857,29.9
2018-09-03,23.5,5.1,146,2.392,0.126,32.55571429,25.55,5805.008,6671.323,48.9,24.78571429,27.6
2018-09-10,22.8,5.6,269,2.785,0.107,32.58857143,25.65,4772.238,5222.457,40.1,22.3,26.7
2018-09-17,22.8,9.5,2480,2.814,0.06,32.52285714,25.57714286,956.9,884.47,11.3,21.97142857,25.2
2018-09-24,21.7,12.4,432,2.621,0.043,32.57142857,25.54857143,1148.988,1020.311,46.5,20.7,23.5
2018-10-01,20.8,20,1105,2.592,0.02,32.55714286,25.55714286,689.097,718.153,0.6,17.74285714,22.6
2018-10-08,18.1,4.3,308,2.36,0.108,32.60142857,25.57142857,4445.109,6068.143,157,18.18571429,19
2018-10-15,17.1,4.3,74,2.559,0.091,32.58857143,25.50857143,1209.691,1142.288,0,14.04285714,19.3
2018-10-22,16.6,9,4711,2.535,0.068,32.5,25.59571429,598.07,569.461,0.3,13.18571429,17.6
2018-10-29,15.4,11.7,222,2.87,0.033,32.51428571,25.56857143,368.476,355.755,7.3,12.81428571,15.4
2018-11-05,14,44.9,504,3.063,0.042,32.51285714,25.60428571,336.26,382.033,0,9.714285714,16.4
2018-11-12,13.4,72.3,320,3.129,0.046,32.48,25.56714286,640.984,563.025,16.9,12.68571429,14
2018-11-19,12.5,57.9,580,2.84,0.02,32.54428571,25.52142857,423.971,362.092,0.2,9.114285714,9.9
2018-11-26,10.2,48.7,156,3.106,0.033,32.50714286,25.53428571,331.97,320.766,0.1,4.914285714,11.5
2018-12-03,9.1,23.6,301,3.085,0.024,32.51,25.54,302.431,337.004,2.5,7.785714286,5.2
2018-12-10,6.8,64.3,0,2.819,0.03,32.53,25.48142857,469.469,407.311,15,1.928571429,4.2
2018-12-17,4.8,25.9,0,2.793,0.024,32.53714286,25.49142857,345.649,274.249,4.8,0.328571429,7.6
2018-12-24,4.7,13.3,0,2.936,0.023,32.50142857,25.51714286,316.263,269.399,1.5,4.742857143,1
2018-12-31,,,,,,32.51857143,25.52714286,268.231,248.461,0,-1.928571429,3.4
2019-01-07,,,,,,32.51,25.51714286,253.663,234.355,0,0.571428571,4.3
2019-01-14,,,,,,32.50571429,25.49285714,232.271,217.774,3.5,1.642857143,4.4
2019-01-21,3,12.5,0,3.414,0.025,32.49285714,25.50142857,222.967,170.647,0.6,2.071428571,5.2
2019-01-28,3.6,22,0,3.594,0.03,32.05571429,25.51,381.846,276.482,0,2.214285714,5.5
2019-02-04,4,20.3,0,3.383,0.024,30.66,25.52,455.108,240.771,11.5,2.9,5.4
2019-02-11,3.7,25,0,3.34,0.026,30,25.51714286,543.749,265.076,0,2.214285714,5.9
2019-02-18,4,27.5,0,3.306,0.03,26.85571429,25.52571429,548.731,251.857,0.1,2.571428571,9.3
2019-02-25,5.5,24.7,0,3.24,0.024,27.02428571,25.60428571,243.46,218.67,19.5,5.542857143,11.6
2019-03-04,7.4,25.1,0,3.348,0.025,31.44142857,25.54142857,89.353,66.041,0.7,9.071428571,12.6
2019-03-11,8.4,38,0,3.655,0.024,32.45571429,25.54428571,88.074,85.655,8.25,9.442857143,11.6
2019-03-18,9.3,17.9,0,3.562,0.02,32.51428571,25.61,229.517,208.416,1.5,7.485714286,14.4
2019-03-25,10.1,10.7,0,3.46,0.026,32.49857143,25.59142857,294.167,227.218,6.55,9.814285714,14.7
2019-04-01,11,15.9,58,3.215,0.022,32.53142857,25.60285714,286.895,223.065,4.5,10.61428571,15.9
2019-04-08,11.5,11.4,15,3.052,0.017,32.51,25.60714286,240.604,210.748,0.2,12.57142857,15.9
2019-04-15,12.6,19.1,0,2.394,0.014,32.56142857,25.58285714,583.523,485.069,28.05,11.47142857,20.6
2019-04-22,15.1,15.7,0,2.378,0.014,32.53714286,25.57857143,408.769,345.083,0,17.14285714,20.1
2019-04-29,15.7,8.4,9,2.222,0.019,32.53571429,25.60571429,509.209,456.18,59.7,13.58571429,22.6
2019-05-06,17.8,18.1,411,2.076,0.019,32.50285714,25.56714286,727.192,617.869,0.1,18.25714286,24
2019-05-13,18.8,14.1,64,1.872,0.018,32.35857143,25.50857143,377.062,271.183,0,19.18571429,27.1
2019-05-20,19.5,3.3,0,1.838,0.021,32.47714286,25.47857143,277.106,240.771,18.8,21.1,27.3
2019-05-27,21.7,22.5,0,1.758,0.036,32.53428571,25.53571429,249.816,242.438,5.5,23.01428571,26.2
2019-06-03,22.1,18.5,365,1.714,0.018,32.53714286,25.50571429,328.763,375.049,1.55,22.14285714,28.1
2019-06-10,22.8,11.7,389,1.706,0.021,32.53571429,25.52285714,742.468,755.603,11.5,22.28571429,27.3
2019-06-17,23.4,5.1,3260,1.682,0.032,32.53857143,25.56714286,375.435,373.286,16.85,21.38571429,27.6
2019-06-24,24.8,8.8,4700,1.662,0.023,32.53857143,25.54,368.123,332.985,18,23.87142857,28.4
2019-07-01,25.2,5.5,24809,1.501,0.048,32.53428571,25.52714286,741.442,722.471,114.55,23.45714286,30.6
2019-07-08,25.6,2.3,1611,1.588,0.054,32.51,25.52285714,452.807,379.504,0.05,24.57142857,28.7
2019-07-15,25,9.8,1262,1.581,0.029,32.51714286,25.50571429,360.139,353.418,27.5,23.55714286,29.9
2019-07-22,24.9,7.3,880,1.596,0.045,32.52857143,25.50714286,1409.611,1644.972,105.55,25.24285714,30.5
2019-07-29,25.9,21.3,1804,2.038,0.038,32.55428571,25.53428571,1993.926,1753.058,6.4,28.71428571,33
2019-08-05,28.1,35.9,13811,1.945,0.023,32.54714286,25.57,597.735,501.052,0,30.54285714,33.2
2019-08-12,28.5,24.4,13302,1.826,0.02,32.55,25.54428571,789.223,668.97,19.6,28.81428571,32.1
2019-08-19,29.2,32.4,11490,1.662,0.028,32.55714286,25.56714286,464.357,440.098,10.7,28.4,30.6
2019-08-26,27.5,7.8,7228,1.256,0.049,32.55714286,25.57428571,767.621,806.651,88.55,25.58571429,28.7
2019-09-02,26.1,14.5,7850,1.207,0.027,32.56714286,25.56285714,826.684,673.994,26.6,22.92857143,27.3
2019-09-09,25.4,17.8,8830,1.089,0.022,32.58285714,25.58142857,1178.605,999.899,51.5,25.4,28
2019-09-16,24.8,23.1,3140,1.403,0.033,32.56857143,25.57142857,723.737,612.786,9,23.31428571,25.4
2019-09-23,20.2,5.5,157,2.456,0.127,32.60857143,25.56,2248.159,3269.911,121.05,19.98571429,25.3
2019-09-30,20.5,17.7,916,2.642,0.075,32.58428571,25.58428571,1737.468,2034.034,0.5,21.94285714,24.4
2019-10-07,20.2,2.5,52,2.548,0.127,32.59857143,25.59428571,6344.866,9391.527,151.7,20.6,21.1
2019-10-14,19.4,14.9,166,2.545,0.092,32.59571429,25.53142857,936.968,840.496,0,17.12857143,20.1
2019-10-21,18.6,18.3,0,3.025,0.052,32.59857143,25.55142857,625.057,451.404,3.5,14.94285714,20
2019-10-28,17.7,50.4,372,3.196,0.043,32.59571429,25.57714286,839.478,586.974,0.05,15.55714286,18.7
2019-11-04,16.6,37.2,72,2.664,0.017,32.55428571,25.56857143,684.814,536.791,0.05,14.2,16.5
2019-11-11,15.1,19.7,158,2.558,0.033,32.54714286,25.54285714,351.397,256.031,7.3,11.32857143,13.1
2019-11-18,13.1,13.3,240,2.337,0.026,32.57,25.57428571,326.975,283.776,8.05,9.357142857,12
2019-11-25,11,10.7,0,2.254,0.023,32.61285714,25.55285714,457.603,337.371,0.05,8.385714286,9.9
2019-12-02,9.8,20,47,2.224,0.025,32.60428571,25.53,385.374,238.031,21.05,6.514285714,5.8
2019-12-09,7.8,54.3,112,2.255,0.024,32.63714286,25.59285714,386.504,231.324,0,2.414285714,8.7
2019-12-16,6.6,71.1,26,2.552,0.031,32.58714286,25.60571429,309.121,239.899,0.1,4.771428571,7.8
2019-12-23,5.7,33.1,0,2.735,0.03,32.55571429,25.63428571,244.933,242.509,0.05,4.114285714,6.5
2019-12-30,,,,,,32.55857143,25.64142857,242.072,252.342,6.5,3,5.7
2020-01-06,4.4,17.3,36,3.229,0.033,32.57142857,25.62,254.47,255.094,12,1.571428571,6
2020-01-13,3.8,13.8,0,2.81,0.011,32.79285714,25.76428571,1015.941,867.863,27.3,4.057142857,4.4
2020-01-20,3.7,10.7,0,3.145,0.023,32.66857143,25.63285714,481.075,412.152,0,2.157142857,7.7
2020-01-27,4.4,36.7,0,3.389,0.032,32.63857143,25.56285714,377.777,262.301,30.6,5.142857143,7.8
2020-02-03,5.6,45.1,0,3.534,0.04,32.64857143,25.60714286,503.79,375.343,0.65,4.757142857,4.4
2020-02-10,4.9,41,0,3.246,0.038,32.56285714,25.62285714,350.528,266.696,0.05,1.385714286,10.2
2020-02-17,5.7,18.1,0,3.595,0.028,32.56,25.64857143,390.524,309.735,10.05,7.242857143,8.5
2020-02-24,6.2,9.9,258,3.78,0.021,32.55,25.62428571,347.667,315.487,0.15,5.728571429,11.4
2020-03-02,7.2,32,0,2.643,0.016,32.65857143,25.58285714,1343.292,1306.328,30.25,6.957142857,10.9
2020-03-09,8,37.3,69,3.147,0.034,32.58857143,25.60285714,527.326,519.098,5,6.542857143,11.8
2020-03-16,8.3,29.4,47,2.965,0.037,32.56571429,25.61285714,415.459,467.609,10,7.457142857,15
2020-03-23,10.1,25.2,317,3.007,0.025,32.52142857,25.59714286,315.346,351.71,0,12.22857143,16.9
2020-03-30,11.2,18.3,858,3.051,0.031,32.54,25.57428571,289.324,321.26,9.5,11.5,17.6
2020-04-06,13,14.9,1774,2.835,0.026,32.50571429,25.53857143,298.938,287.303,0.05,12.02857143,17.2
2020-04-13,12.9,22.9,1848,2.942,0.032,32.52,25.52,157.516,189.69,1.15,11.25714286,19.3
2020-04-20,13.8,23.8,2658,3.059,0.035,32.52857143,25.54857143,206.794,250.319,31.3,13.04285714,16.5
2020-04-27,14.1,19.4,1197,2.888,0.017,32.54428571,25.39571429,259.687,500.198,0,12,23.6
2020-05-04,18.5,7.9,0,2.593,0.019,32.52857143,25.45428571,206.936,211.458,5.55,19.5,24.4
2020-05-11,19.4,14.4,0,2.588,0.031,32.49714286,25.57571429,341.736,340.101,20.5,17.81428571,23.4
2020-05-18,19.6,6.3,0,2.274,0.034,32.58428571,25.59714286,568.521,507.237,8.6,19.47142857,22.5
2020-05-25,21.5,13.1,0,1.639,0.014,32.60571429,25.59857143,983.182,839.541,3.5,18.21428571,25.6
2020-06-01,22.9,12.8,201,1.926,0.024,32.50857143,25.58714286,347.877,334.88,0,21.81428571,28.4
2020-06-08,26.2,3.2,143,2.04,0.029,32.56428571,25.55,378.82,359.949,0,24.54285714,29.9
2020-06-15,26.3,3.8,73,1.935,0.05,32.66285714,25.63142857,1012.698,1328.246,126.6,26.27142857,29.3
2020-06-22,27.5,12.6,675,1.786,0.059,32.71571429,25.6,862.776,828.57,7.6,22.85714286,29.4
2020-06-29,26.7,22.1,2280,1.733,0.055,32.64142857,25.61,890.54,713.698,45.2,24.58571429,28.4
2020-07-06,24.8,19.7,150,1.666,0.048,32.64571429,25.61428571,1820.058,1993.222,12.25,22.71428571,29.4
2020-07-13,21.1,4.7,0,2.747,0.107,32.60857143,25.60285714,3077.151,3400.262,108.6,23.74285714,27.6
2020-07-20,25.4,88.4,68,2.956,0.064,32.6,25.61857143,4056.533,4931.884,4.15,22.78571429,28.2
2020-07-27,,,,,,32.65857143,25.62857143,7980.007,9950.615,156.75,23.12857143,29.3
2020-08-03,,,,,,32.65714286,25.67428571,9343.931,11622.259,55,25.71428571,29
2020-08-10,,,,,,32.72571429,25.68285714,14514.312,18690.823,281.45,27.05714286,30.8
2020-08-17,28,44.2,389,2.173,0.072,32.60714286,25.59714286,11458.027,13536.425,4.8,29.88571429,33.5
2020-08-24,27.6,22,610,2.251,0.049,32.63142857,25.66857143,2097.961,2124.109,0.05,28.7,31.9
2020-08-31,26.6,33.6,2016,1.932,0.048,32.56857143,25.61,2538.968,3131.83,36.45,28.61428571,29.5
2020-09-07,23.1,12.9,16637,1.776,0.104,32.62142857,25.59285714,9190.145,11291.223,146.25,23.65714286,26.8
2020-09-14,23.6,18.7,2182,2.142,0.094,32.59285714,25.56714286,4179.616,4822.411,9.95,22.51428571,25.6
2020-09-21,22.5,14.5,1212,2.333,0.069,32.64,25.59571429,1745.547,2185.545,4.9,20.68571429,23.9
2020-09-28,22.4,5.9,205,2.609,0.065,32.59142857,25.61714286,849.68,985.974,0.1,18.75714286,23.7
2020-10-05,21.3,9.6,370,2.755,0.06,32.58428571,25.56,596.587,535.866,1.1,19.08571429,21.7
2020-10-12,20.3,14.5,20,2.489,0.047,32.53714286,25.53142857,427.152,426.099,0,17.47142857,19.9
2020-10-19,18.4,17.8,222,2.575,0.041,32.55714286,25.61285714,363.8,339.676,0,14.34285714,18.4
2020-10-26,16.8,51.8,656,2.453,0.033,32.57714286,25.61,388.963,340.475,12,13.4,17.5
2020-11-02,15.4,57.5,1395,2.392,0.031,32.56714286,25.57142857,368.288,296.81,3.1,12.81428571,14.2
2020-11-09,13.3,11.8,1043,2.39,0.029,32.55571429,25.56285714,321.727,310.394,0,9.828571429,15.5
2020-11-16,12.5,11.3,3579,2.587,0.036,32.52857143,25.49714286,303.781,243.024,0,10.34285714,15.8
2020-11-23,12.4,14.3,1176,2.74,0.03,32.54714286,25.56571429,393.795,368.326,20.85,12.08571429,9.2
2020-11-30,10.2,22.9,506,2.609,0.029,32.54,25.56,342.233,336.918,0.05,5.857142857,7.2
2020-12-07,8.3,54.9,443,2.541,0.02,32.43428571,25.46571429,388.381,389.556,0,3.757142857,7.7
2020-12-14,6.3,58.6,205,2.614,0.028,31.80428571,25.41571429,433.599,308.215,0.05,3.171428571,1.6
2020-12-21,3.8,45.8,0,2.792,0.015,31.10571429,25.53714286,473.487,325.003,0,-1.5,6.2
2020-12-28,3.2,34.7,0,2.947,0.016,30.55,25.54428571,431.419,284.435,1.3,2.514285714,1.5
2021-01-04,,,,,,30.49571429,25.53571429,387.276,301.503,1.6,-1.685714286,-2.4
2021-01-11,,,,,,30.52857143,25.52714286,213.857,226.362,0.2,-5.871428571,4.1
2021-01-18,,,,,,30.58428571,25.52714286,262.305,302.542,0.05,1.685714286,6.3
2021-01-25,,,,,,30.62714286,25.52857143,344.11,350.164,1.45,4.857142857,6.4
2021-02-01,3.6,42.8,0,3.638,0.027,30.54857143,25.53571429,418.573,335.658,19.85,3.028571429,6.6
2021-02-08,3.9,44.1,0,3.565,0.029,31.59857143,25.49428571,111.623,153.213,0.05,1.957142857,10.5
2021-02-15,5,26.1,0,3.541,0.028,32.61285714,25.53571429,248.695,245.303,5.5,5.885714286,7.6
2021-02-22,5.4,19.2,0,3.577,0.034,32.62,25.5,290.271,252.794,0.1,4.9,11.5
2021-03-01,6.1,14.9,0,3.469,0.034,32.56285714,25.53857143,285.906,276.991,39.7,6.814285714,11.7
2021-03-08,7.3,23.6,0,2.901,0.032,32.63857143,25.48,729.744,631.559,10.5,5.885714286,14.8
2021-03-15,8.9,30.9,0,2.921,0.039,32.61142857,25.55857143,480.82,431.436,19.5,9.942857143,16
2021-03-22,11.2,38,22,2.689,0.034,32.55428571,25.50857143,368.527,390.307,5.3,10.51428571,16.8
2021-03-29,12.4,19.5,131,2.748,0.034,32.55714286,25.55714286,337.936,396.074,24.4,13.7,18.9
2021-04-05,13,19.5,189,2.54,0.032,32.61857143,25.62714286,1514.757,1571.035,35.5,12.92857143,17.9
2021-04-12,14.3,45.2,300,2.821,0.034,32.57,25.60285714,1036.884,934.147,7.4,12.87142857,17.8
2021-04-19,14.1,28.1,493,3.898,0.076,32.63428571,25.67714286,687.404,647.582,0.05,13.5,23.2
2021-04-26,17.3,53.2,430,3.412,0.035,32.53857143,25.58,427.871,462.75,0.05,17.07142857,20.6
2021-05-03,17.5,38.5,135,3.072,0.032,32.53,25.57857143,322.264,388.281,4.35,15.9,22.1
2021-05-10,17.7,9.3,51,2.654,0.028,32.52285714,25.64571429,368.058,471.139,11.9,17.34285714,24.1
2021-05-17,19.2,9.4,21,1.729,0.03,32.56428571,25.61142857,1059.557,1162.742,46.1,18.45714286,24.3
2021-05-24,22.5,31.8,81,2.387,0.043,32.57428571,25.54428571,1880.412,1377.013,13.05,20.14285714,24.2
2021-05-31,20.1,28.5,128,3.024,0.033,32.58428571,25.54142857,1018.858,744.779,15.75,19.04285714,26.6
2021-06-07,23.8,49.1,1546,2.17,0.027,32.62428571,25.55428571,1147.423,929.378,21.5,22.7,28.4
2021-06-14,25,18.9,4171,1.973,0.022,32.58714286,25.53428571,753.747,723.029,5.65,24.34285714,28
2021-06-21,24.9,16.5,1861,1.749,0.033,32.57857143,25.55571429,709.279,680.643,6.6,22.74285714,27.1
2021-06-28,26.3,14.6,5678,1.462,0.03,32.60142857,25.38428571,686.553,738.525,20.4,22.61428571,28.5
2021-07-05,26.2,24.4,6362,1.358,0.028,32.59142857,25.52142857,1000.124,951.621,44.55,24.62857143,29.1
2021-07-12,26.9,8.2,36,2.486,0.101,32.6,25.54,6274.901,8610.099,100,25,32.5
2021-07-19,28.5,39.7,290,2.197,0.047,32.60142857,25.58,2316.312,2403.07,4.45,27.68571429,33.6
2021-07-26,29,20.4,18337,1.878,0.035,32.61142857,25.63571429,812.944,904.174,0.05,28.1,33.7
2021-08-02,30.5,26.8,51350,1.995,0.046,32.57714286,25.58142857,541.083,743.479,31.7,28.87142857,33
2021-08-09,29.5,17.4,20391,1.33,0.034,32.64,25.6,1037.301,1120.751,14.75,28.85714286,31.1
2021-08-16,27.8,9.8,800,1.732,0.067,32.60714286,25.61285714,879.397,948.983,37.05,24.45714286,30
2021-08-23,26.8,12.9,2665,1.713,0.059,32.61857143,25.63714286,894.272,1308.294,59.7,24.04285714,28.8
2021-08-30,23.5,6.4,820,2.407,0.113,32.65285714,25.58142857,4837.518,6576.599,103.6,25.02857143,26.7
2021-09-06,22,8.6,467,2.471,0.119,32.60571429,25.62714286,4543.928,5297.977,66.1,22.08571429,27.4
2021-09-13,24,54.1,2751,2.658,0.052,32.58142857,25.54,1997.933,2438.232,0.05,23.34285714,26.7
2021-09-20,23.6,9.6,70,2.194,0.049,32.60714286,25.58571429,1527.521,1702.356,4.15,21.82857143,25.8
2021-09-27,22.9,11.6,755,2.12,0.056,32.59428571,25.59,1126.223,1400.002,10.2,21.4,25.9
2021-10-04,23.4,15.6,925,2.058,0.045,32.58142857,25.60428571,900.568,1012.03,18.9,22.38571429,25.5
2021-10-11,22.6,5.7,453,2.097,0.038,32.56142857,25.55714286,531.296,743.444,23.35,22.55714286,20.2
2021-10-18,19.6,32.8,597,1.896,0.038,32.64857143,25.65142857,813.145,920.923,34.5,14.9,16.1
2021-10-25,17.5,44.7,377,1.755,0.028,32.58285714,25.56142857,615.73,731.203,0.05,11.62857143,18.8
2021-11-01,16.9,8.6,862,2.168,0.025,32.62142857,25.62428571,478.856,603.01,0,13.1,18.2
2021-11-08,15.2,9.3,315,2.175,0.026,31.83571429,25.30142857,680.834,791.567,26.8,12.58571429,12.4
2021-11-15,14,15.2,545,2.184,0.02,30.62,25.11857143,689.581,610.359,0.5,8.614285714,15.4
2021-11-22,11.9,17.3,334,2.472,0.021,30.57714286,25.19857143,587.159,447.243,0.4,9.985714286,9.6
2021-11-29,10.4,17.2,0,2.243,0.024,30.63571429,25.38857143,608.498,497.578,0,6.657142857,8.9
2021-12-06,8.9,39.2,137,2.251,0.028,30.62428571,24.65142857,635.639,683.786,15.55,4.071428571,11.2
2021-12-13,7.5,26.2,55,2.434,0.031,30.60142857,24.64142857,499.06,454.352,0,6.371428571,5.3
2021-12-20,6.3,16.4,0,2.671,0.027,30.55857143,24.56285714,559.251,487.777,0.15,2.742857143,5.2
2021-12-27,3.4,16.5,0,2.767,0.031,30.60857143,24.63571429,506.283,413.118,0,0.6,2.8
2022-01-03,,,,,,30.56285714,24.64,535.291,377.637,0.05,0.328571429,5.1
2022-01-10,,,,,,30.54571429,24.64285714,505.47,365.4,0,1.7,2
2022-01-17,,,,,,30.59285714,24.61428571,486.086,379.184,0.15,-1,3.9
2022-01-24,,,,,,30.57142857,24.63,492.453,365.924,0.05,1.185714286,6
2022-01-31,3.5,9.9,0,3.023,0.027,30.59285714,24.63714286,496.562,352.892,0.05,2.457142857,2.9
2022-02-07,3,12.4,0,3.004,0.023,31.65142857,24.57428571,228.123,180.433,0,-0.214285714,7.7
2022-02-14,4,14.7,0,3.104,0.026,32.52142857,25.41571429,268.157,157.487,0,4.342857143,3.8
2022-02-21,4,18.2,0,3.032,0.031,32.54285714,25.62857143,257.836,360.643,0.05,-0.985714286,6.7
2022-02-28,4.5,23.4,0,3.037,0.033,32.52714286,25.55,256.8,373.961,0.2,3.271428571,10.5
2022-03-07,5.7,18.8,0,2.778,0.038,32.51285714,25.54571429,223.089,333.29,0.05,6.957142857,16
2022-03-14,7.8,22.2,0,2.671,0.022,32.57142857,25.57,271.243,364.361,2.1,11.54285714,13.7
2022-03-21,9.2,21.4,0,2.484,0.026,32.61142857,25.62428571,512.155,607.905,18.8,8.685714286,14.8
2022-03-28,10.8,16.1,0,2.221,0.036,32.59857143,25.53428571,925.926,873.796,13.35,10.7,14.8
2022-04-04,13.5,14.8,0,2.216,0.025,32.526,25.53257143,835.882,692.853,0.4,11.37142857,19.9
2022-04-11,15,17.8,145,2.247,0.031,32.536,25.52714286,446.336,484.205,2.4,16.98571429,20.4
2022-04-18,17,45.1,560,2.565,0.032,32.53285714,25.52714286,391.833,463.179,0.05,14.98571429,22.9
2022-04-25,19.5,11.9,82,2.623,0.024,32.51857143,25.51285714,334.179,389.854,2.7,18.95714286,22.3
2022-05-02,19.7,2.8,0,2.213,0.029,32.53142857,25.53142857,432.522,527.532,34.3,15.04285714,23.4
2022-05-09,21.3,3.1,0,1.798,0.031,32.52942857,25.52428571,427.866,477.286,0.4,18.12857143,23.3
2022-05-16,21.3,4.6,0,1.773,0.037,32.53285714,25.5,390.572,485.807,2.65,18.08571429,27.2
2022-05-23,23.3,6,107,1.755,0.021,32.51914286,25.53714286,345.479,380.598,0,23.18571429,28.7
2022-05-30,23.1,9.6,128,1.745,0.027,32.51857143,25.50685714,311.72,366.438,0.05,24.67142857,27.7
2022-06-06,23.6,13,2017,1.691,0.022,32.55142857,25.55714286,386.188,451.669,33,22.54285714,26.1
2022-06-13,23.7,12.4,6095,1.285,0.023,32.51857143,25.54857143,439.398,500.757,1.15,19.87142857,27.4
2022-06-20,26.9,104.8,127406,1.407,0.022,32.55142857,25.59714286,478.108,556.518,9,24.44285714,30.2
2022-06-27,26.6,10.7,6862,1.149,0.025,32.64428571,25.68057143,636.634,711.835,38,28.22857143,30
2022-07-04,28.3,16,6568,1.152,0.03,32.64714286,25.72857143,660.869,752.507,1.8,29.42857143,32
2022-07-11,28.7,41.6,13315,1.163,0.039,32.54228571,25.56714286,432.964,544.328,29.65,28.38571429,30.3
2022-07-18,28.3,32.4,14774,0.942,0.034,32.58142857,25.61428571,742.571,867.595,49.2,26.21428571,30.3
2022-07-25,28.6,9.5,1990,1.404,0.047,32.64857143,25.63857143,814.18,997.289,6.35,27.12857143,32.1
2022-08-01,27.6,10,545,1.555,0.039,32.55142857,25.58314286,494.252,603.992,2.85,27.38571429,32.3
2022-08-08,28.7,27.1,4701,1.742,0.032,32.55428571,25.61285714,419.205,570.326,5.25,30.51428571,30.8
2022-08-15,,,,,,32.73457143,25.79428571,3288.334,3257.164,14.35,28.75714286,31
2022-08-22,27.5,24,1135,2.435,0.058,32.71285714,25.69428571,2475.652,2325.477,72.9,26.51428571,28.8
2022-08-29,25.9,9.8,385,2.182,0.052,32.686,25.67,947.279,1032.583,11.6,23.22857143,26.6
2022-09-05,,,,,,32.72457143,25.69857143,2247.319,2563.428,72,22.54285714,27
2022-09-12,23.7,50.2,9752,2.871,0.072,32.72057143,25.68428571,3310.313,4298.585,81.4,21.94285714,27.7
2022-09-19,24,15.5,863,2.715,0.042,32.66714286,25.62428571,766.922,857.217,0.5,24.74285714,24.4
2022-09-26,23.1,10.8,181,2.725,0.041,32.62,25.59428571,539.719,662.716,0,18.87142857,26.7
2022-10-03,22.7,14.7,1638,2.354,0.024,32.63285714,25.60571429,495.187,613.097,3.9,21.54285714,20.7
2022-10-10,20.6,21.7,441,2.192,0.028,32.67714286,25.65714286,644.709,743.508,21.5,16.61428571,21.2
2022-10-17,20.2,16,520,1.86,0.047,32.62571429,25.56571429,407.128,499.664,0,16.11428571,18
2022-10-24,17.9,17.1,625,1.963,0.029,32.61428571,25.54142857,563.409,402.545,0.3,13.31428571,17.7
2022-10-31,15.8,15.4,5784,2.077,0.032,32.60571429,25.60571429,359.939,463.509,0,13,16.6
2022-11-07,14.9,18.5,3826,2.083,0.037,32.51221429,25.58857143,314.065,470.91,0,10.97142857,17.5
2022-11-14,14.7,29.3,4152,2.055,0.028,32.48,25.47428571,331.016,424.847,16.4,13.48571429,15.6
2022-11-21,13.6,10.7,428,1.882,0.032,30.79727143,24.68142857,681.333,798.189,0.4,10.82857143,14.6
2022-11-28,11.2,9.5,447,1.965,0.025,30.5861,24.57714286,507.663,442.079,12.1,10.35714286,7.1
2022-12-05,8.3,10.7,0,2.22,0.031,30.58467143,24.60155714,620.134,608.431,17.7,2.842857143,7.3
2022-12-12,6.7,19.1,0,2.398,0.028,30.56428571,24.56285714,452.726,361.366,1.15,4.114285714,1.7
2022-12-19,4.4,20.1,0,2.301,0.022,30.58064286,24.57571429,446.077,364.495,0.15,-1.485714286,0.7
2022-12-26,,,,,,30.57882857,24.58507143,475.575,335.783,2.55,-2.314285714,2.8
2023-01-02,,,,,,30.57285714,24.59078571,542.367,455.193,0,0.6,4.2
2023-01-09,,,,,,30.62558571,24.60857143,535.761,440.272,0.1,1.714285714,9.1
2023-01-16,3.8,20.2,0,2.876,0.025,30.65221429,24.63571429,560.903,517.849,11.6,5.171428571,3
2023-01-23,,,,,,30.64545714,24.61091429,479.837,469.765,0,0.214285714,-1
2023-01-30,,,,,,31.44,24.65492857,245.655,259.158,0.15,-3.685714286,5
2023-02-06,,,,,,32.03481429,24.67558571,303.663,351.76,0,2.371428571,9.4
2023-02-13,4.2,13.5,0,2.834,0.025,32.27285714,24.67285714,255.293,290.837,11.25,4.742857143,8.4
2023-02-20,,,,,,32.51142857,25.39792857,204.346,180.787,0.15,4.742857143,7.7
2023-02-27,5.4,11.8,0,2.689,0.036,32.46857143,25.54,226.656,307.367,0.05,4.857142857,12.2
2023-03-06,8.5,10.3,0,,,32.5174,25.53285714,226.176,304.211,0,8.1,18.2
2023-03-13,9.1,15.7,0,,,32.49857143,25.51805714,230.289,322.933,6.75,12.84285714,14.5
2023-03-20,11.7,14.9,0,,,32.48142857,25.41857143,203.517,272.219,0,11.28571429,17.9
2023-03-27,13.3,19.5,0,,,32.52688571,25.49428571,264.469,328.958,20.65,12.97142857,20.7
2023-04-03,15.6,7.2,0,2.392,0.031,32.51428571,25.51311429,203.382,281.81,0,14.08571429,18.2
2023-04-10,15.3,25.4,38,2.364,0.041,32.54364286,25.57857143,286.355,389.517,14.2,13.71428571,18.9
2023-04-17,15.5,6.4,0,2.08,0.032,32.51688571,25.5365,225.28,343.468,0.4,14.77142857,21.2
2023-04-24,17,1.6,0,2.054,0.032,32.50428571,25.53714286,153.839,245.166,1.6,16.52857143,19.9
2023-05-01,17.8,3.9,0,2.163,0.041,32.52142857,25.53428571,181.822,242.21,14.7,14.97142857,22.1
2023-05-08,17.2,2.2,0,1.796,0.017,32.5216,25.54492857,1092.854,1327.425,82,16.02857143,23.5
2023-05-15,21.7,22,82,1.636,0.013,32.54571429,25.54285714,595.619,626.802,0.05,19.45714286,26.6
2023-05-22,22.5,9,366,1.904,0.018,32.53025714,25.55428571,310.819,330.955,6.45,20.92857143,25.4
2023-05-29,21.9,10.2,88,2.422,0.039,32.54285714,25.50324286,493.15,639.776,111.65,20.9,26.7
2023-06-05,25.9,3.1,1758,2.359,0.038,32.55428571,25.48102857,940.581,1191.951,0.5,21.87142857,27.8
2023-06-12,25.3,6.5,7222,2.261,0.024,32.5335,25.52714286,386.289,439.451,0.7,24.21428571,29.1
2023-06-19,28.4,13.2,13676,1.992,0.044,32.54415714,25.51272857,464.067,507.913,17.5,24.3,28.8
2023-06-26,25.9,5.1,5039,2.022,0.021,32.57347143,25.51,666.221,700.37,40.05,23.8,29.5
2023-07-03,25.1,7.5,120,3.003,0.195,32.54117143,25.51285714,4791.253,5497.588,120,26.1,30.6
2023-07-10,22.8,6.9,920,2.374,0.105,32.51502857,25.56092857,6343.82,7081.314,66.9,25.68571429,28.8
2023-07-17,,,,,,32.92278571,25.64202857,19394.694,20889.456,143,26.04285714,30.2
2023-07-24,,,,,,32.57707143,25.53895714,10327.401,12313.887,88.95,26.17142857,31.4
2023-07-31,28.5,48.3,3159,2.469,0.091,32.56494286,25.55272857,3291.495,3794.917,0.15,28.75714286,33.8
2023-08-07,31.5,24.1,22114,2.419,0.061,32.53662857,25.54714286,728.161,790.023,0,30.44285714,31.7
2023-08-14,,,,,,32.64365714,25.57208571,6323.919,8198.019,134.4,26.78571429,31.8
2023-08-21,29.9,30.6,3053,2.618,0.047,32.55285714,25.53142857,1341.413,1275.271,11.15,27.08571429,30.8
2023-08-28,28.7,16.2,2146,2.054,0.053,32.56467143,25.51857143,2334.315,2959.965,57.7,26.77142857,28.4
2023-09-04,25.2,12.2,1406,2.44,0.131,32.57625714,25.53168571,6237.427,7937.922,110.75,25.34285714,29.6
2023-09-11,27.6,104.1,14113,2.197,0.061,32.54365714,25.53844286,1187.214,1044.503,0,24.45714286,27.6
2023-09-18,26,4.1,185,2.455,0.102,32.5402,25.56701429,2122.113,2584.629,60.25,24.28571429,26.7
2023-09-25,23.6,10.2,5396,2.376,0.111,32.56898571,25.5711,7113.156,8199.477,40.95,21.31428571,25
2023-10-02,21.2,10.6,414,2.548,0.089,32.56792857,25.57467143,3311.198,3933.659,21.4,20.97142857,22
2023-10-09,19.9,9.6,45,2.628,0.031,32.55,25.51622857,1842.507,1474.154,1.55,17.3,21.8
2023-10-16,19.2,18.6,446,2.407,0.029,32.53832857,25.55,726.121,651.836,0.2,16.74285714,19.1
2023-10-23,18.6,16.9,148,2.25,0.037,32.55,25.53181429,452.606,510.13,4,14.17142857,20
2023-10-30,17.6,30.2,0,2.257,0.028,32.5265,25.56,449.775,518.619,0.05,14.8,20.9
2023-11-06,17.5,27.2,309,2.547,0.028,32.55818571,25.54714286,383.972,468.429,9.9,17.64285714,13.7
2023-11-13,14,10.2,41,2.244,0.023,32.55494286,25.55571429,434.574,567.757,11,8.7,10.7
2023-11-20,11,6,291,2.532,0.018,32.53558571,25.5374,405.871,498.356,10.65,6.685714286,10.6
2023-11-27,9.7,4.7,161,2.621,0.025,32.5538,25.54818571,410.269,472.701,0.15,6.871428571,6.8
2023-12-04,7.8,9.2,57,2.488,0.028,32.55428571,25.55142857,426.036,483.834,0,3.542857143,12.5
2023-12-11,8.7,24.1,72,2.712,0.023,32.55932857,25.54857143,500.287,541.115,32.1,9.1,8.6
2023-12-18,6.9,5,0,3.136,0.118,32.57364286,25.55,2392.894,2338.156,55.8,4.214285714,-0.4
2023-12-25,3.4,2.8,0,3.39,0.109,32.57345714,25.52194286,1136.629,1007.909,0.1,-2.714285714,6.3
