Date,WT_GJGRB,Chla_GJGRB,Cyanocell_GJGRB,TN_GJGRB,TP_GJGRB,WL_UP_GMB,WL_GJGRB,Discharge_UP_GMB,Discharge_GJGRB,Prec_GJGRB,Temp_GJGRB,Forecast_Temp_GJGRB
2012-01-09,3.1,2.4,0,4.178,0.101,17.08,15.31571429,0,0,1.5,-0.5,4
2012-01-16,1.9,4.7,0,4.036,0.121,17.08,15.38,0,0,0.1,0.814285714,6.5
2012-01-23,0.9,8.6,0,3.877,0.109,17.08,15.51857143,0,0,6.05,3.714285714,1.7
2012-01-30,2.9,13.8,0,3.62,0.089,17.08,15.60285714,0,0,0.05,-0.428571429,1.4
2012-02-06,3,46.1,0,3.646,0.1,17.35428571,15.83,0,0,2.3,-2.085714286,2.3
2012-02-13,2.6,27.3,0,3.848,0.103,18.35285714,15.94571429,0,0,0.15,-0.257142857,3.5
2012-02-20,2.6,21.7,0,3.789,0.079,19.49714286,16.46428571,0,0,4.5,0.971428571,8.1
2012-02-27,4.025,49.675,0,3.536,0.089,19.74857143,16.57857143,0,0,0.5,4.442857143,8.9
2012-03-05,6.8,98.45,0,3.598,0.089,19.77142857,16.57142857,0,0,23.05,6.5,8.8
2012-03-12,6.6,91.7,0,3.348,0.098,20.05142857,17.89571429,0,0,5.55,5.442857143,10.7
2012-03-19,9.55,80.8,0,3.363,0.071,19.61714286,19.37571429,0,0,3.6,7.971428571,9.7
2012-03-26,8,54.7,0,3.221,0.06,20.19142857,19.38714286,0,0,25,6.971428571,13.4
2012-04-02,10.3,38.9,0,2.787,0.063,23.23857143,19.44142857,0,0,25.5,11.47142857,13.5
2012-04-09,11.7,43.6,0,2.71,0.061,24.61714286,19.47142857,0,0,15.55,11.97142857,18.6
2012-04-16,16,19.4,0,2.323,0.04,25.02857143,19.48857143,0,0,3.05,16.24285714,19.2
2012-04-23,15,27.9,0,2.241,0.066,25.55285714,19.50571429,0,0,36.4,15.25714286,21.4
2012-04-30,17.3,41.7,0,,,25.50571429,19.52142857,0,0,19,18.27142857,24.1
2012-05-07,20.8,20.8,0,2.401,0.031,25.52714286,19.50571429,0,0,4,20.7,23.9
2012-05-14,18.3,26.8,314,2.646,0.038,25.49285714,19.39571429,0,0,32.05,16.92857143,23.9
2012-05-21,20.2,8.7,22,2.461,0.036,25.49142857,19.28,0,0,0.6,20.21428571,27.3
2012-05-28,23.1,4.2,40,2.409,0.036,25.54142857,19.33,0,0,12.5,22.58571429,27
2012-06-04,24.5,11,1928,2.202,0.055,25.5,19.42285714,0,0,1.55,21.44285714,28.2
2012-06-11,24.2,8.1,725,2.043,0.042,25.56857143,19.34428571,73.93,68.765,18,23.98571429,27.7
2012-06-18,24.9,13,652,1.916,0.051,25.55285714,19.44857143,0,0,12.1,22.71428571,28.8
2012-06-25,24,6.3,1924,1.844,0.021,25.52571429,19.45,0,0,24,23.61428571,27.4
2012-07-02,25.5,14.1,6603,1.825,0.036,25.58142857,19.50285714,0,0,32,23.77142857,28.1
2012-07-09,26.1,16.5,1704,1.659,0.082,25.59714286,19.61857143,0,0,44,26.27142857,27.3
2012-07-16,24.4,7.8,47,3.157,0.142,25.61428571,19.67571429,3875.258,3373.331,125.55,25.04285714,28.2
2012-07-23,26.6,20.4,3031,3.013,0.116,25.55,19.57571429,4222.995,2313.603,32,27.12857143,33.2
2012-07-30,28.9,18.3,4396.5,2.839,0.052,25.56,19.54714286,2636.748,1033.343,0.1,31.2,33.4
2012-08-06,30.06666667,17.96666667,23663.33333,2.83,0.053,25.57428571,19.53571429,943.843,443.92,0,30.47142857,31.7
2012-08-13,27.32857143,8.157142857,654.4285714,2.427,0.05,25.60285714,19.57142857,1374.034,1468.293,91.1,28.02857143,30
2012-08-20,25.66,13.76,1027.2,2.71,0.168,25.57857143,19.68285714,6482.152,5683.299,5.6,28.71428571,30.4
2012-08-27,24.325,10.7,388,2.737,0.177,25.55285714,19.51,6355.609,6469.498,201.5,25.94285714,29.4
2012-09-03,21.86666667,11.86666667,261.3333333,2.261,0.129,25.63,19.64,7067.886,7174.58,29.15,25.35714286,27.6
2012-09-10,20.6,6.5,178,2.274,0.149,25.60428571,19.67,5867.867,6140.997,68.55,23.31428571,25.3
2012-09-17,22.1,24.85,120,2.501,0.159,25.59714286,19.73571429,7096.353,7505.702,173,21.12857143,25.2
2012-09-24,24.15,12.2,236,2.516,0.133,25.62142857,19.51857143,8301.099,9264.38,0,21.22857143,24.8
2012-10-01,19.3,11.9,308,2.855,0.086,25.65285714,19.53571429,1203.751,1282.256,0,19.62857143,24.4
2012-10-08,18.7,12.8,0,2.968,0.074,25.65142857,19.53,834.556,868.769,0.05,18.17142857,22.1
2012-10-15,19.5,16.2,40,3.136,0.07,25.34,19.48142857,753.848,754.681,0,16.44285714,20.9
2012-10-22,16.9,12.65,20,2.875,0.058,25.10571429,19.50571429,565.877,583.709,17.6,15.1,19
2012-10-29,17.95,4.5,156,2.654,0.054,25.21714286,19.52714286,705.325,637.959,10.5,14.42857143,14.4
2012-11-05,15.1,11.5,600,2.814,0.051,25.60714286,19.57285714,669.005,799.678,2.5,10.6,14.2
2012-11-12,13.4,15.8,216,2.693,0.03,25.35,19.54571429,600.323,773.528,11,11.82857143,11
2012-11-19,10.4,16,436,2.592,0.037,25.20571429,19.59142857,737.116,1154.424,12,7.228571429,10.6
2012-11-26,9.9,19,300,2.676,0.031,25.59857143,19.43714286,646.057,707.101,7,5.757142857,7.7
2012-12-03,7.05,11.2,170,2.707,0.034,25.54,18.96428571,566.154,404.063,1.2,4.485714286,3.4
2012-12-10,4.7,9.6,148,2.817,0.027,25.65,18.93714286,670.818,498.796,7,-1.285714286,5.4
2012-12-17,3.35,18.75,96,3.005,0.031,25.66142857,18.74142857,905.709,699.165,15,2.214285714,2.8
2012-12-24,,,,3.118,0.026,25.58714286,18.77428571,820.783,790.015,9.8,-1.442857143,1.2
2012-12-31,,,,,,25.60428571,18.72142857,741.919,586.842,17.95,-2.414285714,-0.6
2013-01-07,,,,,,25.65714286,18.76571429,636.699,518.794,0.25,-3.685714286,3
2013-01-14,2.6,20.6,0,3.279,0.03,25.60571429,18.80285714,655.568,627.578,0,-0.628571429,4.1
2013-01-21,2.3,23.9,0,3.422,0.028,25.64571429,18.62,710.259,570.065,12.55,1.371428571,2.7
2013-01-28,2.2,11.3,0,3.664,0.038,25.61285714,18.68,990.044,1054.188,5.05,0.214285714,7.4
2013-02-04,1.9,7.6,0,3.464,0.038,25.58571429,18.78,1415.29,1469.828,19,5,2
2013-02-11,1.5,8.6,0,3.176,0.034,25.64,18.76142857,1024.915,1230.963,3,-1.228571429,4.7
2013-02-18,2.2,13,0,3.209,0.042,25.59285714,18.73142857,803.818,874.942,5.3,2.3,5.4
2013-02-25,2.6,24,0,3.306,0.046,25.58285714,19.03571429,565.875,313.696,0.05,2.7,8.9
2013-03-04,4.7,28.3,0,3.397,0.078,25.59142857,18.97285714,534.531,614.794,4.5,6.342857143,14.6
2013-03-11,6.9,106.7,0,3.425,0.077,25.64428571,18.00285714,697.619,802.749,0,11.51428571,13
2013-03-18,10.2,50.9,0,3.297,0.042,25.15428571,19.33285714,950.473,471.683,50.1,10.52857143,13
2013-03-25,9.7,41.6,0,3.285,0.034,25.21714286,19.15428571,1275.846,1332.827,0,9.157142857,13.5
2013-04-01,11.3,24.7,0,2.949,0.056,25.16428571,19.10714286,563.881,664.152,0.55,11,16
2013-04-08,11.7,14.3,88,2.729,0.036,25.18285714,19.14142857,829.658,835.431,31.5,11.75714286,14.7
2013-04-15,12.3,23.7,124,3.131,0.038,25.15142857,19.05,852.517,981.888,1.2,10.41428571,17
2013-04-22,13.1,11.4,496,2.681,0.035,25.14142857,19.06428571,563.526,534.099,4.7,11.97142857,18.6
2013-04-29,14.7,17.9,0,3.029,0.04,25.16571429,18.85571429,907.025,995.05,23.2,14.51428571,19.1
2013-05-06,17.6,15.5,256,2.798,0.034,25.17285714,19.13142857,680.468,734.588,0.1,16.54285714,23.8
2013-05-13,20.5,7.1,0,2.769,0.032,25.16428571,19.12285714,566.674,621.456,13.5,20.67142857,24.7
2013-05-20,20.5,5.3,0,2.656,0.045,25.16714286,19.15428571,586.662,603.976,16.9,19.25714286,28.4
2013-05-27,23.9,3,0,2.493,0.027,25.15857143,19.14714286,704.579,662.987,15,23.37142857,24.8
2013-06-03,22.4,16.1,0,2.437,0.042,25.18714286,19.16857143,2100.664,2072.149,25,21.75714286,29.4
2013-06-10,23.7,26.4,0,2.68,0.042,25.24571429,19.21,898.228,890.099,0,23.18571429,28.4
2013-06-17,26.5,8.5,673,2.305,0.036,25.26428571,19.16142857,1085.901,1100.795,7.6,24.95714286,27.7
2013-06-24,23.6,10.8,0,2.949,0.142,25.32428571,19.20857143,5290.898,5419.142,19.05,25.02857143,29.6
2013-07-01,27.3,21.5,224,2.71,0.085,25.15857143,19.22714286,1552.922,1770.114,36.5,25.47142857,27.2
2013-07-08,26.4,9.1,0,2.531,0.109,25.11571429,19.33428571,4325.495,4670.899,222.5,26.58571429,30.3
2013-07-15,28.1,30.8,978,2.621,0.102,25.23142857,19.59571429,1428.451,1675.275,11,29.54285714,30.6
2013-07-22,29,19.9,421,2.484,0.063,25.52571429,19.64285714,1277.923,1212.681,0,29.74285714,30.1
2013-07-29,29.2,33.06666667,11194.66667,2.454,0.056,25.35142857,19.60428571,1006.88,860.021,4.9,29.38571429,30.8
2013-08-05,29.5,30.03333333,12052,2.289,0.06,25.60285714,19.65428571,2229.418,2206.795,56,28.18571429,33.7
2013-08-12,31.63333333,28.13333333,5464,2.073,0.073,25.68714286,19.68142857,1860.699,1763.781,62,31.15714286,34.5
2013-08-19,30.23333333,22.46666667,3988.333333,2.033,0.061,25.62285714,19.60142857,877.814,488.488,0,31.22857143,31.7
2013-08-26,28.66666667,20.16666667,17157.33333,2.139,0.091,25.64714286,19.62857143,1216.799,1114.999,88,26.94285714,29.4
2013-09-02,27.55,17.75,9156,1.884,0.063,25.65714286,19.59,1034.588,623.833,8.1,26.11428571,27.6
2013-09-09,26.3,46.35,5818,1.788,0.045,25.58714286,19.56285714,657.123,324.565,5.05,22.11428571,27.2
2013-09-16,26.6,34.8,5720,1.836,0.085,25.61142857,19.63,1495.268,1513.505,40,24.31428571,28.4
2013-09-23,25.5,9.9,352,1.794,0.059,25.64714286,19.58714286,810.698,824.505,0,23.91428571,24.7
2013-09-30,24.2,26.1,6080,1.701,0.045,25.62571429,19.6,1198.873,1081.707,51.7,21,24.3
2013-10-07,23.6,7.1,1504,2.066,0.064,25.42,19.48714286,1142.1,1467.222,5.5,20.81428571,24.3
2013-10-14,23.3,34.9,1092,2.224,0.067,25.58285714,19.11428571,1157.406,1775.077,101.5,19.61428571,20.5
2013-10-21,20,63.1,376,2.104,0.063,25.23142857,18.98571429,609.24,860.262,0.5,15.27142857,19.3
2013-10-28,18.2,51.4,192,2.127,0.046,25.23285714,18.94857143,433.304,319.171,0,14.34285714,19
2013-11-04,17.4,45,480,2.294,0.058,25.20571429,18.97857143,301.029,242.018,0,14.87142857,16.9
2013-11-11,15,17.9,195,2.394,0.049,25.21142857,18.98714286,371.766,296.792,12.3,11.77142857,12.7
2013-11-18,11.3,5.5,970,2.456,0.045,25.23857143,18.93,464.707,417.197,1.05,7.685714286,10.6
2013-11-25,10.9,7.1,0,2.685,0.048,25.26714286,18.88714286,247.551,197.662,23,7.328571429,7.4
2013-12-02,9.9,9.8,3110,2.786,0.057,25.41142857,18.91285714,420.721,353.723,3.5,4.357142857,10.5
2013-12-09,7.3,15,375,2.917,0.057,25.23857143,18.95,317.038,296.493,4,6.4,5.3
2013-12-16,5.5,22.6,85,3.967,0.056,25.31142857,18.39571429,371.495,466.69,0.75,1.842857143,4.7
2013-12-23,5.1,19.2,190,3.361,0.04,25.16571429,18.67428571,351.143,199.997,1.2,2.757142857,4.4
2013-12-30,,,,,,25.15857143,18.86428571,230.483,162.79,0.05,1.7,6.9
2014-01-06,4.7,25.8,0,3.917,0.038,25.18285714,18.93571429,245.468,197.561,0,4.6,4.4
2014-01-13,2.6,24.4,0,3.401,0.029,25.16285714,18.89428571,291.998,435.995,0.2,0.7,4.1
2014-01-20,,,,,,25.13,18.77714286,249.918,357.52,0.05,1.428571429,6
2014-01-27,3.6,18.9,0,3.548,0.031,25.10428571,18.70714286,193.456,302.186,1.55,2.442857143,9.8
2014-02-03,5.4,22.9,0,3.616,0.036,25.12142857,18.72285714,227.533,267.444,0.05,7.9,4.1
2014-02-10,3.8,32.6,0,3.68,0.057,25.13428571,18.68857143,250.387,253.199,0.65,0.828571429,5.8
2014-02-17,4.8,38.1,0,3.777,0.037,25.12571429,18.70714286,204.267,246.634,0.5,3.2,7.7
2014-02-24,5.1,38.5,0,3.78,0.047,25.11428571,18.71714286,246.086,188.274,0,4.5,11.7
2014-03-03,7.5,37.5,0,3.865,0.034,25.13,18.65571429,262.538,234.88,7,8.714285714,9.1
2014-03-10,6.3,27.1,0,3.651,0.04,25.14571429,18.70857143,311.004,216.91,0.05,4.728571429,11.8
2014-03-17,9.9,33.4,0,3.706,0.048,25.12428571,18.71571429,580.109,624.908,55,8.571428571,14.9
2014-03-24,12.1,22.1,0,3.893,0.049,25.12142857,18.87,470.045,414.178,4,10.97142857,19.4
2014-03-31,13.1,23.3,0,3.785,0.04,25.19142857,19.00714286,653.652,688.607,50.5,15.47142857,18.1
2014-04-07,14.1,20.2,0,3.191,0.042,25.14428571,19.03857143,766.638,818.089,3.5,12.97142857,19.1
2014-04-14,13.4,16.4,0,2.978,0.033,25.12285714,18.98857143,400.098,361.12,1.05,14.71428571,20.3
2014-04-21,14.9,9.1,0,2.854,0.061,25.13142857,19.07,391.841,382.479,23,16.52857143,22.8
2014-04-28,15.9,7.2,0,2.935,0.054,25.14714286,19.07142857,354.746,388.712,26,17.95714286,21.8
2014-05-05,17.1,10.1,0,3.087,0.073,25.21428571,19.24857143,1183.404,1731.388,55,16.65714286,22.2
2014-05-12,18.1,14.5,0,3.204,0.085,25.18285714,19.05714286,417.543,466.706,16.9,18.3,25.5
2014-05-19,19.3,9.7,330,3.223,0.069,25.16857143,19.04571429,394.654,424.781,0,22.32857143,26.7
2014-05-26,19.7,14.7,571,3.027,0.059,25.11857143,19.04571429,281.849,279.03,3.5,22.2,29.5
2014-06-02,21,8.2,915,2.849,0.05,25.14285714,19.04142857,285.324,253.084,5,26.02857143,26.6
2014-06-09,21.3,6.6,21921,2.438,0.037,25.16,19.05714286,507.609,505.183,6.1,21.04285714,26.7
2014-06-16,23.25,16.4,47859.5,2.177,0.032,25.14285714,19.14142857,573.887,818.031,3,23.05714286,27.8
2014-06-23,23.36666667,15.36666667,91785,2.097,0.039,25.15714286,19.07142857,367.616,407.721,9.65,23.18571429,29
2014-06-30,24.36666667,12.96666667,11776.33333,1.811,0.029,25.16,19.18428571,1029.558,1287.511,5.05,25.62857143,28.6
2014-07-07,25.05,18.7,34335,1.574,0.058,25.15714286,19.16142857,788.339,1203.587,79,23.91428571,29.7
2014-07-14,25.05,8.85,16661,1.547,0.057,25.25428571,19.42857143,504.954,352.822,8,27.61428571,30.6
2014-07-21,26,13.5,8470,1.618,0.05,25.50857143,19.50142857,399.172,254.556,42.5,26.91428571,30.4
2014-07-28,26.5,10.7,12142.5,1.546,0.046,25.52428571,19.49428571,285.099,116.495,0.6,28.67142857,31.2
2014-08-04,26.9,10.85,48870,1.638,0.131,25.60285714,19.53,587.087,817.63,83.5,27.62857143,30.4
2014-08-11,25.85,7.8,19900,1.64,0.071,25.70142857,19.64,1736.012,2756.664,67.4,25.38571429,29.4
2014-08-18,,,,,,25.71,19.64,2298.527,3303.703,160,23.71428571,27.9
2014-08-25,23.5,4.4,0,3.395,0.117,25.62714286,19.55857143,10165.357,10130.572,103.9,25.32857143,27.8
2014-09-01,23.4,11.3,195,3.115,0.108,25.66428571,19.64857143,3492.631,3963.258,0.5,23.02857143,27.6
2014-09-08,24.4,12.5,190,2.983,0.068,25.66714286,19.61428571,910.584,1114.268,10.5,24.31428571,27.7
2014-09-15,23.8,4.9,3660,3.013,0.064,25.55428571,19.54142857,512.491,518.797,0,23.54285714,26.1
2014-09-22,23.5,6.9,2550,2.847,0.062,25.51,19.51428571,414.527,413.967,4.5,21.37142857,25.9
2014-09-29,22.5,5.7,1150,2.435,0.085,25.68142857,19.64714286,2880.866,3949.351,95.5,21.01428571,24.2
2014-10-06,21.2,5,150,2.636,0.093,25.58714286,19.55428571,733.492,988.879,0,18.75714286,24.5
2014-10-13,19.7,12.2,350,2.398,0.09,25.55,19.04714286,471.976,673.109,19,18.15714286,20.9
2014-10-20,18.4,13.1,1055,2.459,0.076,25.53428571,19.02142857,401.938,466.052,13.6,15.5,20.3
2014-10-27,16.3,15.2,300,2.586,0.085,25.62142857,19.06714286,3310.54,3163.9,40,15.14285714,18.7
2014-11-03,14.5,10.5,65,2.882,0.116,25.65571429,19.14285714,1419.425,1654.672,17.8,13.14285714,16.5
2014-11-10,13.8,25.1,155,2.854,0.067,25.59142857,19.00857143,926.117,1491.165,0.05,12.5,13.3
2014-11-17,11.9,95.5,0,2.987,0.053,25.6,18.97428571,610.445,735.973,0.05,8.328571429,13.7
2014-11-24,10.7,85.6,0,2.79,0.041,25.58,18.97285714,531.265,458.344,30,9,13.8
2014-12-01,9.5,98.2,0,3.082,0.068,25.63285714,19.47571429,1006.267,1414.098,13.55,9.685714286,3.9
2014-12-08,6.7,96.9,0,3.009,0.059,25.62285714,19.53571429,762.043,1054.279,1,0.314285714,5
2014-12-15,5.3,71.1,0,2.976,0.042,25.57285714,19.52142857,627.998,510.686,0.05,2.428571429,2.1
2014-12-22,2.9,55.9,0,3.378,0.036,25.55142857,19.51571429,540.1,416.199,3.55,-0.971428571,5.9
2014-12-29,2.5,40.7,0,3.213,0.029,25.52857143,19.51285714,533.685,455.101,0,2.014285714,4.3
2015-01-05,2.5,32.5,0,3.082,0.023,25.52285714,19.51142857,446.612,377.062,2.5,0.9,5.1
2015-01-12,2.6,20.2,0,3.406,0.031,25.53714286,19.52142857,512.112,437.437,6.5,1.414285714,6.2
2015-01-19,2.9,14.3,0,4.1,0.029,25.57,19.55857143,479.306,509.39,0.5,3.285714286,7.3
2015-01-26,3.2,21.1,0,3.66,0.027,25.57285714,19.56285714,478.666,529.612,15,4.185714286,5.7
2015-02-02,3.3,25.5,0,3.635,0.028,25.56571429,19.56285714,528.627,569.394,0.6,1.271428571,5.4
2015-02-09,3.3,25.1,0,3.981,0.034,25.55571429,19.54,437.768,443.417,0,1.842857143,6.7
2015-02-16,3.8,23.4,0,3.68,0.035,25.54571429,19.54571429,448.148,459.961,10.4,4.328571429,8.9
2015-02-23,4.5,17.2,0,3.461,0.032,25.57142857,19.56,596.826,671.397,1.7,5.8,7.1
2015-03-02,5.1,16.6,0,3.574,0.031,25.58285714,19.55714286,616.948,676.866,5.5,4.442857143,9
2015-03-09,5.6,16.6,0,3.623,0.026,25.55857143,19.54142857,507.441,552.495,6,5.114285714,9.8
2015-03-16,6.3,15.2,0,3.536,0.027,25.55285714,19.54142857,445.452,434.994,0,6.685714286,16.3
2015-03-23,8.4,17.7,0,3.098,0.037,25.65285714,19.63142857,972.969,1372.065,40.5,12.77142857,16.1
2015-03-30,10.3,14.5,0,2.874,0.037,25.60428571,19.57428571,601.563,774.899,0,12.67142857,18.5
2015-04-06,11.6,9.1,0,2.768,0.034,25.59285714,19.55857143,615.84,676.859,25.8,13.01428571,16.1
2015-04-13,12.8,14.5,0,2.854,0.039,25.69857143,19.53428571,759.539,714.342,13.6,10.95714286,18.1
2015-04-20,13.4,13.2,285,2.755,0.036,25.66285714,19.56857143,897.995,1123.602,36,13.62857143,22.1
2015-04-27,15.3,14.6,10,2.391,0.03,25.55714286,19.39571429,1095.02,1230.265,0,19.04285714,25.4
2015-05-04,16.9,15.4,89,2.538,0.021,25.58857143,19.49571429,643.72,566.628,20.9,19.48571429,24
2015-05-11,17.3,11.9,0,2.113,0.023,25.54142857,19.54571429,509.288,466.374,8.6,19.38571429,24.2
2015-05-18,19.2,10.6,230,2.014,0.033,25.54857143,19.51857143,444.556,376.766,12.6,20.8,26.4
2015-05-25,20.4,4.7,774,1.851,0.039,25.52142857,19.51571429,294.387,210.19,0,22.97142857,29.2
2015-06-01,20.6,7.5,318,1.783,0.042,25.52285714,19.53142857,286.168,191.34,1,24.85714286,29.4
2015-06-08,20.3,7.8,2078,1.996,0.041,25.57571429,19.52285714,373.008,275.463,3.6,22.2,28.7
2015-06-15,21.65,13.5,5354.5,1.642,0.052,25.61428571,19.53,450.056,367.274,0,24.67142857,28.3
2015-06-22,22.1,22.8,6947.5,1.645,0.053,25.65857143,19.52714286,549.231,485.321,21.05,22.15714286,27.3
2015-06-29,23.35,14.45,22756,1.834,0.041,25.74428571,19.55714286,985.061,1102.998,25,22.42857143,28.2
2015-07-06,23.9,4.3,1335,1.624,0.046,25.60285714,19.49142857,490.165,502.959,13,22.71428571,27.5
2015-07-13,23.9,3.1,50,1.891,0.08,25.73571429,19.66571429,2147.217,2620.877,154,22.67142857,29.4
2015-07-20,24.2,9,0,1.988,0.05,25.75428571,19.61571429,964.653,1189.569,0.1,23.57142857,29.1
2015-07-27,25.75,19.9,37994,2.085,0.034,25.57428571,19.54285714,422.689,455.408,1.5,27.6,31.3
2015-08-03,27.05,7.75,27320,2.198,0.032,25.56714286,19.53142857,253.695,234.245,13.5,30.07142857,33.1
2015-08-10,27.9,4.9,4569,1.594,0.039,25.53857143,19.45285714,200.048,154.072,65.5,29.45714286,30
2015-08-17,26.8,5.3,9171,1.547,0.049,25.58571429,19.53857143,336.578,343.212,93.5,24.98571429,29.4
2015-08-24,26.15,4.95,32260,1.403,0.065,25.58,19.54571429,352.604,384.752,43.55,24.52857143,28.1
2015-08-31,25.7,7.75,91666.5,1.636,0.055,25.72285714,19.57571429,513.367,598.94,55,23.25714286,27.5
2015-09-07,25.05,11.9,142644.5,1.613,0.048,25.68,19.52571429,498.535,555.133,49.5,22.24285714,26.7
2015-09-14,23.85,12.4,40450,1.635,0.083,25.56571429,19.52428571,259.603,221.17,1.5,20.51428571,26.1
2015-09-21,23.45,21.05,93544,1.608,0.058,25.56285714,19.35,123.85,58.829,13.3,19.68571429,26.2
2015-09-28,22.7,21.1,8050,1.384,0.057,25.56285714,19.47714286,149.029,47.136,6,20.32857143,24.3
2015-10-05,22.1,12.3,7284,1.285,0.049,25.56571429,19.53285714,284.659,257.064,22.5,18.35714286,22.3
2015-10-12,20.7,20.3,2830,1.25,0.031,25.55142857,19.52714286,240.999,148.77,2.1,16.24285714,22.7
2015-10-19,19.65,9.65,12440,1.243,0.034,25.54571429,19.50285714,229.573,169.57,0,16.55714286,23
2015-10-26,19.2,9.4,7000,1.236,0.024,25.51428571,19.35285714,66.168,23.591,0,16.67142857,16.3
2015-11-02,17,13.3,8130,1.201,0.031,25.52857143,19.46714286,157.697,29.104,13.8,10.25714286,17.6
2015-11-09,15.8,9.7,8160,1.355,0.024,25.52,19.49428571,212.896,142.784,38.5,12.97142857,16
2015-11-16,15.2,7.6,3500,1.511,0.03,25.59142857,19.53714286,403.792,330.38,25.5,13.44285714,15.1
2015-11-23,14.4,6.2,1936,1.964,0.038,25.61,19.53,546.923,500.39,6.15,12.22857143,8.4
2015-11-30,12.2,7.9,2848,2.124,0.038,25.52285714,19.20714286,357.785,354.118,0.55,5.957142857,8
2015-12-07,10.2,15.4,9209,2.208,0.021,25.51428571,18.99142857,279.511,243.991,0.6,5.728571429,10.3
2015-12-14,9.4,11,3360,1.371,0.012,25.51714286,19.01428571,303.581,330.91,27.5,7.4,6.3
2015-12-21,7.6,4.6,3320,1.739,0.019,25.51857143,19.01571429,298.311,330.627,5.05,2.9,7
2015-12-28,6.7,6.3,2525,1.703,0.019,25.51714286,19.00857143,201.341,242.556,0.55,3.457142857,6.5
2016-01-04,5.5,8.1,1890,1.861,0.02,25.51857143,19.00857143,163.465,213.95,0,2.571428571,4.6
2016-01-11,4.8,10.7,1160,1.99,0.019,25.51428571,19.01142857,117.716,205.76,0,1.785714286,3.8
2016-01-18,3,12,48,2.365,0.017,25.51285714,18.98285714,152.377,218.527,1.1,0.171428571,-0.5
2016-01-25,,,,,,25.51571429,19.01857143,88.363,132.58,0,-5.457142857,4.1
2016-02-01,,,,,,25.51571429,19.00571429,120.846,90.794,22.85,0.357142857,3.9
2016-02-08,,,,,,25.52,18.99571429,87.706,58.295,0,0.657142857,9.8
2016-02-15,4,15.8,0,2.687,0.027,25.53,19.01714286,158.959,179.186,12.55,5.342857143,6
2016-02-22,4.5,17.4,0,2.834,0.026,25.53142857,19.05714286,174.086,321.345,0.05,3.485714286,6.7
2016-02-29,5,14.1,0,2.683,0.026,25.52,19.00571429,141.174,109.109,3.2,3.385714286,11.4
2016-03-07,6,13.1,0,3.166,0.022,25.62714286,19.24714286,387.658,328.905,49.5,8.228571429,10.4
2016-03-14,7.1,24.4,0,3.938,0.033,25.57857143,19.50142857,649.831,748.424,0.05,5.214285714,15.2
2016-03-21,8.5,19,0,3.775,0.042,25.53857143,19.52285714,261.616,235.126,11.5,10.35714286,14.3
2016-03-28,10.6,11.8,0,3.397,0.038,25.52285714,19.51,183.66,139.323,6.6,9.242857143,18
2016-04-04,10.5,12.3,0,2.927,0.027,25.54142857,19.51714286,146.839,102.428,19,13.4,19.2
2016-04-11,11.5,13,0,3.225,0.032,25.63142857,19.60571429,723.782,957.654,41.05,14.24285714,20.2
2016-04-18,14.3,11.3,46,3.202,0.042,25.58857143,19.60571429,577.209,828.114,32,15.37142857,21.2
2016-04-25,15.9,14.7,24,2.898,0.043,25.60857143,19.61285714,1278.3,1813.85,20,16.38571429,22.1
2016-05-02,16.6,25.5,34,2.628,0.047,25.59428571,19.57714286,952.615,1349.814,39.1,16.14285714,22.9
2016-05-09,18.5,43,211,2.369,0.029,25.55285714,19.58714286,671.114,846.7,13,19.47142857,23.6
2016-05-16,18.9,20.3,503,2.44,0.04,25.68714286,19.62714286,634.23,831.161,35.1,17.14285714,27
2016-05-23,20.1,4.6,4050,2.243,0.041,25.54428571,19.57714286,437.349,543.777,0,20.2,26.8
2016-05-30,21.2,4.7,6200,2.205,0.033,25.56428571,19.56142857,380.721,438.177,16.8,22.7,28.2
2016-06-06,22.1,7.9,3951,2.129,0.018,25.55428571,19.54,293.17,302.827,1.1,21.45714286,28.2
2016-06-13,22.5,7.5,16328,2.137,0.023,25.61857143,19.57857143,493.408,517.715,11.9,23.47142857,28.6
2016-06-20,23.5,8.3,4040,1.877,0.029,25.62571429,19.58714286,521.4,562.558,6.95,24.74285714,28.1
2016-06-27,25.1,8.4,2921,1.811,0.033,25.62142857,19.55285714,595.348,610.466,25.75,23.9,27.9
2016-07-04,25.4,7.3,3022,1.282,0.04,25.61714286,19.53,2707.073,2812.363,66.1,23.81428571,28.1
2016-07-11,23,2.2,473,3.116,0.157,25.42142857,19.55428571,11334.232,11332.152,78.6,26.28571429,28.9
2016-07-18,25,9.6,554,3.405,0.091,25.53142857,19.59714286,1179.896,1538.998,13,25.55714286,28.9
2016-07-25,26.2,11.3,2622,3.321,0.07,25.55714286,19.44714286,620.468,747.519,100,25.85714286,31.5
2016-08-01,27.7,19.8,4618,3.156,0.044,25.58714286,19.43142857,569.266,542.099,49.85,29.58571429,32
2016-08-08,27.8,48.8,5104,2.959,0.014,25.63857143,19.52857143,628.119,598.747,46.5,28,33.7
2016-08-15,29.4,7.8,5987,2.508,0.045,25.54428571,19.49428571,538.052,485.119,0,30.75714286,32.2
2016-08-22,29.3,5.7,1140,2.29,0.039,25.51714286,19.38285714,392.488,378.794,0.1,28.4,31.3
2016-08-29,27.5,9,1179,1.794,0.03,25.58714286,19.57142857,513.493,628.636,34.6,24.42857143,28.3
2016-09-05,25.1,16.5,786,1.85,0.051,25.61714286,19.62571429,1047.171,1531.19,118.55,23.27142857,28.7
2016-09-12,25.1,25.3,3209,1.578,0.025,25.69571429,19.60142857,757.477,932.679,40.55,23.31428571,26.9
2016-09-19,22.4,7.1,57,2.42,0.104,25.69428571,19.62571429,3564.974,4006.964,119.5,21.52857143,25.5
2016-09-26,21.7,8.2,507,2.578,0.08,25.73428571,19.65714286,1137.611,1530.932,9,20.48571429,24.5
2016-10-03,21.6,8.5,1232,2.573,0.053,25.65714286,19.58571429,711.454,877.925,23.55,21.24285714,24.1
2016-10-10,20,7.7,231,2.764,0.087,25.63428571,19.61,3096.273,3642.299,73.05,18.27142857,21.7
2016-10-17,19,11.4,164,2.6,0.063,25.62857143,19.56,989.125,1278.301,26,16.28571429,21.4
2016-10-24,18.5,37.3,40,2.5,0.04,25.62,19.53714286,634.177,648.066,0.05,16.44285714,17.8
2016-10-31,17.2,40.4,0,2.552,0.028,25.61,19.53,572.925,546.23,8,13.2,14.3
2016-11-07,14.5,40.1,61,2.518,0.036,25.55142857,19.52714286,535.679,465.252,0,9.628571429,13.2
2016-11-14,13.3,12.6,599,2.556,0.023,25.53428571,19.52,447.824,382.67,0.3,10.27142857,15.2
2016-11-21,12.8,7.7,441,2.574,0.021,25.53285714,19.52571429,447.365,369.566,8,11.78571429,8.6
2016-11-28,10.3,17.2,56,2.505,0.022,25.53142857,19.52,413.834,320.645,2,4.028571429,9
2016-12-05,8.8,13.2,0,2.677,0.03,25.53142857,19.52,400.361,310.021,1,6.2,6.8
2016-12-12,7.2,10.7,0,2.797,0.028,25.52571429,19.52428571,382.75,298.774,0.05,3.157142857,6
2016-12-19,6.1,10.7,0,2.832,0.026,25.52142857,19.52142857,359.253,280.933,1.55,3.4,8.2
2016-12-26,5.9,9.8,0,2.835,0.025,25.59714286,19.53,569.01,550.094,39,5.757142857,4.8
2017-01-02,4.9,12.5,0,3.04,0.024,25.58857143,19.52571429,569.521,517.531,0.5,2.171428571,8.3
2017-01-09,4.9,14.8,0,3.004,0.033,25.54571429,19.53428571,516.875,454.886,0,4.9,2.9
2017-01-16,3.7,12.6,0,2.828,0.022,25.53142857,19.52285714,435.372,372.591,0.05,-1.057142857,3.2
2017-01-23,2.9,15.2,0,3.04,0.027,25.52714286,19.52,428.09,366.848,2.2,-0.971428571,3.5
2017-01-30,2.9,17.7,0,2.957,0.016,25.51857143,19.52142857,334.117,281.777,0.35,0.757142857,4.6
2017-02-06,3.6,10.3,0,3.145,0.017,25.52857143,19.51857143,266.871,222.346,0.65,2.971428571,3.6
2017-02-13,3.2,7.6,0,3.181,0.018,25.53142857,19.51857143,269.974,219.65,0.1,0.2,7.6
2017-02-20,4.2,8,0,3.336,0.02,25.53571429,19.54857143,276.488,243.414,5.75,5.128571429,6.5
2017-02-27,4.7,10,0,3.286,0.029,25.58428571,19.62,466.982,553.178,19.5,3.5,10.3
2017-03-06,6,16.1,0,3.536,0.032,25.51285714,19.55428571,401.599,397.244,5.5,6.742857143,10
2017-03-13,7.1,14.3,0,3.184,0.026,25.51571429,19.50428571,318.053,250.08,0,6.6,14.6
2017-03-20,8.8,10,0,3.183,0.028,25.51142857,19.57142857,278.838,291.183,6.05,8.828571429,14.3
2017-03-27,9.8,8.1,0,3.082,0.038,25.52,19.58428571,321.854,363.008,26,8.3,14.7
2017-04-03,10.6,9.8,0,2.964,0.034,25.38857143,19.46142857,428.969,435.195,6.4,10.07142857,18.7
2017-04-10,12.1,14.2,0,2.92,0.031,25.59571429,19.59285714,525.363,588.106,10.5,15.24285714,19.2
2017-04-17,13.7,19.6,0,2.682,0.032,25.57571429,19.63571429,615.377,863.154,28.55,16.32857143,19.2
2017-04-24,15.2,14.3,0,2.271,0.035,25.58142857,19.59714286,709.438,868.084,5,15.27142857,21.8
2017-05-01,17,7.1,0,2.635,0.021,25.44428571,19.46,352.294,283.249,3.5,18.61428571,25
2017-05-08,18.5,4.8,0,2.09,0.03,25.52,19.50142857,262.095,186.515,15.55,19.52857143,24.6
2017-05-15,19,1.6,0,1.938,0.03,25.52571429,19.5,257.358,184.952,17.55,18.37142857,26.6
2017-05-22,21,7.4,182,2.081,0.021,25.50142857,19.5,177.991,114.657,0,22.48571429,27.5
2017-05-29,20.8,6.6,2997,2.08,0.024,25.49428571,19.49857143,196.673,145.973,0.1,22,27.9
2017-06-05,22.7,16.3,24949,1.848,0.021,25.55,18.91285714,185.806,494.992,0.1,22.27142857,26.8
2017-06-12,21.3,18.4,69140,1.804,0.05,25.58285714,18.25571429,299.24,554.075,1.6,21.45714286,28.7
2017-06-19,21.7,6.8,37434,1.858,0.025,25.63142857,18.25857143,223.108,271.275,2.05,24.17142857,30.6
2017-06-26,23.4,10.8,15617,1.685,0.047,25.66142857,18.28428571,253.709,392.228,67.55,24.71428571,29
2017-07-03,24.4,4.5,5712,1.754,0.036,25.61571429,18.27428571,566.886,917.406,4.9,26.52857143,29.2
2017-07-10,26.4,12,7130,1.476,0.04,25.55142857,18.27285714,2709.812,2852.905,8.35,27.58571429,31.4
2017-07-17,27.3,18.7,2117,2.422,0.065,25.57142857,18.27,2516.919,2794.084,16.55,28.75714286,32.6
2017-07-24,26.5,6.1,17129,2.198,0.041,25.54714286,18.29714286,978.796,1397.671,28.55,29.25714286,31.3
2017-07-31,25.5,11.8,1394,2.297,0.073,25.62714286,18.29,4913.399,4934.342,47.55,26.16666667,32.2
2017-08-07,26.4,17,11805,2.767,0.067,25.67857143,18.30142857,2693.063,2832.738,7.55,28.77142857,31.7
2017-08-14,26.5,7.3,175,2.614,0.07,25.66,18.27571429,1184.992,2048.484,96.6,25.5,28.9
2017-08-21,25.1,10.7,1905,2.658,0.074,25.69857143,18.29857143,4120.165,4639.922,65,25.14285714,29.4
2017-08-28,26.7,14,975,2.591,0.053,25.65,18.28285714,2510.298,2823.192,2.25,27.52857143,27.5
2017-09-04,25.2,9.3,14180,2.566,0.06,25.66714286,18.27,776.71,1045.752,0.15,22.21428571,27.7
2017-09-11,24.9,12.8,895,2.139,0.042,25.64285714,18.27428571,667.756,853.585,42.55,22.34285714,26.2
2017-09-18,23.7,13.8,7900,2.149,0.029,25.65714286,18.28428571,874.226,1054.965,1,22.15714286,26.7
2017-09-25,23.3,29.9,9060,1.783,0.036,25.59285714,18.27428571,473.454,604.156,0,21.75714286,24.7
2017-10-02,,,,,,25.57714286,18.28714286,542.484,1041.791,74.5,18.9,22.7
2017-10-09,21.5,15.3,9572,1.821,0.025,25.49571429,18.27714286,493.088,891.886,6.6,19.1,21.1
2017-10-16,19.9,21.3,2540,1.726,0.036,25.78285714,18.26428571,497.418,683.013,27.2,17.11428571,20.7
2017-10-23,18.4,21.5,2957,1.954,0.035,25.74,18.26285714,422.849,530.558,0.1,15.64285714,19.8
2017-10-30,17,21.1,3257,2.169,0.021,25.69285714,18.24571429,327.364,413.025,0,13.27142857,16.4
2017-11-06,15.4,23.4,2570,2.141,0.035,25.53285714,18.27857143,148.224,335.9,0.05,11,15.6
2017-11-13,13.9,13.9,2224,2.075,0.032,25.58571429,18.26142857,153.805,249.059,0.05,10.7,9.8
2017-11-20,11.2,11.8,1514,2.043,0.034,25.61571429,18.27571429,177.17,244.812,0.05,5.428571429,9
2017-11-27,9.1,4.3,436,2.062,0.027,25.62857143,18.27571429,196.429,277.149,0.15,4.5,8.2
2017-12-04,7.6,4.1,353,2.265,0.02,25.61714286,18.28,185.196,258.922,0,4.442857143,4.7
2017-12-11,5.9,9.7,102,3.158,0.02,25.62285714,18.28142857,187.266,256.505,0.15,0.685714286,1.2
2017-12-18,3.3,12.3,203,2.975,0.016,25.59428571,18.26142857,162.64,253.988,0,-1.914285714,5.1
2017-12-25,3.1,12.4,168,3.921,0.01,25.60428571,18.27,160.739,262.118,11.05,1.357142857,3.4
2018-01-01,2.8,11.3,0,3.288,0.026,25.61142857,18.26571429,175.253,241.876,0.1,1.8,2.7
2018-01-08,2.9,13.3,0,2.99,0.017,25.61142857,18.27571429,174.709,245.235,1.55,1.042857143,1
2018-01-15,,,,,,25.59428571,18.28428571,143.565,233.535,0.65,-2.171428571,6.7
2018-01-22,3.4,14.8,42,3.649,0.02,25.61571429,18.25142857,177.784,308.968,19.05,3.557142857,-1.7
2018-01-29,,,,,,25.57857143,18.28142857,121.237,196.036,0,-6.185714286,1.2
2018-02-05,,,,,,25.57857143,18.29428571,177.211,278.878,0,-3.042857143,1.1
2018-02-12,,,,,,25.52285714,18.26,190.156,286.082,0.25,-2.071428571,5.3
2018-02-19,3.8,17,0,3.349,0.025,25.54571429,18.27571429,140.246,226.456,0.05,3.357142857,8
2018-02-26,,,,,,25.55142857,18.27571429,167.55,251.236,0.45,4.457142857,10.2
2018-03-05,6.2,42.2,0,3.523,0.041,25.55,18.30285714,342.978,538.743,47.05,7.028571429,9
2018-03-12,7.2,40.6,0,2.886,0.033,25.56428571,18.3,1557.693,1587.465,23,5.728571429,15.3
2018-03-19,9.1,32.5,0,2.801,0.038,25.54285714,18.30428571,1133.495,1093.281,41,10.11428571,12.2
2018-03-26,9.7,34.4,72,3.405,0.034,25.54714286,18.26571429,2282.665,2155.58,12.2,8.814285714,19.1
2018-04-02,12.3,28.9,238,3.154,0.048,25.66571429,18.28571429,418.368,505.471,0,16.41428571,15.2
2018-04-09,12.2,17.6,148,3.513,0.041,25.55571429,18.24857143,2292.716,2174.906,46,11,17.7
2018-04-16,13.8,32.1,178,3.205,0.03,25.57,18.30571429,1206.769,1256.005,20.05,14.17142857,21
2018-04-23,15.4,29.2,413,3.12,0.039,25.55142857,18.29714286,707.472,841.102,38.05,17.21428571,20.3
2018-04-30,16.4,35.5,301,3.04,0.031,25.58714286,18.32142857,2341.866,2012.289,9,16.57142857,21.4
2018-05-07,17.9,47,79,2.581,0.025,25.58142857,18.57428571,666.883,1203.103,37.7,16.71428571,22.7
2018-05-14,18.6,35.5,148,2.644,0.018,25.59714286,18.74571429,834.814,1283.517,14,17.85714286,24.6
2018-05-21,20,38.2,115,2.622,0.022,25.61857143,18.72571429,788.232,950.222,4.1,19.54285714,25.2
2018-05-28,20.6,36.8,980,2.488,0.019,25.58428571,18.70714286,669.06,903.011,28,21.44285714,27.6
2018-06-04,22.6,7.3,375,2.238,0.017,25.59,18.68285714,407.199,357.481,16.05,24.17142857,27.4
2018-06-11,23,4.5,593,2.451,0.016,25.62714286,18.71714286,424.469,426.521,21.6,22.24285714,27.2
2018-06-18,23.6,7.8,110431,2.275,0.016,25.63714286,18.73,379.37,451.283,0,20.65714286,30.2
2018-06-25,24.5,6.6,17150,2.321,0.047,25.62285714,18.73428571,339.462,398.089,1.55,25.9,28.2
2018-07-02,,,,,,25.61571429,18.71285714,3972.939,3991.181,207.5,24.67142857,27.9
2018-07-09,22.5,5.7,366,3.148,0.125,25.58714286,18.34714286,6619.179,6699.682,58.5,21.72857143,30.6
2018-07-16,24.5,23.9,3511,3.107,0.061,25.62428571,18.34428571,1411.548,1313.599,0,29.47142857,34
2018-07-23,24.1,6.6,21182,2.909,0.061,25.61714286,18.32142857,493.671,374.055,0,31.21428571,35.4
2018-07-30,27.8,47.2,3124,2.185,0.035,25.58285714,18.35428571,274.399,217.107,1.65,31.15714286,36
2018-08-06,28.9,9.7,26139,2.379,0.028,25.58857143,18.33571429,267.385,239.323,0,30.9,34.9
2018-08-13,27.2,13.7,24439,1.991,0.08,25.68285714,18.45,365.726,431.294,89.05,28.21428571,34.3
2018-08-20,28.9,12.2,29820,2.058,0.065,25.65285714,18.37571429,607.512,667.635,4.6,26.44285714,32.4
2018-08-27,25,11.1,4688,1.956,0.109,25.55857143,18.34571429,2143.469,2423.184,203,26.37142857,29.9
2018-09-03,23.4,5.3,419,2.531,0.128,25.55,18.32571429,6671.323,6313.576,48.9,24.78571429,27.6
2018-09-10,22.7,6.5,580,2.617,0.128,25.65,18.4,5222.457,5198.734,40.1,22.3,26.7
2018-09-17,22.6,7.6,47318,2.672,0.08,25.57714286,18.30142857,884.47,1143.775,11.3,21.97142857,25.2
2018-09-24,22,13.3,305,2.868,0.04,25.54857143,18.36571429,1020.311,1452.723,46.5,20.7,23.5
2018-10-01,20.7,9,2756,2.781,0.043,25.55714286,18.36714286,718.153,882.905,0.6,17.74285714,22.6
2018-10-08,17.8,5.3,24,2.212,0.122,25.57142857,18.50142857,6068.143,5540.851,157,18.18571429,19
2018-10-15,17.4,5.6,97,2.303,0.086,25.50857143,18.35285714,1142.288,1513.031,0,14.04285714,19.3
2018-10-22,16.5,7.9,327,2.28,0.074,25.59571429,18.54142857,569.461,650.304,0.3,13.18571429,17.6
2018-10-29,15.6,10.9,150,2.586,0.058,25.56857143,18.63285714,355.755,506.38,7.3,12.81428571,15.4
2018-11-05,14.2,14.7,1900,2.736,0.044,25.60428571,18.60285714,382.033,443.675,0,9.714285714,16.4
2018-11-12,13.9,39.5,430,2.771,0.028,25.56714286,18.62714286,563.025,777.432,16.9,12.68571429,14
2018-11-19,12.7,8.5,383,3.04,0.021,25.52142857,18.61857143,362.092,520.84,0.2,9.114285714,9.9
2018-11-26,10.6,6.6,266,2.878,0.026,25.53428571,18.60857143,320.766,441.895,0.1,4.914285714,11.5
2018-12-03,9.5,5.8,3532,2.743,0.018,25.54,18.29857143,337.004,437.237,2.5,7.785714286,5.2
2018-12-10,7.1,9,13,2.841,0.025,25.48142857,18.27428571,407.311,574.742,15,1.928571429,4.2
2018-12-17,4.8,12.2,114,2.915,0.026,25.49142857,18.28857143,274.249,410.459,4.8,0.328571429,7.6
2018-12-24,4.8,16,111,2.759,0.025,25.51714286,18.29857143,269.399,378.541,1.5,4.742857143,1
2018-12-31,,,,,,25.52714286,18.26571429,248.461,311.658,0,-1.928571429,3.4
2019-01-07,3,11.2,73,2.946,0.018,25.51714286,18.27,234.355,270.885,0,0.571428571,4.3
2019-01-14,3.1,8.4,53,2.954,0.025,25.49285714,18.28428571,217.774,273.261,3.5,1.642857143,4.4
2019-01-21,,,,,,25.50142857,18.26571429,170.647,251.511,0.6,2.071428571,5.2
2019-01-28,2.8,15.8,0,3.039,0.026,25.51,18.30857143,276.482,391.31,0,2.214285714,5.5
2019-02-04,4,21,61,3.353,0.027,25.52,18.32,240.771,351.242,11.5,2.9,5.4
2019-02-11,3.9,24.7,55,3.345,0.031,25.51714286,18.34714286,265.076,323.396,0,2.214285714,5.9
2019-02-18,4.1,25,0,3.404,0.032,25.52571429,18.35,251.857,423.516,0.1,2.571428571,9.3
2019-02-25,5.4,24.7,67,3.28,0.026,25.60428571,18.39428571,218.67,288.581,19.5,5.542857143,11.6
2019-03-04,6.9,26.6,93,3.305,0.025,25.54142857,18.34142857,66.041,71.995,0.7,9.071428571,12.6
2019-03-11,7.9,26.2,65,3.458,0.022,25.54428571,18.30571429,85.655,130.003,8.25,9.442857143,11.6
2019-03-18,8.8,24.3,0,3.284,0.016,25.61,18.29571429,208.416,232.11,1.5,7.485714286,14.4
2019-03-25,9.9,19.7,0,3.19,0.023,25.59142857,18.28857143,227.218,258.017,6.55,9.814285714,14.7
2019-04-01,11.3,13.8,74,3.19,0.025,25.60285714,18.28714286,223.065,284.921,4.5,10.61428571,15.9
2019-04-08,13.1,15,68,3.084,0.017,25.60714286,18.27142857,210.748,274.634,0.2,12.57142857,15.9
2019-04-15,12.5,14.5,131,2.991,0.015,25.58285714,18.31428571,485.069,784.364,28.05,11.47142857,20.6
2019-04-22,13.8,11,14,2.651,0.019,25.57857143,18.28428571,345.083,452.693,0,17.14285714,20.1
2019-04-29,15.6,13.2,7,2.164,0.024,25.60571429,18.30142857,456.18,709.727,59.7,13.58571429,22.6
2019-05-06,17.7,18.7,204,2.259,0.025,25.56714286,18.40714286,617.869,916.932,0.1,18.25714286,24
2019-05-13,18.8,7.6,21,1.938,0.016,25.50857143,18.69142857,271.183,375.509,0,19.18571429,27.1
2019-05-20,19.3,4.5,228,1.764,0.015,25.47857143,18.65,240.771,349.497,18.8,21.1,27.3
2019-05-27,21.1,11.2,1380,1.764,0.044,25.53571429,18.73285714,242.438,351.097,5.5,23.01428571,26.2
2019-06-03,21.9,6.8,2579,1.599,0.037,25.50571429,18.73142857,375.049,484.817,1.55,22.14285714,28.1
2019-06-10,22.2,11.4,4127,1.775,0.045,25.52285714,18.76571429,755.603,861.418,11.5,22.28571429,27.3
2019-06-17,22.9,5.3,5909,1.618,0.053,25.56714286,18.74571429,373.286,486.646,16.85,21.38571429,27.6
2019-06-24,23.9,7.3,51223,1.659,0.092,25.54,18.78142857,332.985,462.646,18,23.87142857,28.4
2019-07-01,24,8.9,100017,1.736,0.097,25.52714286,18.72571429,722.471,1342.553,114.55,23.45714286,30.6
2019-07-08,24.8,18.5,52945,1.607,0.08,25.52285714,18.33142857,379.504,625.418,0.05,24.57142857,28.7
2019-07-15,25.1,7.4,17790,1.725,0.253,25.50571429,18.30571429,353.418,577.603,27.5,23.55714286,29.9
2019-07-22,25.8,20.5,19057,1.503,0.035,25.50714286,18.27857143,1644.972,1982.495,105.55,25.24285714,30.5
2019-07-29,26.9,22.9,11004,1.555,0.029,25.53428571,18.30571429,1753.058,2215.625,6.4,28.71428571,33
2019-08-05,27.5,14,12423,1.578,0.017,25.57,18.31571429,501.052,774.881,0,30.54285714,33.2
2019-08-12,28.2,35.7,14313,1.7,0.021,25.54428571,18.33,668.97,1113.878,19.6,28.81428571,32.1
2019-08-19,29,30.6,30040,1.594,0.021,25.56714286,18.29142857,440.098,650.928,10.7,28.4,30.6
2019-08-26,27.9,8.1,56100,1.502,0.048,25.57428571,18.28428571,806.651,1281.281,88.55,25.58571429,28.7
2019-09-02,26.4,19.1,9405,1.286,0.032,25.56285714,18.28285714,673.994,1056.96,26.6,22.92857143,27.3
2019-09-09,26,27.6,10140,1.129,0.02,25.58142857,18.30428571,999.899,1431.942,51.5,25.4,28
2019-09-16,25.1,41.9,10599,1.141,0.032,25.57142857,18.31857143,612.786,1033.877,9,23.31428571,25.4
2019-09-23,21.6,7.7,130,2.061,0.119,25.56,18.28714286,3269.911,3676.309,121.05,19.98571429,25.3
2019-09-30,20.6,21,1055,2.484,0.092,25.58428571,18.34142857,2034.034,2270.137,0.5,21.94285714,24.4
2019-10-07,20,2.4,173,2.448,0.126,25.59428571,19.14428571,9391.527,9915.539,151.7,20.6,21.1
2019-10-14,19.5,11.5,81,2.367,0.112,25.53142857,18.33714286,840.496,1366.883,0,17.12857143,20.1
2019-10-21,18.4,11,86,2.75,0.079,25.55142857,18.35142857,451.404,743.476,3.5,14.94285714,20
2019-10-28,17.8,26.6,383,2.995,0.044,25.57714286,18.37142857,586.974,922.519,0.05,15.55714286,18.7
2019-11-04,16.7,33.5,46,2.933,0.02,25.56857143,18.37142857,536.791,836.348,0.05,14.2,16.5
2019-11-11,15.5,5,0,2.892,0.037,25.54285714,18.31428571,256.031,378.921,7.3,11.32857143,13.1
2019-11-18,13.2,4.2,196,2.647,0.031,25.57428571,18.33714286,283.776,455.935,8.05,9.357142857,12
2019-11-25,11.5,5.2,257,2.335,0.023,25.55285714,18.33428571,337.371,529.787,0.05,8.385714286,9.9
2019-12-02,10.2,7.3,0,2.272,0.021,25.53,18.35142857,238.031,388.975,21.05,6.514285714,5.8
2019-12-09,7.8,24.2,0,2.113,0.021,25.59285714,18.35428571,231.324,346.488,0,2.414285714,8.7
2019-12-16,6.7,31.7,185,2.22,0.028,25.60571429,18.36,239.899,324.479,0.1,4.771428571,7.8
2019-12-23,6,5.7,0,2.334,0.029,25.63428571,18.40857143,242.509,281.186,0.05,4.114285714,6.5
2019-12-30,,,,,,25.64142857,18.41571429,252.342,286.134,6.5,3,5.7
2020-01-06,4.2,7.2,49,2.659,0.026,25.62,18.40142857,255.094,288.439,12,1.571428571,6
2020-01-13,4.2,13.9,125,3.061,0.023,25.76428571,19.25714286,867.863,783.54,27.3,4.057142857,4.4
2020-01-20,4.1,16.5,0,3.015,0.027,25.63285714,18.78142857,412.152,645.096,0,2.157142857,7.7
2020-01-27,4.4,12.2,0,3.017,0.026,25.56285714,18.36714286,262.301,421.917,30.6,5.142857143,7.8
2020-02-03,5.1,23.5,0,3.233,0.037,25.60714286,18.35428571,375.343,551.03,0.65,4.757142857,4.4
2020-02-10,4.7,50,0,2.92,0.028,25.62285714,18.34,266.696,323.436,0.05,1.385714286,10.2
2020-02-17,5.7,43.4,73,3.185,0.028,25.64857143,18.38142857,309.735,388.968,10.05,7.242857143,8.5
2020-02-24,6.4,21.5,227,3.417,0.029,25.62428571,18.34142857,315.487,364.215,0.15,5.728571429,11.4
2020-03-02,7.5,13.4,178,2.898,0.018,25.58285714,18.99571429,1306.328,1581.777,30.25,6.957142857,10.9
2020-03-09,7.9,10.7,0,2.897,0.023,25.60285714,18.71857143,519.098,686.017,5,6.542857143,11.8
2020-03-16,7.9,12.9,238,2.604,0.034,25.61285714,18.40857143,467.609,488.282,10,7.457142857,15
2020-03-23,9.1,16.4,187,2.854,0.025,25.59714286,18.3,351.71,356.335,0,12.22857143,16.9
2020-03-30,10.8,10.1,527,2.873,0.037,25.57428571,18.31857143,321.26,299.505,9.5,11.5,17.6
2020-04-06,12.3,12.3,2085,2.686,0.028,25.53857143,18.77285714,287.303,272.931,0.05,12.02857143,17.2
2020-04-13,12.4,15.3,2212,2.772,0.029,25.52,18.34428571,189.69,231.591,1.15,11.25714286,19.3
2020-04-20,13.1,13.1,441,2.865,0.036,25.54857143,18.38571429,250.319,240.44,31.3,13.04285714,16.5
2020-04-27,13.8,17.4,4247,2.882,0.022,25.39571429,18.35857143,500.198,362.093,0,12,23.6
2020-05-04,19.5,2.4,103,2.678,0.022,25.45428571,18.31714286,211.458,144.151,5.55,19.5,24.4
2020-05-11,19.9,2,0,2.735,0.026,25.57571429,18.72571429,340.101,404.662,20.5,17.81428571,23.4
2020-05-18,21.7,6.5,528,2.714,0.026,25.59714286,18.74857143,507.237,684.805,8.6,19.47142857,22.5
2020-05-25,21.5,8.5,24,1.952,0.03,25.59857143,18.75571429,839.541,1146.603,3.5,18.21428571,25.6
2020-06-01,24.2,11.9,531,1.71,0.028,25.58714286,18.77285714,334.88,360.222,0,21.81428571,28.4
2020-06-08,25.5,4.2,1310,1.526,0.026,25.55,18.68285714,359.949,394.719,0,24.54285714,29.9
2020-06-15,26.2,5.1,163,2.127,0.061,25.63142857,18.79285714,1328.246,1495.902,126.6,26.27142857,29.3
2020-06-22,26.7,13.5,3595,1.677,0.048,25.6,18.75285714,828.57,1012.281,7.6,22.85714286,29.4
2020-06-29,27.3,58.8,16765,1.636,0.112,25.61,18.73285714,713.698,1017.668,45.2,24.58571429,28.4
2020-07-06,25.8,22.6,17108,1.617,0.048,25.61428571,18.58,1993.222,2032.941,12.25,22.71428571,29.4
2020-07-13,22.6,3.7,24,2.616,0.104,25.60285714,18.51857143,3400.262,3476.683,108.6,23.74285714,27.6
2020-07-20,24.6,47.2,1533,2.582,0.074,25.61857143,18.40857143,4931.884,5372.139,4.15,22.78571429,28.2
2020-07-27,,,,,,25.62857143,18.57,9950.615,10046.304,156.75,23.12857143,29.3
2020-08-03,,,,,,25.67428571,18.64285714,11622.259,11165.491,55,25.71428571,29
2020-08-10,,,,,,25.68285714,19.45285714,18690.823,19139.279,281.45,27.05714286,30.8
2020-08-17,27,30.6,1781,2.098,0.077,25.59714286,18.59571429,13536.425,12313.487,4.8,29.88571429,33.5
2020-08-24,27.7,33.7,2137,2.219,0.052,25.66857143,18.47571429,2124.109,2101.427,0.05,28.7,31.9
2020-08-31,27.9,41.3,5798,2.187,0.045,25.61,18.41857143,3131.83,2797.479,36.45,28.61428571,29.5
2020-09-07,21.9,8.1,11865,1.814,0.107,25.59285714,18.51285714,11291.223,10933.058,146.25,23.65714286,26.8
2020-09-14,22.5,7.8,2085,2.033,0.116,25.56714286,18.39142857,4822.411,4905.725,9.95,22.51428571,25.6
2020-09-21,22.7,8.8,1090,2.224,0.075,25.59571429,18.38857143,2185.545,1791.364,4.9,20.68571429,23.9
2020-09-28,21.7,6.2,1355,2.482,0.065,25.61714286,18.32857143,985.974,856.481,0.1,18.75714286,23.7
2020-10-05,21.4,22.3,1112,2.528,0.051,25.56,18.30857143,535.866,738.911,1.1,19.08571429,21.7
2020-10-12,20,20.9,559,2.328,0.049,25.53142857,18.33428571,426.099,516.377,0,17.47142857,19.9
2020-10-19,18.3,14.1,610,2.383,0.046,25.61285714,18.34857143,339.676,425.244,0,14.34285714,18.4
2020-10-26,16.9,15,391,2.385,0.044,25.61,18.35857143,340.475,418.736,12,13.4,17.5
2020-11-02,15.7,25.6,3942,2.337,0.032,25.57142857,18.39142857,296.81,437.637,3.1,12.81428571,14.2
2020-11-09,13.5,18.6,1650,2.244,0.034,25.56285714,18.36428571,310.394,352.064,0,9.828571429,15.5
2020-11-16,12.3,5.5,2440,2.361,0.058,25.49714286,18.32142857,243.024,372.033,0,10.34285714,15.8
2020-11-23,12.5,8.8,559,2.438,0.025,25.56571429,18.32857143,368.326,516.35,20.85,12.08571429,9.2
2020-11-30,10.5,16.5,12584,2.516,0.034,25.56,18.32428571,336.918,421.009,0.05,5.857142857,7.2
2020-12-07,8,15.4,3591,2.53,0.019,25.46571429,18.36,389.556,488.97,0,3.757142857,7.7
2020-12-14,6.6,20.5,198,2.483,0.021,25.41571429,18.36,308.215,443.297,0.05,3.171428571,1.6
2020-12-21,3.9,40.4,549,2.507,0.019,25.53714286,18.36571429,325.003,447.382,0,-1.5,6.2
2020-12-28,4.2,41.8,123,2.525,0.025,25.54428571,18.33428571,284.435,405.99,1.3,2.514285714,1.5
2021-01-04,,,,,,25.53571429,18.37142857,301.503,394.319,1.6,-1.685714286,-2.4
2021-01-11,,,,,,25.52714286,18.34714286,226.362,314.911,0.2,-5.871428571,4.1
2021-01-18,,,,,,25.52714286,18.33571429,302.542,358.318,0.05,1.685714286,6.3
2021-01-25,,,,,,25.52857143,18.33285714,350.164,410.791,1.45,4.857142857,6.4
2021-02-01,3.3,34,0,3.496,0.026,25.53571429,18.41714286,335.658,377.4,19.85,3.028571429,6.6
2021-02-08,2.8,43.8,0,3.425,0.032,25.49428571,18.3,153.213,193.469,0.05,1.957142857,10.5
2021-02-15,4.4,46,0,3.204,0.023,25.53571429,18.37714286,245.303,270.53,5.5,5.885714286,7.6
2021-02-22,5.3,48.5,0,3.345,0.03,25.5,18.34,252.794,306.967,0.1,4.9,11.5
2021-03-01,6.1,36.6,0,3.331,0.032,25.53857143,18.36857143,276.991,324.422,39.7,6.814285714,11.7
2021-03-08,7.3,31.5,0,3.572,0.039,25.48,18.45714286,631.559,828.905,10.5,5.885714286,14.8
2021-03-15,10.1,22.9,0,3.041,0.045,25.55857143,18.35285714,431.436,549.733,19.5,9.942857143,16
2021-03-22,10.3,21.5,0,2.822,0.035,25.50857143,18.35,390.307,468.025,5.3,10.51428571,16.8
2021-03-29,12.3,16.8,0,2.541,0.042,25.55714286,18.36714286,396.074,451.991,24.4,13.7,18.9
2021-04-05,13.2,12.8,207,2.773,0.039,25.62714286,18.37571429,1571.035,1681.772,35.5,12.92857143,17.9
2021-04-12,14.8,21,309,2.575,0.027,25.60285714,18.37285714,934.147,1087.518,7.4,12.87142857,17.8
2021-04-19,15.3,30.1,0,2.409,0.048,25.67714286,18.49857143,647.582,798.774,0.05,13.5,23.2
2021-04-26,16.5,28.5,916,2.774,0.033,25.58,19.12,462.75,347.482,0.05,17.07142857,20.6
2021-05-03,17.3,12.8,294,2.892,0.035,25.57857143,19.50285714,388.281,225.984,4.35,15.9,22.1
2021-05-10,17.7,6.1,0,3.019,0.027,25.64571429,19.52,471.139,380.328,11.9,17.34285714,24.1
2021-05-17,19.7,2.6,0,2.455,0.035,25.61142857,19.52571429,1162.742,1192.4,46.1,18.45714286,24.3
2021-05-24,20.7,16,114,1.866,0.024,25.54428571,19.47857143,1377.013,1731.458,13.05,20.14285714,24.2
2021-05-31,25.4,19.5,401,2.318,0.025,25.54142857,18.75142857,744.779,1157.81,15.75,19.04285714,26.6
2021-06-07,24.7,23.9,4339,2.502,0.029,25.55428571,18.75714286,929.378,1361.48,21.5,22.7,28.4
2021-06-14,25.4,6.5,771,2.112,0.02,25.53428571,18.97285714,723.029,930.8,5.65,24.34285714,28
2021-06-21,26.4,8.6,8222,1.936,0.035,25.55571429,18.78428571,680.643,1023.648,6.6,22.74285714,27.1
2021-06-28,25.7,20.8,10606,1.57,0.025,25.38428571,18.74285714,738.525,1009.94,20.4,22.61428571,28.5
2021-07-05,26.3,27.6,17947,1.378,0.023,25.52142857,18.74571429,951.621,1378.982,44.55,24.62857143,29.1
2021-07-12,29,14.4,193,2.537,0.102,25.54,18.80571429,8610.099,8778.537,100,25,32.5
2021-07-19,28.5,49,22513,2.279,0.055,25.58,18.77285714,2403.07,2525.543,4.45,27.68571429,33.6
2021-07-26,29.9,31.3,89443,1.939,0.041,25.63571429,18.33285714,904.174,1050.071,0.05,28.1,33.7
2021-08-02,30.1,20.3,41956,1.682,0.043,25.58142857,18.38714286,743.479,894.574,31.7,28.87142857,33
2021-08-09,29.4,17.6,24476,1.526,0.048,25.6,18.39142857,1120.751,1557.288,14.75,28.85714286,31.1
2021-08-16,27.7,15.1,2650,1.723,0.084,25.61285714,18.39571429,948.983,1271.95,37.05,24.45714286,30
2021-08-23,27,12.3,5470,1.604,0.068,25.63714286,18.34857143,1308.294,1296.697,59.7,24.04285714,28.8
2021-08-30,24.1,6.6,1086,2.248,0.119,25.58142857,18.34,6576.599,6945.127,103.6,25.02857143,26.7
2021-09-06,22,8.3,639,2.433,0.147,25.62714286,18.34142857,5297.977,5327.646,66.1,22.08571429,27.4
2021-09-13,23.8,40.4,1341,2.498,0.064,25.54,18.37714286,2438.232,2342.201,0.05,23.34285714,26.7
2021-09-20,24.2,13,275,2.168,0.058,25.58571429,18.36285714,1702.356,1751.089,4.15,21.82857143,25.8
2021-09-27,23.1,11.9,855,2.105,0.052,25.59,18.35,1400.002,1316.465,10.2,21.4,25.9
2021-10-04,25,19.8,940,2.035,0.051,25.60428571,18.37285714,1012.03,1182.262,18.9,22.38571429,25.5
2021-10-11,22.8,4.7,141,2.129,0.04,25.55714286,18.35571429,743.444,724.643,23.35,22.55714286,20.2
2021-10-18,19.9,7.4,175,2.103,0.053,25.65142857,18.41714286,920.923,1125.299,34.5,14.9,16.1
2021-10-25,17.6,38.8,1076,1.734,0.03,25.56142857,18.36714286,731.203,844.249,0.05,11.62857143,18.8
2021-11-01,16.8,9.2,880,1.901,0.021,25.62428571,18.32857143,603.01,589.994,0,13.1,18.2
2021-11-08,15.8,10.3,432,1.968,0.027,25.30142857,18.36428571,791.567,810.668,26.8,12.58571429,12.4
2021-11-15,13.5,6.4,755,2.04,0.029,25.11857143,18.32285714,610.359,681.878,0.5,8.614285714,15.4
2021-11-22,12.4,17.2,685,2.036,0.02,25.19857143,18.30857143,447.243,449.36,0.4,9.985714286,9.6
2021-11-29,10.5,7.3,1169,2.03,0.026,25.38857143,18.36857143,497.578,500.492,0,6.657142857,8.9
2021-12-06,8.2,8.8,4165,2.297,0.027,24.65142857,18.34714286,683.786,687.864,15.55,4.071428571,11.2
2021-12-13,7.4,7.5,533,2.205,0.028,24.64142857,18.35,454.352,435.718,0,6.371428571,5.3
2021-12-20,5.9,11.8,143,2.456,0.027,24.56285714,18.3,487.777,524.158,0.15,2.742857143,5.2
2021-12-27,4.2,8.6,0,2.623,0.026,24.63571429,18.33,413.118,380.89,0,0.6,2.8
2022-01-03,2.7,9.5,0,2.34,0.028,24.64,18.32714286,377.637,420.046,0.05,0.328571429,5.1
2022-01-10,2.9,7.5,0,2.399,0.022,24.64285714,18.28142857,365.4,381.2,0,1.7,2
2022-01-17,,,,,,24.61428571,18.31428571,379.184,352.324,0.15,-1,3.9
2022-01-24,3,7.3,0,2.733,0.024,24.63,18.31857143,365.924,369.474,0.05,1.185714286,6
2022-01-31,3,12.5,0,2.839,0.026,24.63714286,18.30142857,352.892,358.124,0.05,2.457142857,2.9
2022-02-07,,,,,,24.57428571,18.23428571,180.433,175.19,0,-0.214285714,7.7
2022-02-14,4,15.3,0,2.854,0.024,25.41571429,18.34857143,157.487,85.76,0,4.342857143,3.8
2022-02-21,3,11.7,0,2.779,0.028,25.62857143,18.73714286,360.643,333.817,0.05,-0.985714286,6.7
2022-02-28,4.3,12.7,0,2.877,0.029,25.55,18.39857143,373.961,349.204,0.2,3.271428571,10.5
2022-03-07,6.8,9.5,0,2.875,0.032,25.54571429,18.34428571,333.29,297.339,0.05,6.957142857,16
2022-03-14,7.2,14.4,0,2.804,0.018,25.57,18.38,364.361,297.13,2.1,11.54285714,13.7
2022-03-21,8.9,20.3,0,2.727,0.025,25.62428571,18.41714286,607.905,623.08,18.8,8.685714286,14.8
2022-03-28,10.8,27.2,39,2.42,0.037,25.53428571,18.51571429,873.796,1000.013,13.35,10.7,14.8
2022-04-04,13.2,10.9,0,2.119,0.027,25.53257143,18.54428571,692.853,711.526,0.4,11.37142857,19.9
2022-04-11,17,13.7,123,1.998,0.027,25.52714286,18.47685714,484.205,478.309,2.4,16.98571429,20.4
2022-04-18,16.5,25.6,1196,1.84,0.033,25.52714286,18.49914286,463.179,477.199,0.05,14.98571429,22.9
2022-04-25,20.2,9.2,341,1.874,0.029,25.51285714,18.472,389.854,379.933,2.7,18.95714286,22.3
2022-05-02,19,7.3,0,2.03,0.034,25.53142857,18.48885714,527.532,553.57,34.3,15.04285714,23.4
2022-05-09,19.7,3.2,0,1.691,0.055,25.52428571,18.49314286,477.286,476.949,0.4,18.12857143,23.3
2022-05-16,21,2.8,0,2.041,0.043,25.5,18.488,485.807,467.064,2.65,18.08571429,27.2
2022-05-23,23.9,4.8,267,1.91,0.132,25.53714286,18.45485714,380.598,326,0,23.18571429,28.7
2022-05-30,24,12.8,514,1.914,0.145,25.50685714,18.46457143,366.438,302.465,0.05,24.67142857,27.7
2022-06-06,23.6,14.2,2296,1.825,0.064,25.55714286,18.49828571,451.669,441.086,33,22.54285714,26.1
2022-06-13,22.8,30.7,13672,1.159,0.026,25.54857143,18.47428571,500.757,527.053,1.15,19.87142857,27.4
2022-06-20,29.2,62.8,80961,1.705,0.186,25.59714286,18.52714286,556.518,549.582,9,24.44285714,30.2
2022-06-27,27.3,65,79986,1.027,0.025,25.68057143,18.49628571,711.835,675.75,38,28.22857143,30
2022-07-04,30.9,41.9,58084,1.11,0.164,25.72857143,18.53428571,752.507,727.255,1.8,29.42857143,32
2022-07-11,28.8,34.5,71515,1.156,0.032,25.56714286,18.46571429,544.328,527.5,29.65,28.38571429,30.3
2022-07-18,29,47.5,114735,1.398,0.169,25.61428571,18.51285714,867.595,896.307,49.2,26.21428571,30.3
2022-07-25,29.3,44.2,98595,1.134,0.078,25.63857143,18.51142857,997.289,1002.555,6.35,27.12857143,32.1
2022-08-01,28.4,34.5,29454,0.9,0.033,25.58314286,18.5,603.992,536.046,2.85,27.38571429,32.3
2022-08-08,30.8,11.4,32203,2.493,0.449,25.61285714,18.49714286,570.326,576.443,5.25,30.51428571,30.8
2022-08-15,,,,,,25.79428571,18.59971429,3257.164,3494.301,14.35,28.75714286,31
2022-08-22,27.3,21.5,6321,2.755,0.076,25.69428571,18.55428571,2325.477,2845.018,72.9,26.51428571,28.8
2022-08-29,26,9.9,1030,2.138,0.064,25.67,18.56857143,1032.583,1114.167,11.6,23.22857143,26.6
2022-09-05,,,,,,25.69857143,18.57,2563.428,2473.884,72,22.54285714,27
2022-09-12,22.9,23.3,1963,2.886,0.075,25.68428571,18.57971429,4298.585,4718.708,81.4,21.94285714,27.7
2022-09-19,23.7,10.8,1166,2.651,0.061,25.62428571,18.52942857,857.217,891.777,0.5,24.74285714,24.4
2022-09-26,22.9,14.8,240,2.702,0.051,25.59428571,18.512,662.716,640.213,0,18.87142857,26.7
2022-10-03,22.3,4,176,2.334,0.038,25.60571429,18.58285714,613.097,576.842,3.9,21.54285714,20.7
2022-10-10,20.5,29.4,2510,2.386,0.029,25.65714286,18.51857143,743.508,780.061,21.5,16.61428571,21.2
2022-10-17,20.7,7.3,2596,1.994,0.046,25.56571429,18.44285714,499.664,447.169,0,16.11428571,18
2022-10-24,18.1,4.9,1535,2.134,0.031,25.54142857,18.48571429,402.545,396.56,0.3,13.31428571,17.7
2022-10-31,17.2,2.2,5031,2.081,0.029,25.60571429,18.47571429,463.509,373.837,0,13,16.6
2022-11-07,15.4,4.9,10792,1.94,0.034,25.58857143,18.48844286,470.91,377.205,0,10.97142857,17.5
2022-11-14,14.8,4.3,10421,1.953,0.028,25.47428571,18.42351429,424.847,405.924,16.4,13.48571429,15.6
2022-11-21,13.7,7.5,2060,1.853,0.026,24.68142857,18.48194286,798.189,723.088,0.4,10.82857143,14.6
2022-11-28,12.4,3.2,1122,1.865,0.03,24.57714286,18.46142857,442.079,351.741,12.1,10.35714286,7.1
2022-12-05,9.1,12.8,1138,1.819,0.029,24.60155714,18.52598571,608.431,499.016,17.7,2.842857143,7.3
2022-12-12,7.6,23.6,208,1.93,0.029,24.56285714,18.42752857,361.366,311.696,1.15,4.114285714,1.7
2022-12-19,5.1,12.1,30,1.978,0.024,24.57571429,18.44714286,364.495,310.482,0.15,-1.485714286,0.7
2022-12-26,2.6,11.8,13,2.241,0.024,24.58507143,18.48428571,335.783,288.826,2.55,-2.314285714,2.8
2023-01-02,3,9.9,0,2.127,0.016,24.59078571,18.51857143,455.193,394.594,0,0.6,4.2
2023-01-09,3,12.8,0,2.312,0.013,24.60857143,18.51818571,440.272,364.372,0.1,1.714285714,9.1
2023-01-16,3.3,13.5,0,2.402,0.02,24.63571429,18.50285714,517.849,442.178,11.6,5.171428571,3
2023-01-23,,,,,,24.61091429,18.49714286,469.765,362.134,0,0.214285714,-1
2023-01-30,,,,,,24.65492857,18.46247143,259.158,190.618,0.15,-3.685714286,5
2023-02-06,2.8,9.9,0,3.001,0.02,24.67558571,18.51908571,351.76,296.791,0,2.371428571,9.4
2023-02-13,3.9,12.6,0,2.861,0.022,24.67285714,18.46675714,290.837,263.134,11.25,4.742857143,8.4
2023-02-20,4.8,9.3,0,2.76,0.03,25.39792857,18.33791429,180.787,138.152,0.15,4.742857143,7.7
2023-02-27,5.6,7.4,0,2.71,0.032,25.54,18.38571429,307.367,241.893,0.05,4.857142857,12.2
2023-03-06,7.2,7.5,0,,,25.53285714,18.42688571,304.211,239.428,0,8.1,18.2
2023-03-13,8.6,15.9,0,,,25.51805714,18.42078571,322.933,268.296,6.75,12.84285714,14.5
2023-03-20,12,15.4,0,,,25.41857143,18.37142857,272.219,229.939,0,11.28571429,17.9
2023-03-27,12.6,14.8,0,,,25.49428571,18.47728571,328.958,264.544,20.65,12.97142857,20.7
2023-04-03,13,9.6,0,2.25,0.031,25.51311429,18.51935714,281.81,235.036,0,14.08571429,18.2
2023-04-10,14.4,11,0,2.24,0.042,25.57857143,18.46117143,389.517,377.934,14.2,13.71428571,18.9
2023-04-17,15.4,6.4,0,2.113,0.034,25.5365,18.26311429,343.468,275.797,0.4,14.77142857,21.2
2023-04-24,15.5,2.6,0,2.001,0.038,25.53714286,18.26117143,245.166,172.745,1.6,16.52857143,19.9
2023-05-01,17.5,4.7,0,2.137,0.047,25.53428571,18.26532857,242.21,210.521,14.7,14.97142857,22.1
2023-05-08,17.4,3.9,0,2.44,0.03,25.54492857,18.30232857,1327.425,1325.139,82,16.02857143,23.5
2023-05-15,21.7,7.2,282,1.683,0.021,25.54285714,18.28805714,626.802,605.458,0.05,19.45714286,26.6
2023-05-22,22.7,9.1,2332,1.697,0.019,25.55428571,18.28142857,330.955,326.692,6.45,20.92857143,25.4
2023-05-29,21.6,6.6,887,2.253,0.055,25.50324286,18.28038571,639.776,829.109,111.65,20.9,26.7
2023-06-05,24.8,9.2,4763,2.207,0.039,25.48102857,18.26727143,1191.951,1200.054,0.5,21.87142857,27.8
2023-06-12,26.2,5.4,3092,2.173,0.025,25.52714286,18.28714286,439.451,482.263,0.7,24.21428571,29.1
2023-06-19,26.7,16.9,19986,1.738,0.054,25.51272857,18.26882857,507.913,614.376,17.5,24.3,28.8
2023-06-26,26.7,22.9,25926,2.089,0.04,25.51,18.29247143,700.37,804.267,40.05,23.8,29.5
2023-07-03,25.3,7.8,850,2.731,0.159,25.51285714,18.28357143,5497.588,6028.962,120,26.1,30.6
2023-07-10,23.1,7.8,701,2.401,0.105,25.56092857,18.30355714,7081.314,7685.733,66.9,25.68571429,28.8
2023-07-17,,,,,,25.64202857,19.2549,20889.456,21435.048,143,26.04285714,30.2
2023-07-24,,,,,,25.53895714,18.6241,12313.887,12277.324,88.95,26.17142857,31.4
2023-07-31,28.7,56.6,2907,2.238,0.095,25.55272857,18.30948571,3794.917,3897.848,0.15,28.75714286,33.8
2023-08-07,31.4,73,42606,2.377,0.078,25.54714286,18.30597143,790.023,954.486,0,30.44285714,31.7
2023-08-14,25.9,2.3,564,2.216,0.148,25.57208571,18.65895714,8198.019,8914.178,134.4,26.78571429,31.8
2023-08-21,28.9,28.8,4392,2.577,0.08,25.53142857,18.31142857,1275.271,1711.458,11.15,27.08571429,30.8
2023-08-28,28.3,8.9,940,2.121,0.071,25.51857143,18.27618571,2959.965,3555.509,57.7,26.77142857,28.4
2023-09-04,25.3,6.6,1253,2.297,0.143,25.53168571,18.31131429,7937.922,8029.115,110.75,25.34285714,29.6
2023-09-11,26.6,23.3,20701,2.08,0.084,25.53844286,18.30767143,1044.503,1402.591,0,24.45714286,27.6
2023-09-18,25.9,3.1,100,2.644,0.097,25.56701429,18.28844286,2584.629,2960.397,60.25,24.28571429,26.7
2023-09-25,22.2,4.3,2035,2.476,0.127,25.5711,18.3639,8199.477,7922.482,40.95,21.31428571,25
2023-10-02,21.2,11.1,782,2.444,0.082,25.57467143,18.3,3933.659,4040.798,21.4,20.97142857,22
2023-10-09,20.6,17.4,677,2.657,0.036,25.51622857,18.30507143,1474.154,1831.341,1.55,17.3,21.8
2023-10-16,20.2,36.1,815,2.312,0.03,25.55,18.30428571,651.836,790.254,0.2,16.74285714,19.1
2023-10-23,18.3,13.5,581,2.243,0.038,25.53181429,18.28727143,510.13,575.508,4,14.17142857,20
2023-10-30,17.3,27.7,510,2.101,0.038,25.56,18.26895714,518.619,503.453,0.05,14.8,20.9
2023-11-06,17.7,35.2,133,2.3,0.032,25.54714286,18.27765714,468.429,451.491,9.9,17.64285714,13.7
2023-11-13,14.7,22.6,654,2.082,0.027,25.55571429,18.28234286,567.757,530.728,11,8.7,10.7
2023-11-20,11.7,7.5,1376,2.487,0.025,25.5374,18.25298571,498.356,467.144,10.65,6.685714286,10.6
2023-11-27,10,9.4,1441,2.463,0.023,25.54818571,18.27277143,472.701,403.215,0.15,6.871428571,6.8
2023-12-04,7.9,11.2,1319,2.414,0.02,25.55142857,18.28777429,483.834,400.859,0,3.542857143,12.5
2023-12-11,7.9,11.6,637,2.614,0.022,25.54857143,18.34519429,541.115,632.858,32.1,9.1,8.6
2023-12-18,6.1,8.8,0,3.101,0.082,25.55,18.32051429,2338.156,3410.418,55.8,4.214285714,-0.4
2023-12-25,3.7,3.8,0,3.314,0.084,25.52194286,18.29272857,1007.909,1285.558,0.1,-2.714285714,6.3
