Date,WT_GMB,Chla_GMB,Cyanocell_GMB,TN_GMB,TP_GMB,WL_UP_NDB,WL_GMB,Discharge_UP_NDB,Discharge_GMB,Prec_GMB,Temp_GMB,Forecast_Temp_GMB
2012-01-09,1.1,1.3,0,2.988,0.032,30.75142857,24.93571429,0,0,1.05,-2.457142857,4
2012-01-16,2,1.5,0,2.685,0.031,30.7,24.94142857,0,0,0.05,-0.814285714,4.357142857
2012-01-23,1.2,1.3,0,3.111,0.023,30.7,25.07428571,0,0,7.55,1.928571429,5.814285714
2012-01-30,1.2,0.8,0,2.848,0.018,30.74285714,25.02,0,0,0.1,-2.342857143,1.657142857
2012-02-06,0.6,4.1,0,2.659,0.057,30.75,25.09714286,0,0,8.5,-4.157142857,1.528571429
2012-02-13,2.3,1.5,0,2.49,0.022,30.75,25.26,0,0,0.3,-1.814285714,2.471428571
2012-02-20,2.5,2.1,0,2.493,0.022,30.75,25.31428571,0,0,0.1,-0.328571429,4.157142857
2012-02-27,3.8,3.1,0,2.437,0.016,30.75,23.85714286,0,0,0.1,2.557142857,8.214285714
2012-03-05,7.3,7.1,0,2.094,0.025,33.31571429,14.55,0,0,28.05,4.814285714,8.885714286
2012-03-12,7.1,10.9,0,2.514,0.054,34.37857143,29.37,0,0,3.5,4.171428571,9.071428571
2012-03-19,8.9,20.5,0,2.214,0.037,36.69571429,29.65714286,0,0,5,6.714285714,10.55714286
2012-03-26,9.4,10.5,0,2.188,0.033,37.33,30.79714286,0,0,29.6,5.885714286,10.22857143
2012-04-02,11.3,36.3,0,2.53,0.038,39.81714286,32.54285714,0,0,10.55,10.04285714,13.41428571
2012-04-09,12.7,25.3,0,2.144,0.028,39.95142857,32.65142857,0,0,11,10.48571429,14.22857143
2012-04-16,17.8,15.5,0,2.742,0.026,40.05857143,32.63428571,0,0,3.5,14.7,18.68571429
2012-04-23,16.2,14.4,0,2.356,0.034,40.06857143,32.64142857,0,0,52,14.38571429,19.51428571
2012-04-30,18.5,30.9,0,,,40.04,32.58714286,0,0,18,16.81428571,21.78571429
2012-05-07,22.5,14.3,0,2.65,0.038,40.06428571,32.55714286,0,0,1.1,19.72857143,24.07142857
2012-05-14,18.5,31.5,53,2.233,0.035,39.97857143,32.31571429,0,0,40.55,16.22857143,23.9
2012-05-21,24.1,11.2,46,1.831,0.026,40.08428571,32.46714286,0,0,1,18.32857143,24.38571429
2012-05-28,25.4,2.3,44,2.107,0.048,39.84714286,32.11142857,0,0,2.55,21.2,27.25714286
2012-06-04,26.1,3.6,427,1.995,0.053,40.04142857,32.13428571,0,0,19,20.98571429,27.17142857
2012-06-11,25.5,13.2,245,1.715,0.031,40.00428571,32.11142857,45.339,0,22.8,22.7,28.12857143
2012-06-18,26.3,8.7,607,1.772,0.054,40.05142857,32.41,0,0,13.5,21.75714286,27.85714286
2012-06-25,25.4,7.6,774,1.425,0.022,40.10714286,32.32571429,0,0,3.7,23.3,28.6
2012-07-02,26.5,10.2,5146,1.426,0.03,40.10571429,32.46571429,0,0,34.45,23.15714286,27.5
2012-07-09,28.2,13.6,308,2.639,0.124,40.03285714,32.64428571,0,0,80,24.85714286,27.98571429
2012-07-16,23.8,8.5,676,2.661,0.11,40.01571429,32.59285714,2767.69,3330.173,142,24.38571429,27.42857143
2012-07-23,30.2,39.1,2008,2.838,0.079,40.08142857,32.68,3404.753,1986.801,23.5,26.17142857,28.91428571
2012-07-30,29.5,24.05,4912,2.948,0.044,40.07571429,32.49571429,968.805,374.933,0,29.22857143,33.22857143
2012-08-06,31.63333333,17.7,41158.66667,2.53,0.034,40.04857143,32.43714286,462.328,317.553,0.3,29.04285714,33.15714286
2012-08-13,27.01428571,13.18571429,3662.857143,1.993,0.042,40.10571429,32.55,1229.825,1049.809,90.5,26.51428571,31.45714286
2012-08-20,26.46,23.32,340.8,2.613,0.173,40.1,32.62,5296.605,5396.706,38.6,27.14285714,30.05714286
2012-08-27,24.8,7.125,826,2.735,0.101,40.04285714,32.45714286,4739.284,4678.018,81.5,25.34285714,30.25714286
2012-09-03,22.8,12.73333333,280,2.552,0.097,40.12571429,32.72857143,5037.075,5326.851,75,24.01428571,29.14285714
2012-09-10,22.9,10.2,60,2.191,0.121,40.16,32.56571429,3939.677,4278.401,75,21.61428571,27.27142857
2012-09-17,24.55,17,170,2.465,0.124,40.10428571,32.69571429,4476.062,4721.237,261,19.81428571,25.28571429
2012-09-24,25.7,15.25,228,2.617,0.088,40.04285714,32.70142857,5453.097,5845.737,0,19.1,25.14285714
2012-10-01,21.2,34.2,536,3.145,0.059,39.55142857,32.58428571,1082.853,1125.084,0.05,17.45714286,24.74285714
2012-10-08,18.5,65.1,140,2.7,0.039,40.11857143,32.66857143,735.515,973.414,0.1,16.22857143,24.07142857
2012-10-15,20.35,40.4,222,2.576,0.04,40.13,32.58428571,688.432,799.675,0,13.62857143,21.92857143
2012-10-22,17.2,2.15,84,2.437,0.036,40.15285714,32.58571429,607.814,723.042,21.55,12.84285714,20.62857143
2012-10-29,18.75,15.65,58,2.158,0.024,40.15857143,32.69571429,781.689,982.095,15.5,12.25714286,18.34285714
2012-11-05,14.5,5.3,624,2.231,0.026,40.06,32.64285714,484.27,822.314,8.65,8.542857143,14.37142857
2012-11-12,12.7,21.6,0,2.401,0.027,40.14142857,32.64571429,638.85,854.898,21.7,10.1,13.74285714
2012-11-19,10.4,26.3,0,2.302,0.025,40.15142857,32.63,824.379,716.298,15.05,5.4,10.94285714
2012-11-26,8.3,32.8,0,2.517,0.024,40.16,32.41,757.583,586.801,2,3.885714286,10.18571429
2012-12-03,6.3,16,0,2.453,0.019,40.15142857,32.56142857,531.238,534.344,0.7,2.385714286,7.085714286
2012-12-10,3.5,19.7,0,2.67,0.021,40.12571429,32.61857143,519.049,596.085,8.1,-2.885714286,3.685714286
2012-12-17,4.7,18,0,2.712,0.031,40.15285714,32.62857143,694.785,723.695,12.5,-0.142857143,5.028571429
2012-12-24,,,,,,40.11714286,32.63,724.774,776.994,9,-3.228571429,2.571428571
2012-12-31,,,,,,40.09714286,32.56714286,548.951,554.305,10,-4.242857143,0.942857143
2013-01-07,,,,,,40.05,32.53571429,366.037,426.299,1.4,-6.228571429,-0.085714286
2013-01-14,,,,,,40.06514286,32.57,316.096,480.121,0,-2.828571429,3.157142857
2013-01-21,,,,,,40.06857143,32.60142857,323.503,594.995,20.5,-0.914285714,3.9
2013-01-28,,,,,,40.06714286,32.64428571,575.145,864.579,3.5,-0.985714286,3.371428571
2013-02-04,,,,,,40.13142857,32.70857143,1172.188,1338.427,19,3.442857143,6.628571429
2013-02-11,,,,,,40.18571429,32.65714286,794.491,950.007,6,-2.785714286,2.385714286
2013-02-18,3,4,0,3.134,0.056,40.11,32.67142857,585.93,816.417,2.3,0.842857143,4.8
2013-02-25,4.3,9.3,0,3.223,0.038,40.06285714,32.62857143,391.49,566.128,1,1.142857143,5.9
2013-03-04,5.7,32.9,0,3.212,0.035,40.08,32.64428571,428.101,562.927,1,4.7,9.714285714
2013-03-11,10.5,35.6,0,2.778,0.026,40.07571429,32.63,438.934,563.16,0.05,8.814285714,14.37142857
2013-03-18,11.5,24,0,2.72,0.017,40.23714286,32.69857143,630.852,705.142,34.5,8.657142857,13
2013-03-25,11.5,16.6,0,2.89,0.032,40.19428571,32.67285714,1166.237,1145.391,0,7.242857143,13.07142857
2013-04-01,13.7,12.1,72,2.536,0.046,40.15857143,32.64142857,624.281,616.572,0.05,9.042857143,13.85714286
2013-04-08,15.5,9.9,0,2.631,0.022,40.23428571,32.66857143,858.476,805.486,36.5,10.98571429,15.81428571
2013-04-15,11.4,23.1,52,2.686,0.028,40.10714286,32.65142857,912.446,832.834,1.1,8.842857143,15.02857143
2013-04-22,12.7,15.7,24,2.418,0.027,40.17571429,32.61142857,546.573,533.939,20,11.14285714,17.22857143
2013-04-29,14,13.3,0,2.597,0.029,40.24285714,32.68142857,881.033,813.32,29.5,13.02857143,18.67142857
2013-05-06,19.4,7.9,76,2.338,0.029,40.18857143,32.54571429,737.99,635.159,1.95,15.14285714,19.77142857
2013-05-13,22.7,7.3,0,2.114,0.026,40.18571429,32.59428571,583.099,486.056,17.5,19.1,23.92857143
2013-05-20,21.3,7.9,0,2.088,0.033,40.15571429,32.55142857,649.363,542.156,21.3,18.68571429,25.22857143
2013-05-27,22.5,11.1,0,2.148,0.039,40.19857143,32.60571429,736.805,632.931,27.5,22.42857143,27.88571429
2013-06-03,27.1,18.8,0,2.387,0.062,40.28714286,32.66142857,1863.775,1698.72,23,20.6,25.45714286
2013-06-10,27.8,17.8,92,2.512,0.035,40.27,32.62142857,921.94,946.031,0,22.9,29.25714286
2013-06-17,27.6,18.3,32,1.906,0.042,40.29428571,32.61571429,965.543,920.605,12.7,23.94285714,28.3
2013-06-24,28.5,93.5,0,3.613,0.171,40.19142857,32.71857143,4962.807,4858.531,53.55,24.27142857,27.97142857
2013-07-01,30.2,39.8,988,2.474,0.074,40.16142857,32.66142857,1481.461,1365.153,3.5,25.3,29.25714286
2013-07-08,25.2,8.8,0,2.574,0.114,40.19857143,32.64428571,3227.414,3341.161,122.1,25.77142857,27.64285714
2013-07-15,30,61.6,7362,2.994,0.142,40.17285714,32.67285714,1518.246,1445.299,1.7,27.84285714,30.34285714
2013-07-22,31.3,9.8,68,2.17,0.036,40.22714286,32.67857143,1219.335,1184.821,22,27.51428571,30.52857143
2013-07-29,29.5,30.86666667,5325.333333,2.155,0.044,40.19428571,32.59571429,946.994,852.32,8,26.92857143,30.2
2013-08-05,31.36666667,43,705.3333333,2.359,0.125,40.36,32.75428571,1965.411,1939.763,91.6,26.84285714,31.21428571
2013-08-12,33.03333333,33.83333333,6964,2.16,0.11,40.33571429,32.68857143,1497.443,1501.364,36.7,28.95714286,33.81428571
2013-08-19,31.46666667,26.46666667,28325.33333,1.829,0.042,40.16428571,32.61428571,711.461,594.996,0,28.9,34.1
2013-08-26,30.63333333,16.5,7384,1.714,0.055,40.23,32.67285714,940.723,792.4,42.5,26.15714286,31.37142857
2013-09-02,28.9,8.6,12748,1.648,0.05,40.20571429,32.61285714,689.354,581.647,21,25.11428571,29.14285714
2013-09-09,26.7,15.2,13280,1.571,0.028,40.14428571,32.60142857,515.125,407.833,4.5,20.41428571,27.54285714
2013-09-16,25.8,6,228,1.782,0.052,40.21428571,32.62285714,1232.731,1179.356,57.7,22.64285714,27.37142857
2013-09-23,27,5.7,232,1.825,0.043,40.16571429,32.65714286,816.325,668.51,0,21.44285714,27.87142857
2013-09-30,24.3,7.3,120,2.055,0.049,40.22571429,32.63285714,931.933,807.497,57.2,19.14285714,24.64285714
2013-10-07,22.7,51.9,160,2.288,0.129,40.12,32.38857143,1094.512,1069.314,3.5,18.98571429,24.3
2013-10-14,22.3,37.7,256,2.423,0.07,40.22285714,32.69857143,1168.244,1071.465,40.5,17.94285714,23.75714286
2013-10-21,20.3,22.4,184,2.613,0.086,40.20857143,32.53857143,616.092,464.967,3,13.08571429,20.32857143
2013-10-28,17.2,49.3,596,2.275,0.037,40.09857143,32.52571429,423.412,345.843,0,12.31428571,19.25714286
2013-11-04,16.4,53.2,0,2.255,0.038,40.05714286,32.52714286,345.729,294.112,0.1,12.57142857,18.7
2013-11-11,13.5,66.7,230,2.482,0.035,40.05,32.56142857,375.2,364.219,6.6,9.528571429,16.3
2013-11-18,10.6,35.6,0,2.438,0.027,40.08571429,32.54428571,469.775,387.737,1,5.757142857,12.4
2013-11-25,9.7,10,0,2.388,0.029,39.81,32.16857143,150.163,239.988,25.55,5.957142857,10.14285714
2013-12-02,9.7,6.1,0,2.325,0.02,39.74285714,32.2,377.815,419.688,5.5,2.914285714,7.842857143
2013-12-09,6.3,16.9,0,2.434,0.023,39.91714286,32.15285714,315.048,310.117,3,4.642857143,9.757142857
2013-12-16,4,36.1,0,2.91,0.027,39.91714286,32.16,360.054,341.449,4,0.514285714,5.214285714
2013-12-23,3.7,51.7,0,2.826,0.029,39.94428571,32.10428571,310.66,292.276,0.05,1.371428571,4.657142857
2013-12-30,,,,,,40.02,32.27285714,301.147,211.93,0.5,-0.271428571,4.757142857
2014-01-06,3.9,17.5,0,2.761,0.022,40.00714286,32.36,269.038,205.94,0,2.471428571,6.542857143
2014-01-13,2.7,8.8,0,2.925,0.015,40.02428571,32.35714286,235.476,221.293,0.3,-1.042857143,4.357142857
2014-01-20,,,,,,40.02285714,32.35857143,214.452,163.67,0.5,-0.857142857,4.371428571
2014-01-27,,,,,,40.00714286,32.32,185.149,136.365,0.25,-0.057142857,6.542857143
2014-02-03,5.3,9.4,0,3.044,0.017,40.05571429,32.54857143,251.971,247.383,0.05,5,8.985714286
2014-02-10,3.6,14.4,0,3.027,0.026,40.04142857,32.38571429,253.278,216.894,4.2,-0.342857143,4.342857143
2014-02-17,4.3,10.8,0,3.029,0.016,40.05,32.56714286,255.405,286.506,1,1.5,6.071428571
2014-02-24,5.8,8.8,0,3.163,0.024,40.05,32.56714286,256.57,339.959,0,2.642857143,8.271428571
2014-03-03,6.6,10.9,0,3.286,0.022,40.04,32.51428571,255.599,176.521,4,7.242857143,11.32857143
2014-03-10,6.8,11.7,0,3.113,0.022,40.09142857,32.49714286,309.925,224.073,0.3,3.4,9.485714286
2014-03-17,11.2,17.6,0,2.92,0.024,40.11857143,32.41285714,587.892,582.948,42,6.6,12.24285714
2014-03-24,10.4,12.8,0,2.769,0.034,40.05571429,32.44,468.754,401.775,4.7,9.771428571,15.54285714
2014-03-31,13.4,12.9,0,2.895,0.034,40.21142857,32.57857143,680.403,494.345,37.5,14.58571429,19.21428571
2014-04-07,13.6,12.8,0,2.702,0.033,40.15285714,32.59285714,811.936,606.68,0.45,11.57142857,18.24285714
2014-04-14,14.4,19.3,0,2.925,0.033,40.04714286,32.52,395.232,265.522,1,13.77142857,19.27142857
2014-04-21,15.2,20.7,0,2.952,0.042,40.01714286,32.49857143,337.796,228.055,17.5,15.81428571,20.65714286
2014-04-28,16.7,7.5,0,2.673,0.025,40.04428571,32.52285714,318.216,238.27,40.5,16.71428571,22.65714286
2014-05-05,17.2,16.6,0,2.166,0.03,40.21428571,32.66285714,895.265,692.179,51,15.5,21.85714286
2014-05-12,18.5,15.8,0,2.387,0.039,40.05714286,32.52428571,406.419,315.462,15,16.75714286,22.67142857
2014-05-19,20.2,29.7,0,2.229,0.031,40.03285714,32.50428571,330.174,219.242,0,20.62857143,25.67142857
2014-05-26,20.8,18.4,0,1.98,0.027,40.03285714,32.52142857,317.229,202.204,1.5,21.4,27.1
2014-06-02,22.6,4.9,625,1.822,0.018,40.04142857,32.52714286,317.532,195.917,1.55,24.4,29.08571429
2014-06-09,22.6,9.1,426,1.774,0.02,40.12571429,32.52714286,511.027,354.565,11.6,21.42857143,26.61428571
2014-06-16,24.1,9.6,5790,1.469,0.023,40.08714286,32.46714286,573.162,470.149,10.5,22.12857143,26.85714286
2014-06-23,23.9,13.8,1155,1.389,0.027,40.11428571,32.55857143,500.464,295.74,51,22.97142857,27.97142857
2014-06-30,25.6,15.3,705,1.479,0.036,40.27857143,32.21,978.807,825.074,34.3,24.71428571,28.94285714
2014-07-07,25.6,6.1,360,1.491,0.034,40.11285714,32.42142857,638.11,531.706,99,23.38571429,28.75714286
2014-07-14,26.3,8.8,911,1.388,0.029,40.04714286,32.52571429,449.734,324.721,4.55,26.44285714,29.82857143
2014-07-21,26.9,10.6,2445,1.398,0.029,40.07571429,32.52714286,384.722,277.081,15.05,26.21428571,30.57142857
2014-07-28,28.4,13.8,4720,1.296,0.036,40.03142857,32.52285714,297.874,182.461,12.7,27.24285714,30.51428571
2014-08-04,27.9,12.3,2720,1.219,0.037,40.13285714,32.59714286,477.643,406.71,128,26.98571429,31.08571429
2014-08-11,26,7.1,935,1.629,0.048,40.31571429,32.72285714,1485.293,1485.954,93.3,24.45714286,30.25714286
2014-08-18,,,,,,40.37428571,32.80857143,1526.176,1808.384,121.5,22.92857143,29.18571429
2014-08-25,22.9,4.5,115,2.816,0.12,40.22857143,32.73428571,7180.457,7989.988,127.5,24.35714286,27.88571429
2014-09-01,23.6,17,210,3.164,0.07,40.19285714,32.67285714,2484.005,2816.939,0,22.17142857,27.77142857
2014-09-08,24.4,16.4,635,2.885,0.044,40.24571429,32.7,753.341,835.806,12.5,22.54285714,27.61428571
2014-09-15,24,5.2,1050,2.9,0.039,40.07142857,32.56857143,428.432,406.583,0,21.82857143,27.47142857
2014-09-22,23.8,9.1,250,2.763,0.035,40.05428571,32.54571429,390.816,347.128,0.05,20,26.07142857
2014-09-29,20.5,6,0,2.276,0.146,40.25,32.76428571,2079.056,2420.706,98.5,20.01428571,25.65714286
2014-10-06,20.3,8.1,0,2.314,0.094,40.22142857,32.62857143,607.848,668.161,0.1,17.18571429,24.24285714
2014-10-13,19.3,28.4,100,2.381,0.06,40.03428571,32.54,400.11,369.593,21,16.2,23.98571429
2014-10-20,17.8,24.6,360,2.497,0.039,40.04428571,32.52285714,340.63,282.655,5.5,12.67142857,20.81428571
2014-10-27,14.9,5.7,240,3.068,0.105,40.12714286,32.70857143,2666.282,3100.819,50,13.14285714,20.07142857
2014-11-03,14.1,10.5,0,2.954,0.057,40.29571429,32.67,1229.658,1507.875,38.5,11.11428571,18.38571429
2014-11-10,12.8,6.2,0,2.729,0.075,40.31571429,32.69571429,810.767,1059.715,0,10.68571429,16.04285714
2014-11-17,10.7,25.2,0,2.765,0.05,40.16285714,32.58571429,543.817,609.722,1.5,7.157142857,13.35714286
2014-11-24,9.8,33.9,0,2.867,0.035,40.11714286,32.55,456.609,473.244,45.5,6.485714286,13.71428571
2014-12-01,7.5,21.6,0,3.041,0.043,40.19714286,32.72571429,854.639,1130.751,10.5,8.1,12.38571429
2014-12-08,5.6,14,0,2.834,0.03,40.13285714,32.68857143,671.192,936.383,3.8,-0.871428571,4.057142857
2014-12-15,4.5,15.4,0,2.812,0.027,40.14142857,32.64285714,547.543,728.955,0.05,1.114285714,4.585714286
2014-12-22,,,,,,40.14285714,32.60714286,494.59,644.929,3.15,-2.314285714,2.642857143
2014-12-29,,,,,,40.12,32.58571429,464.484,566.964,0.05,-0.228571429,5.671428571
2015-01-05,,,,,,40.10285714,32.58428571,430.278,517.61,5.55,-0.585714286,4.414285714
2015-01-12,,,,,,40.12571429,32.58428571,462.69,551.753,4.05,0.285714286,5.257142857
2015-01-19,,,,,,40.11857143,32.59571429,452.339,548.566,1.55,1.514285714,6.357142857
2015-01-26,,,,,,40.10571429,32.59714286,440.043,553.921,10.5,2.5,7.071428571
2015-02-02,,,,,,40.12571429,32.60857143,463.654,591.972,1.3,-0.285714286,5.657142857
2015-02-09,3,9.7,0,2.726,0.017,40.08,32.6,414.66,527.624,0,0.628571429,5.585714286
2015-02-16,3.6,9.4,0,3.115,0.017,40.08428571,32.64428571,414.563,578.421,18.7,3.042857143,7.014285714
2015-02-23,4.3,15.5,0,2.81,0.02,40.19,32.65714286,530.237,603.81,5.7,4.714285714,8.642857143
2015-03-02,4.6,22.2,0,3.388,0.022,40.21142857,32.65857143,544.201,617.009,3.05,3.157142857,7.371428571
2015-03-09,5.6,12.6,0,3.884,0.02,40.14428571,32.60428571,473.72,483.024,0.2,3.957142857,9.114285714
2015-03-16,6.1,11.1,0,2.983,0.019,40.08285714,32.58714286,422.3,415.933,0.05,5.128571429,10.72857143
2015-03-23,8.9,17.8,0,2.88,0.029,40.15857143,32.62428571,1009.853,1066.377,47.4,11.61428571,16.27142857
2015-03-30,11.6,15.2,0,2.617,0.03,40.12142857,32.60285714,654.957,614.617,0,10.9,16.44285714
2015-04-06,12,14.1,0,2.573,0.027,39.98142857,32.56857143,561.84,520.24,21.9,12.38571429,18.15714286
2015-04-13,13.1,8.3,0,2.398,0.022,40.24857143,32.48714286,621.685,625.067,8.1,10.48571429,16.38571429
2015-04-20,13.4,10.5,0,2.338,0.025,40.14,32.59571429,744.024,719.37,41.5,12.4,18.67142857
2015-04-27,15.9,15.7,186,2.049,0.022,40.17428571,32.63714286,905.805,916.991,0,17.41428571,22.57142857
2015-05-04,18.4,5.9,0,2.27,0.027,40.10714286,32.52714286,513.773,433.126,25.2,18.9,25.2
2015-05-11,19.2,8.2,0,1.958,0.026,40.06714286,32.54,450.927,325.207,4,17.94285714,24.02857143
2015-05-18,20.1,24.9,0,1.756,0.057,40.05714286,32.51142857,393.985,244.645,5.05,19.84285714,24.51428571
2015-05-25,21.9,11.9,81,1.593,0.041,40.04571429,32.51857143,335.129,227.873,0,21.88571429,26.8
2015-06-01,22.5,10.7,494,1.599,0.038,40.02857143,32.52428571,321.208,237.141,1.5,23.9,29.22857143
2015-06-08,22.6,8.8,284,1.601,0.045,40.08714286,32.53142857,402.796,321.934,4,21.48571429,29.3
2015-06-15,23.6,10.5,39,1.447,0.037,40.11428571,32.53571429,464.371,375.387,0,24.54285714,28.64285714
2015-06-22,23.5,19.4,147,1.444,0.051,40.16714286,32.57285714,539.729,489.965,7.55,23.4,28.15714286
2015-06-29,23.6,13.9,339,1.704,0.025,40.22857143,32.64428571,873.614,857.506,45,23.71428571,27.42857143
2015-07-06,24.9,17.7,13,1.544,0.026,40.07285714,32.52285714,394.953,302.708,11.55,23.22857143,28.1
2015-07-13,23.9,7.6,0,1.982,0.066,40.22857143,32.72571429,1362.999,1593.603,143.25,23.02857143,27.77142857
2015-07-20,24.2,15.4,255,1.939,0.037,40.28,32.67142857,669.174,773.222,0.6,24.31428571,29.35714286
2015-07-27,26.5,39.8,1230,1.896,0.027,40.15428571,32.55285714,352.905,319.695,1.9,27.45714286,29.41428571
2015-08-03,27,20.7,491,2.111,0.03,40.08857143,32.54142857,257.105,204.488,10.95,28.52857143,31.55714286
2015-08-10,29.1,10.4,180,1.51,0.021,40.06142857,32.31714286,218.132,205.673,2.1,28.57142857,32.65714286
2015-08-17,28.8,8.7,6650,1.345,0.032,40.13857143,32.53,297.591,238.615,39.75,24.75714286,29.91428571
2015-08-24,28,14,1650,1.072,0.025,40.06428571,32.54,301.823,253.964,20.8,24.34285714,29.21428571
2015-08-31,26.7,11.6,7350,1.004,0.034,40.15714286,32.54857143,364.942,326.7,36.85,23.05714286,28.01428571
2015-09-07,25.65,22.65,52424.5,0.852,0.023,40.18,32.55142857,348.744,324.27,73.35,22.41428571,27.38571429
2015-09-14,24.35,50.15,15475,0.854,0.036,40.06142857,32.53142857,217.707,171.651,0.25,19.78571429,26.61428571
2015-09-21,23.5,16.65,16525.5,0.907,0.027,40.05857143,32.53571429,132.192,73.772,1,19.6,26.11428571
2015-09-28,23.2,9.2,8010,0.737,0.033,40.05571429,32.53857143,146.081,117.305,0.85,20.11428571,25.92857143
2015-10-05,21.65,13.7,23116.5,0.743,0.044,40.05142857,32.54714286,239.919,227.343,27.6,18.17142857,24.01428571
2015-10-12,20,13.25,13372.5,0.738,0.023,40.04142857,32.53571429,233.157,208.651,5.05,15.51428571,22.35714286
2015-10-19,19.5,11.05,36095,0.664,0.023,40.05571429,32.56142857,213.33,217.812,0,15.41428571,22.74285714
2015-10-26,18.45,7.3,5165,0.707,0.027,40.00571429,32.5,67.609,17.065,0,16.25714286,22.04285714
2015-11-02,16.5,6.4,4690,0.599,0.028,40.01285714,32.50142857,157.622,108.614,16.7,9.9,16.48571429
2015-11-09,15.35,5.7,11105,0.838,0.016,40.01428571,32.51714286,172.62,142.772,38.6,12.37142857,17.37142857
2015-11-16,14.7,11.6,8118,0.705,0.022,40.05428571,32.55714286,333.295,350.549,31.45,12.74285714,15.87142857
2015-11-23,13.7,13.9,4425,1.121,0.029,40.07285714,32.56428571,428.374,452.421,14.05,11.65714286,14.14285714
2015-11-30,11.1,13.1,770,1.293,0.026,40.02428571,32.53,316.741,287.333,4.5,5.514285714,8.342857143
2015-12-07,8.8,16.2,2370,1.779,0.02,40.02,32.51857143,263.68,231.45,4.55,4.742857143,8.328571429
2015-12-14,8.4,10.3,150,1.479,0.016,40.02142857,32.52,244.864,220.8,28.6,6.485714286,9.728571429
2015-12-21,6.8,6.9,70,2.043,0.018,40.02285714,32.51285714,265.941,228.402,2.95,2.2,6.4
2015-12-28,5.6,6.3,0,2.054,0.014,40.01428571,32.50428571,188.533,143.614,1.85,2.328571429,6.928571429
2016-01-04,4.9,6.1,0,2.244,0.016,40.03,32.51285714,156.146,136.941,0.15,1.842857143,6.228571429
2016-01-11,4,6.4,0,2.264,0.016,40.06142857,32.54285714,115.233,133.367,0,1.671428571,4.485714286
2016-01-18,2.3,8.8,0,2.402,0.014,40.06,32.53714286,127.894,176.732,3,-0.042857143,3.185714286
2016-01-25,,,,,,40.02,32.50571429,102.117,74.599,0,-5.342857143,0.157142857
2016-02-01,,,,,,40.02285714,32.52714286,114.448,103.729,13.8,0.528571429,4.071428571
2016-02-08,,,,,,40.01714286,32.49571429,100.072,49.599,0,0.242857143,4.742857143
2016-02-15,3.8,8.3,0,2.617,0.017,40.02285714,32.51,146.049,80.645,15.5,4.814285714,9.257142857
2016-02-22,4.2,8,0,2.773,0.014,40.02428571,32.51428571,165.366,99.755,0.5,2.728571429,6.1
2016-02-29,4.4,5.6,0,2.715,0.014,40.02,32.5,137.244,67.519,7.85,2.657142857,7.371428571
2016-03-07,5.9,7.9,0,3.149,0.01,40.14428571,32.60428571,378.47,344.05,40.8,7.428571429,11.25714286
2016-03-14,6.9,24.6,0,3.551,0.028,40.10428571,32.62714286,577.561,639.629,0,4.628571429,11.08571429
2016-03-21,9,27.7,0,3.851,0.038,40.03142857,32.53571429,255.7,213.558,9,9.928571429,15.07142857
2016-03-28,10.8,8,0,3.627,0.029,40.02857143,32.52428571,180.814,125.921,0.75,9.357142857,14.82857143
2016-04-04,12.3,4.3,0,3.04,0.022,40.03,32.52285714,141.058,84.329,20.2,13.32857143,18.17142857
2016-04-11,14.3,13.3,0,3.016,0.024,40.07714286,32.57142857,531.462,540.589,47.4,14.22857143,19.34285714
2016-04-18,15.3,18.8,22,3.01,0.033,40.08857143,32.57142857,630.779,603.689,26.1,15,20.34285714
2016-04-25,15.9,14.4,44,2.652,0.048,40.15142857,32.58857143,1269.898,1440.702,31.6,15.87142857,21.32857143
2016-05-02,17.8,16.1,80,2.667,0.023,40.14,32.56857143,824.651,932.208,39.35,16.38571429,22.21428571
2016-05-09,18.7,20,300,2.517,0.025,40.09714286,32.47428571,681.143,720.944,5.05,19.02857143,23
2016-05-16,19.9,25.9,0,2.31,0.024,40.14571429,32.53,549.182,522.662,42.15,17.12857143,24.08571429
2016-05-23,21.2,9.9,1250,2.025,0.019,40.05,32.41571429,427.686,415.288,0,20.25714286,26.97142857
2016-05-30,22.8,8.1,1731,1.875,0.016,39.97285714,32.45,401.155,386.154,11.55,21.97142857,27
2016-06-06,23.4,4.9,7013,1.666,0.019,40.05857143,32.53142857,321.838,239.74,0.95,21.45714286,28.2
2016-06-13,24.55,5.5,6055,1.536,0.023,40.19571429,32.56428571,425.4,379.127,6.15,23.6,28.25714286
2016-06-20,25.5,6,3524,1.191,0.021,40.04714286,32.54142857,479.637,421.882,1.35,24.58571429,28.52857143
2016-06-27,25.7,18.6,7000,1.285,0.05,40.16285714,32.56428571,531.945,474.305,16.9,24.05714286,28.07142857
2016-07-04,24.3,5.2,508,1.334,0.055,40.12285714,32.59428571,2306.224,2445.953,150.1,23.58571429,27.92857143
2016-07-11,24,2.4,187,3.491,0.11,39.91857143,32.58285714,8963.685,9272.845,128.1,26.1,28.21428571
2016-07-18,26,22.3,222,3.42,0.03,40.06857143,32.59428571,1150.834,1099.199,14.5,24.92857143,28.9
2016-07-25,26,4.9,115,2.851,0.026,40.09857143,32.47714286,618.227,508.486,0.1,26.37142857,29.27142857
2016-08-01,28,9.3,1105,2.637,0.032,40.11428571,32.52285714,511.352,392.262,36.85,28.87142857,31.57142857
2016-08-08,29.4,15.2,709,2.039,0.012,40.21142857,32.54571429,586.547,470.09,58.95,28.22857143,32.24285714
2016-08-15,30.4,13.6,3375,1.828,0.028,40.11857143,32.53285714,499.758,358.886,0,29.64285714,33.48571429
2016-08-22,30.6,27.9,162,1.675,0.029,40.05,32.53,456.506,377.977,0.1,28.87142857,32.07142857
2016-08-29,27.6,24.5,40,1.394,0.022,40.18428571,32.58285714,547.725,530.145,52.7,23.92857143,30.87142857
2016-09-05,23.9,16.3,6052,1.595,0.028,40.17,32.66714286,982.462,1096.759,76.55,22.92857143,28.35714286
2016-09-12,24.2,9.9,1273,1.809,0.016,40.13142857,32.59285714,639.104,665.707,17.35,22.87142857,28.44285714
2016-09-19,21.8,6.7,242,2.393,0.076,40.11857143,32.65,2234.318,2589.47,130.45,20.85714286,26.7
2016-09-26,20.7,8,798,2.63,0.05,40.04857143,32.66285714,872.774,998.301,1.85,19.5,25.35714286
2016-10-03,21.5,13.3,739,2.633,0.036,40.02142857,32.58571429,564.582,617.766,38.4,20.48571429,24.44285714
2016-10-10,20.2,17.5,103,2.337,0.044,39.99,32.66142857,1929.131,2272.806,105.05,17.3,23.75714286
2016-10-17,18.4,21.4,117,2.209,0.028,39.93285714,32.61142857,799.512,872.157,15.7,15.38571429,21.65714286
2016-10-24,17.6,22.6,249,2.36,0.038,39.91571429,32.54,457.086,452.131,0.65,15.88571429,20.88571429
2016-10-31,16.4,39.4,133,2.401,0.017,39.93,32.54571429,461.158,482.779,11.2,12.08571429,17.3
2016-11-07,14.2,67.2,153,2.292,0.01,39.92428571,32.54285714,435.156,426.221,0,8.985714286,14.14285714
2016-11-14,12.8,18.4,184,2.35,0.011,39.92857143,32.53142857,388.014,380.37,0.45,8.942857143,13.48571429
2016-11-21,12.1,14.2,264,2.348,0.012,39.90571429,32.52571429,369.844,372.839,8.9,10.5,14.25714286
2016-11-28,9.4,11.1,60,2.296,0.012,39.90285714,32.52571429,352.718,350.209,2.25,3.242857143,8.657142857
2016-12-05,7.8,10.1,0,2.449,0.016,39.89142857,32.54142857,347.693,350.936,0.65,5.242857143,8.685714286
2016-12-12,6.5,9.5,0,2.3,0.013,39.91857143,32.53285714,326.615,328.517,1.4,1.985714286,6.685714286
2016-12-19,5.4,8.6,0,2.413,0.016,39.91714286,32.52857143,310.516,309.95,2.35,3.157142857,6.314285714
2016-12-26,4.8,6.3,0,2.451,0.012,39.75571429,32.59285714,517.354,628.774,15.75,4.333333333,7.714285714
2017-01-02,3.9,10.6,0,2.53,0.011,39.89714286,32.59142857,503.968,612.033,0,1.328571429,5.3
2017-01-09,4.6,16.5,0,2.688,0.017,39.88285714,32.57285714,460.998,531.303,0.3,4.614285714,7.528571429
2017-01-16,,,,,,39.92285714,32.55428571,431.377,459.08,0.25,-1.3,2.942857143
2017-01-23,,,,,,39.87142857,32.55428571,412.889,477.155,2.85,-1.6,3.242857143
2017-01-30,,,,,,39.87571429,32.52857143,314.412,314.299,1.55,-0.071428571,3.657142857
2017-02-06,,,,,,39.87,32.52857143,280.922,272.502,0.25,2.028571429,4.457142857
2017-02-13,,,,,,39.9,32.52285714,281.405,270.031,0.8,-0.028571429,4.171428571
2017-02-20,4,16.5,0,2.458,0.013,39.87,32.52428571,289.233,276.629,11.6,3.928571429,7.442857143
2017-02-27,4.9,14.9,43,2.518,0.012,39.87857143,32.53714286,429.499,413.953,18.4,3.257142857,7.042857143
2017-03-06,6,12.3,99,2.612,0.016,39.83428571,32.51428571,388.633,363.356,0.4,5.771428571,10.25714286
2017-03-13,6.7,12.7,0,2.301,0.013,39.85428571,32.51285714,325.192,278.583,0.25,6.285714286,10.65714286
2017-03-20,9.3,13,0,2.461,0.019,39.84571429,32.51142857,308.466,269.274,2.9,8.385714286,14.55714286
2017-03-27,9.7,8.9,0,2.33,0.019,39.85571429,32.51,313.571,279.412,17.15,8.242857143,14.35714286
2017-04-03,11.4,11.7,0,2.254,0.018,39.74571429,32.12714286,367.598,341.748,13.25,10.22857143,15.27142857
2017-04-10,13.7,14.4,0,2.104,0.019,39.75285714,32.51857143,547.631,504.108,10.85,15.08571429,18.77142857
2017-04-17,15.5,13.2,35,2.024,0.019,39.79428571,32.57,638.947,665.402,31.35,15.58571429,19.2
2017-04-24,15.7,13.2,235,2.06,0.026,39.78142857,32.60714286,656.814,681.354,3.5,14.77142857,19.57142857
2017-05-01,17.7,10.5,472,2.377,0.021,39.85714286,32.47714286,336.18,268.033,2,17.51428571,22.25714286
2017-05-08,19.4,8.7,61,1.998,0.023,39.87,32.51285714,269.505,187.695,3.55,19.21428571,24.94285714
2017-05-15,19.6,17.6,0,1.856,0.019,39.85428571,32.51,268.947,180.666,11.45,18,24.88571429
2017-05-22,20.7,5.5,105,1.892,0.015,39.84428571,32.50857143,229.416,137.761,0.05,21.65714286,26.72857143
2017-05-29,21.6,10.5,111,1.848,0.019,39.86285714,32.50571429,262.698,175.428,0.05,21.35714286,27.55714286
2017-06-05,24.1,8.2,1443,1.548,0.013,39.87857143,32.50571429,300.106,208.062,0.1,22.35714286,27.74285714
2017-06-12,23.25,14.85,16948,1.274,0.016,39.87714286,32.54428571,422.681,338.935,0.05,21.07142857,27.07142857
2017-06-19,24.35,12.65,10955,1.15,0.02,39.68714286,32.51142857,352.096,267.841,10.1,24.2,28.97142857
2017-06-26,25.4,13.1,20572.5,1.081,0.014,39.89714286,32.53857143,370.144,274.299,42.5,25.14285714,30.37142857
2017-07-03,25.25,10.15,17575.5,1.064,0.021,39.85428571,32.60714286,807.535,766.716,10.3,25.7,29.02857143
2017-07-10,26.2,16.7,2339,2.518,0.067,39.79,32.60571429,2397.568,2732.67,21.35,27.04285714,29.51428571
2017-07-17,22.8,12.4,830,2.38,0.198,39.81571429,32.66857143,2553.387,2685.842,38.2,27.52857143,31.57142857
2017-07-24,25.25,16.55,9142,2.667,0.056,39.79428571,32.68571429,1213.102,1294.426,0.15,28.58571429,32.41428571
2017-07-31,22.9,5.3,639,2.646,0.139,39.74,32.65857143,4445.458,4916.955,56.5,25,31.42857143
2017-08-07,25.4,25.8,5480,2.721,0.062,39.99428571,32.71428571,2346.547,2621.344,7.6,28.08571429,32.12857143
2017-08-14,24.9,10.7,358,2.128,0.073,39.95428571,32.76,1367.117,1591.77,103.8,25.04285714,31.3
2017-08-21,24.4,12.6,998,2.687,0.053,39.82285714,32.76142857,3318.797,3886.861,108.8,24.92857143,28.97142857
2017-08-28,26.9,32.8,3376,2.362,0.049,39.82571429,32.70428571,2151.42,2401.377,6.9,25.82857143,29.12857143
2017-09-04,25.3,8.3,370,2.092,0.041,39.87714286,32.64142857,900.634,835.275,1.35,21.25714286,27.52857143
2017-09-11,23.7,9.3,1020,2.022,0.033,39.78,32.58285714,690.793,648.906,44.35,21.44285714,27.48571429
2017-09-18,23,19,460,1.904,0.038,39.83142857,32.62285714,771.636,791.877,0.05,20.81428571,26.27142857
2017-09-25,23,29.3,3928,1.549,0.041,39.88428571,32.55285714,499.959,430.713,0,20.21428571,26.41428571
2017-10-02,,,,,,39.79285714,32.58714286,718.655,738.275,56.7,18,24.41428571
2017-10-09,21.5,31.7,1480,1.783,0.03,39.79714286,32.53571429,632.288,659.379,10.25,18.61428571,22.47142857
2017-10-16,19.5,27.8,311,1.749,0.039,39.87571429,32.56285714,553.544,535.669,24,15.95714286,21.04285714
2017-10-23,18.6,27.4,449,1.888,0.034,39.90857143,32.51857143,443.553,378.135,0.65,14.82857143,20.57142857
2017-10-30,17.1,35.3,461,2.159,0.028,39.86285714,32.51285714,364.163,305.218,0,12.3,19.31428571
2017-11-06,15.3,37.7,197,2.245,0.039,39.85142857,32.50428571,314.188,274.384,0.05,10.18571429,16.28571429
2017-11-13,13.5,33.4,397,2.265,0.042,39.86714286,32.50571429,252.288,228.718,0.4,9.5,14.77142857
2017-11-20,10.8,39.2,355,2.092,0.04,39.87428571,32.50714286,294.825,253.01,0.1,4.9,9.685714286
2017-11-27,8.5,9.6,206,2.148,0.038,39.86,32.51142857,308.85,281.318,0.85,3.514285714,8.885714286
2017-12-04,7.1,13.2,132,2.21,0.035,39.87285714,32.50857143,306.164,271.154,0.05,3.414285714,7.7
2017-12-11,4.2,11.3,0,3.117,0.019,39.86571429,32.51428571,305.91,265.268,0.95,0.485714286,4.2
2017-12-18,2.4,3.3,0,2.879,0.011,39.88,32.53714286,276.161,295.301,0.05,-2.4,1.757142857
2017-12-25,,,,,,39.87285714,32.51142857,305.235,240.118,12.2,0.614285714,4.857142857
2018-01-01,,,,,,39.86285714,32.49857143,300.11,223.042,0.15,1.314285714,3.3
2018-01-08,,,,,,39.85,32.51285714,308.929,241.586,1.25,0.371428571,2.457142857
2018-01-15,,,,,,39.85142857,32.49571429,272.972,200.316,1,-2.557142857,1.814285714
2018-01-22,,,,,,39.87142857,32.50285714,292.86,219.889,16.85,3.071428571,5.5
2018-01-29,,,,,,39.90142857,32.48428571,249.292,173.766,0,-6.285714286,-1.285714286
2018-02-05,,,,,,39.91428571,32.49142857,289.057,211.057,0.3,-3.071428571,1.185714286
2018-02-12,,,,,,39.88285714,32.48571429,305.695,211.882,0.75,-2.457142857,1.7
2018-02-19,,,,,,39.87142857,32.48857143,272.576,184.647,0.3,2.414285714,5.685714286
2018-02-26,,,,,,39.88571429,32.49428571,289.426,197.678,0.05,3.771428571,8.314285714
2018-03-05,5.7,19.9,0,2.429,0.015,39.84285714,32.50428571,448.032,345.488,70.8,6.314285714,10.02857143
2018-03-12,7.2,31.6,0,2.895,0.038,39.76571429,32.49571429,1163.048,1423.819,29.5,5.814285714,9.9
2018-03-19,9.3,16.2,0,3.284,0.027,39.71857143,32.44142857,867.078,1027.613,42.1,9.728571429,14.85714286
2018-03-26,9,12.8,34,3.537,0.044,39.74714286,32.54714286,1635.757,2005.265,20.1,8.357142857,13.18571429
2018-04-02,11,20.8,67,3.556,0.035,39.79714286,32.50714286,371.199,269.503,0,16,18.54285714
2018-04-09,12.1,13.9,66,3.296,0.07,39.82571429,32.55571429,1693.135,1920.516,52.85,10.98571429,15.55714286
2018-04-16,12.1,21.4,174,3.285,0.03,39.86142857,32.54714286,1137.345,992.434,15.75,13.7,18.17142857
2018-04-23,15.4,25.8,74,3.183,0.04,39.81142857,32.53571429,800.672,720.829,27.4,16.37142857,20.9
2018-04-30,14.9,12.6,146,2.848,0.036,39.82714286,32.57857143,1658.881,1959.236,24.9,16.17142857,20.45714286
2018-05-07,17.9,24.1,492,2.836,0.035,39.86142857,32.59571429,1054.424,983.673,36.6,16.64285714,21.58571429
2018-05-14,18,25.4,118,2.557,0.029,39.86,32.58857143,1162.409,1022.663,11.85,17.42857143,22.97142857
2018-05-21,20.7,16.5,27,2.489,0.023,39.80571429,32.58857143,947.775,760.615,2.15,19.91428571,24.68571429
2018-05-28,20.7,21.6,732,2.674,0.019,39.79285714,32.57857143,878.998,703.068,18.1,20.77142857,25.54285714
2018-06-04,22.5,26.5,1831,2.412,0.034,39.83857143,32.55428571,385.887,282.881,40.65,23.47142857,27.57142857
2018-06-11,24,18.2,1415,2.136,0.021,39.85,32.55285714,423.695,347.467,7.35,22.15714286,27.37142857
2018-06-18,24.05,11.95,7842,1.825,0.024,39.85,32.54285714,494.753,372.753,0.8,21.35714286,27.62857143
2018-06-25,25.1,17,4831,1.655,0.024,39.85571429,32.53714286,454.504,332.903,0.9,25.21428571,29.91428571
2018-07-02,22.3,6,235,3.105,0.129,39.86285714,32.66857143,2474.366,2604.886,321.1,24.04285714,28.15714286
2018-07-09,22.5,3.9,266,3.132,0.074,39.80857143,32.56,5287.892,5572.847,81.6,22.37142857,28.28571429
2018-07-16,24.8,66.2,582,3.087,0.058,39.84571429,32.56285714,1270.338,1102.928,1.5,27.92857143,31.08571429
2018-07-23,28.1,13.6,2291,2.884,0.025,39.79428571,32.52428571,499.807,324.416,0,29.91428571,34.2
2018-07-30,29.9,12.4,9929,2.454,0.027,39.71857143,32.50571429,301.881,177.232,0,31,35.48571429
2018-08-06,31.5,19.9,6569,2.128,0.025,39.76714286,32.50285714,344.889,201.623,0.05,30.71428571,35.84285714
2018-08-13,30.7,13.9,1370,1.49,0.042,39.80857143,32.52428571,453.807,266.586,4.35,28.97142857,34.81428571
2018-08-20,28.7,17.4,7990,1.241,0.035,39.79857143,32.59142857,721.996,564.982,28.2,26.97142857,34.02857143
2018-08-27,23,5.9,791,2.173,0.147,39.76,32.55571429,1465.241,1633.944,162.8,25.68571429,32.04285714
2018-09-03,22.7,3.5,478,2.629,0.144,39.71857143,32.55571429,5172.707,5805.008,69.1,24.31428571,29.57142857
2018-09-10,22.7,10.7,1117,2.759,0.087,39.80142857,32.58857143,4504.166,4772.238,55.95,21.9,27.47142857
2018-09-17,22.6,11.7,2304,2.855,0.025,39.79714286,32.52285714,1054.18,956.9,21,21.01428571,26.48571429
2018-09-24,21.1,20.2,99,2.215,0.019,39.79571429,32.57142857,1060.955,1148.988,46.35,19.34285714,24.95714286
2018-10-01,20.6,18.7,152,2.34,0.016,39.78285714,32.55714286,768.066,689.097,0.6,17.22857143,23.37142857
2018-10-08,17.9,3.9,403,2.354,0.102,39.80571429,32.60142857,3988.312,4445.109,149.5,17.07142857,22.08571429
2018-10-15,17.1,8.8,272,2.439,0.077,39.79,32.58857143,1158.106,1209.691,0.05,12.81428571,19.04285714
2018-10-22,16,9.1,98,2.517,0.043,39.80571429,32.5,569.275,598.07,0.5,11.91428571,19.05714286
2018-10-29,14.7,25.8,86,2.828,0.025,39.77428571,32.51428571,439.102,368.476,8.25,11.55714286,17.28571429
2018-11-05,13.5,42.3,92,2.912,0.038,39.73571429,32.51285714,389.398,336.26,0,8.457142857,15.54285714
2018-11-12,12.8,37.5,27,2.79,0.037,39.77142857,32.48,591.786,640.984,13.25,11.52857143,16.05714286
2018-11-19,11.4,24.6,17,2.731,0.014,39.75142857,32.54428571,477.77,423.971,0.05,8.214285714,13.41428571
2018-11-26,9.7,42.3,8,2.65,0.025,39.79428571,32.50714286,381.219,331.97,2.15,4,10.12857143
2018-12-03,8.8,28.9,76,2.526,0.023,39.75,32.51,372.527,302.431,3.7,6.328571429,10.6
2018-12-10,6.1,26.4,94,2.468,0.021,39.79142857,32.53,499.209,469.469,14.4,1.285714286,5.057142857
2018-12-17,4.1,21.7,30,2.749,0.023,39.81428571,32.53714286,403.774,345.649,4.8,-0.342857143,4.685714286
2018-12-24,4,20.7,0,2.756,0.023,39.79714286,32.50142857,365.232,316.263,0.25,3.842857143,6.657142857
2018-12-31,,,,,,39.74571429,32.51857143,321.879,268.231,0,-2.471428571,1.342857143
2019-01-07,,,,,,39.74285714,32.51,303.803,253.663,0.05,-0.557142857,3.528571429
2019-01-14,,,,,,39.74285714,32.50571429,275.922,232.271,3.1,0.428571429,4.314285714
2019-01-21,,,,,,39.74714286,32.49285714,270.11,222.967,0.2,1.628571429,4.514285714
2019-01-28,3.4,20.3,0,2.93,0.022,39.73571429,32.05571429,273.363,381.846,0.05,2.057142857,5.242857143
2019-02-04,4.2,25.6,0,3.135,0.024,39.76857143,30.66,255.604,455.108,8.15,2.371428571,5.485714286
2019-02-11,4,30.1,0,2.936,0.022,39.76714286,30,248.383,543.749,0,1.471428571,5.471428571
2019-02-18,4.3,28.5,0,3.004,0.041,39.76142857,26.85571429,174.667,548.731,0.45,2.1,6.385714286
2019-02-25,7.2,21.8,0,2.68,0.028,39.21142857,27.02428571,566.093,243.46,17,5.028571429,9.628571429
2019-03-04,7.3,15.2,0,2.796,0.019,37.87428571,31.44142857,287.567,89.353,0.6,8.414285714,11.74285714
2019-03-11,8.6,13.9,25,3.151,0.017,39.50428571,32.45571429,139.859,88.074,10.05,8.714285714,12.45714286
2019-03-18,8.3,15.7,56,2.956,0.008,39.84428571,32.51428571,318.097,229.517,1.75,6.9,12
2019-03-25,9.3,11.9,52,2.714,0.015,39.87857143,32.49857143,358.422,294.167,6.7,8.928571429,14.44285714
2019-04-01,10.3,14,0,2.202,0.018,39.84714286,32.53142857,386.499,286.895,3.15,10.58571429,14.87142857
2019-04-08,11.4,14.7,0,2.122,0.016,39.84142857,32.51,330.541,240.604,0.05,11.95714286,15.9
2019-04-15,12.3,12.5,0,2.161,0.014,39.88285714,32.56142857,653.656,583.523,48.15,10.95714286,16.57142857
2019-04-22,15.6,10.6,26,1.976,0.012,39.86428571,32.53714286,487.154,408.769,0,16.9,20.52857143
2019-04-29,15.5,12.2,178,1.855,0.016,39.87,32.53571429,602.567,509.209,61.6,13.51428571,20.45714286
2019-05-06,18,15.2,210,1.679,0.017,39.81285714,32.50285714,779.777,727.192,0,17.91428571,22.8
2019-05-13,18.5,17.9,117,1.534,0.016,39.84,32.35857143,358.171,377.062,0,18.6,24.44285714
2019-05-20,18.8,9.4,0,1.478,0.015,39.81428571,32.47714286,354.198,277.106,36.7,20.88571429,27.12857143
2019-05-27,20.9,9.5,0,1.417,0.029,39.85714286,32.53428571,394.639,249.816,16.25,21.45714286,27.14285714
2019-06-03,21.3,21.6,298,1.477,0.024,39.84857143,32.53714286,460.915,328.763,0.45,20.94285714,26.47142857
2019-06-10,22.8,17.5,917,1.622,0.027,39.84428571,32.53571429,818.508,742.468,35.3,22.02857143,27.98571429
2019-06-17,22.9,11.9,657,1.415,0.036,39.86428571,32.53857143,605.117,375.435,0.15,22.04285714,27.34285714
2019-06-24,24.3,15,1423,1.346,0.024,39.86142857,32.53857143,592.9,368.123,1.1,23.72857143,27.71428571
2019-07-01,25.3,15.4,3340,1.247,0.052,39.85857143,32.53428571,811.864,741.442,76.85,23.64285714,28.71428571
2019-07-08,24.7,10.6,3882,1.387,0.049,39.85714286,32.51,617.915,452.807,0,24.14285714,30.32857143
2019-07-15,25.15,10.55,22463.5,1.287,0.018,39.86,32.51714286,570.382,360.139,41,23.24285714,28.87142857
2019-07-22,25.4,13.8,630,1.335,0.022,39.82,32.52857143,1549.828,1409.611,100.1,25,29.98571429
2019-07-29,26.7,27,6156,2.032,0.042,39.86714286,32.55428571,2104.216,1993.926,33.15,27.54285714,30.85714286
2019-08-05,27.7,21.95,10934.5,1.937,0.022,39.85714286,32.54714286,1140.855,597.735,0,29.48571429,33.02857143
2019-08-12,29.3,13.9,4265,1.492,0.019,39.85142857,32.55,958.537,789.223,22.2,27.9,33.04285714
2019-08-19,28.9,17.7,9600,1.098,0.016,39.85857143,32.55714286,683.262,464.357,10.1,27.15714286,31.88571429
2019-08-26,26.6,6.05,23210,1.142,0.032,39.86714286,32.55714286,896.767,767.621,95.75,24.67142857,30.32857143
2019-09-02,25,12.95,6762.5,1.081,0.025,39.85857143,32.56714286,994.294,826.684,32.3,22.3,28.5
2019-09-09,24.5,14.9,2424,1.044,0.022,39.86428571,32.58285714,1015.303,1178.605,48.9,24.52857143,27.4
2019-09-16,24.5,13.1,3872,1.447,0.033,39.86285714,32.56857143,754.547,723.737,3.95,22.94285714,27.62857143
2019-09-23,18,4.1,28,2.66,0.142,39.85428571,32.60857143,1771.257,2248.159,153.45,19.2,25.38571429
2019-09-30,20.4,25.1,985,2.548,0.056,39.87,32.58428571,1439.934,1737.468,0.05,20.94285714,25.17142857
2019-10-07,20.1,2.9,42,2.667,0.117,39.84,32.59857143,4979.021,6344.866,223.15,19.98571429,23.92857143
2019-10-14,19.3,17.8,31,2.663,0.07,39.82571429,32.59571429,662.629,936.968,0,15.82857143,20.95714286
2019-10-21,17.9,29.4,654,3.137,0.028,39.85142857,32.59857143,490.38,625.057,4.35,13.91428571,20.08571429
2019-10-28,16.9,53.5,257,2.777,0.043,39.82428571,32.59571429,664.437,839.478,0.1,14.4,19.81428571
2019-11-04,16,27.9,214,2.046,0.022,39.84857143,32.55428571,621.897,684.814,0.1,13.12857143,18.38571429
2019-11-11,14.4,21.7,0,1.936,0.033,39.82,32.54714286,293.51,351.397,11.95,10.67142857,16.01428571
2019-11-18,12,14,0,1.801,0.028,39.88428571,32.57,307.702,326.975,8.05,8.085714286,12.94285714
2019-11-25,10.5,9.4,62,1.966,0.018,39.86142857,32.61285714,442.188,457.603,0.55,7.057142857,11.7
2019-12-02,9.3,40,0,1.988,0.019,39.84714286,32.60428571,335.713,385.374,10.85,5.842857143,9.314285714
2019-12-09,6.8,28.5,53,2.256,0.015,39.85285714,32.63714286,371.56,386.504,0.1,1.628571429,6.214285714
2019-12-16,5.8,18.3,170,2.616,0.025,39.84285714,32.58714286,194.665,309.121,0.45,3.414285714,8.571428571
2019-12-23,5.4,16.8,0,2.517,0.032,39.84,32.55571429,199.64,244.933,0.45,3.242857143,7.614285714
2019-12-30,,,,,,39.83857143,32.55857143,215.343,242.072,6.55,1.957142857,6.385714286
2020-01-06,3.5,15.4,0,2.816,0.023,39.82,32.57142857,191.803,254.47,12,1.171428571,5.742857143
2020-01-13,3.1,12.4,0,2.743,0.019,39.88142857,32.79285714,785.514,1015.941,28.1,3.128571429,5.771428571
2020-01-20,3.6,6.6,0,3.073,0.04,39.85,32.66857143,377.677,481.075,0,2.2,4.871428571
2020-01-27,4.4,13.1,0,3.229,0.038,39.85,32.63857143,253.711,377.777,20.9,4.114285714,7.714285714
2020-02-03,4.6,24.5,0,3.447,0.033,39.85714286,32.64857143,381.419,503.79,0.2,4.814285714,7.314285714
2020-02-10,4.2,19,0,3.098,0.02,39.82285714,32.56285714,239.821,350.528,0.05,0.928571429,5.228571429
2020-02-17,5.6,15.3,0,3.191,0.019,39.84857143,32.56,294.332,390.524,15.35,5.971428571,9.957142857
2020-02-24,5.9,13.2,0,2.958,0.014,39.84,32.55,321.097,347.667,0.75,5.1,8.914285714
2020-03-02,7.2,14,29,2.949,0.029,39.88,32.65857143,1080.445,1343.292,40.65,6.557142857,11.32857143
2020-03-09,8,11.7,52,2.827,0.038,39.86857143,32.58857143,528.76,527.326,3.35,6.142857143,11.02857143
2020-03-16,8.3,16.8,27,2.672,0.032,39.86285714,32.56571429,483.039,415.459,9.15,7.142857143,12.25714286
2020-03-23,10.4,13.1,68,2.871,0.021,39.85857143,32.52142857,364.742,315.346,0,11.64285714,15.27142857
2020-03-30,11.9,11.4,273,2.734,0.023,39.86142857,32.54,348.744,289.324,7.5,11.47142857,17
2020-04-06,12.8,11,335,2.458,0.022,39.87714286,32.50571429,309.679,298.938,0,12,17.54285714
2020-04-13,13.1,11.3,441,2.344,0.023,39.82142857,32.52,228.225,157.516,1.45,11.12857143,17.5
2020-04-20,14.1,10.3,180,2.311,0.025,39.87142857,32.52857143,273.896,206.794,35.05,13.07142857,18.9
2020-04-27,14.4,10.6,0,2.16,0.019,39.88714286,32.54428571,327.632,259.687,0,11.82857143,17.51428571
2020-05-04,18.6,5.5,0,1.909,0.015,39.88285714,32.52857143,276.587,206.936,9.7,18.77142857,23.71428571
2020-05-11,19.7,2.7,0,1.811,0.025,39.86142857,32.49714286,376.242,341.736,29.4,17.68571429,24.25714286
2020-05-18,20.4,12.5,0,1.745,0.022,39.85142857,32.58428571,585.901,568.521,27.6,19.18571429,23.27142857
2020-05-25,22.4,24.6,0,2.104,0.022,39.78428571,32.60571429,876.492,983.182,0.75,17.77142857,22.94285714
2020-06-01,23.1,56.6,1164,2.279,0.031,39.86714286,32.50857143,376.342,347.877,0.1,21.57142857,26
2020-06-08,26.7,12,13000,2.05,0.026,39.82142857,32.56428571,370.086,378.82,0.05,24.31428571,28.61428571
2020-06-15,26.5,8.8,919,1.556,0.046,39.84571429,32.66285714,794.623,1012.698,138.7,25.37142857,29.81428571
2020-06-22,27.8,5.2,1755,1.781,0.062,39.80714286,32.71571429,730.005,862.776,3.1,23.31428571,29.31428571
2020-06-29,26.8,59.2,46000,1.469,0.045,39.81142857,32.64142857,790.384,890.54,44.65,23.72857143,29.25714286
2020-07-06,23.9,31.9,588,1.848,0.053,39.81,32.64571429,1381.22,1820.058,26.65,22.12857143,28.54285714
2020-07-13,23.2,2.9,12,2.725,0.102,39.85714286,32.60857143,2290.062,3077.151,180.25,23.78571429,29.14285714
2020-07-20,25.1,39.1,1025,2.806,0.042,39.77857143,32.6,2807.03,4056.533,24,22.88571429,27.68571429
2020-07-27,,,,,,39.80714286,32.65857143,5772.71,7980.007,153.15,22.92857143,28.35714286
2020-08-03,23.1,4.3,36,2.437,0.173,39.8,32.65714286,7154.214,9343.931,69.4,25.08571429,29.25714286
2020-08-10,,,,,,39.86714286,32.72571429,11757.61,14514.312,341.85,25.97142857,29.25714286
2020-08-17,27.7,21.2,700,2.466,0.088,39.79571429,32.60714286,9598.844,11458.027,37.8,28.08571429,31.18571429
2020-08-24,27.3,17.9,829,2.046,0.039,39.79142857,32.63142857,2016.02,2097.961,1.45,27.64285714,33.27142857
2020-08-31,26.8,22.3,2595,1.908,0.045,39.73142857,32.56857143,1761.977,2538.968,12.5,27.71428571,31.55714286
2020-09-07,22.3,6,5511,1.767,0.122,39.83857143,32.62142857,6903.757,9190.145,141.35,22.6,29.11428571
2020-09-14,24.7,19.5,6985,2.23,0.079,39.76857143,32.59285714,3203.537,4179.616,8.45,21.58571429,26.62857143
2020-09-21,22.9,11.3,799,2.281,0.079,39.62857143,32.64,1130.501,1745.547,2.8,19.95714286,25.35714286
2020-09-28,22.5,7.2,355,2.467,0.064,39.63714286,32.59142857,625.285,849.68,0.05,17.95714286,23.87142857
2020-10-05,21.2,18,65,2.472,0.056,39.75571429,32.58428571,477.577,596.587,0.65,18.3,23.41428571
2020-10-12,19.8,12.2,1164,2.215,0.031,39.72571429,32.53714286,364.135,427.152,0.05,16.4,21.44285714
2020-10-19,18.9,17.6,523,2.287,0.028,39.83857143,32.55714286,368.233,363.8,0,12.81428571,19.68571429
2020-10-26,16.7,19.1,404,2.223,0.029,39.89,32.57714286,421.846,388.963,5.4,12.25714286,18.27142857
2020-11-02,15,35.7,942,2.186,0.029,39.82428571,32.56714286,314.08,368.288,2.3,11.92857143,17.02857143
2020-11-09,13.3,15.4,856,2.183,0.024,39.82428571,32.55571429,272.413,321.727,0.1,9.171428571,14.38571429
2020-11-16,12.4,18.9,337,2.232,0.03,39.72428571,32.52857143,280.301,303.781,0,8.883333333,15.54285714
2020-11-23,11.6,59.9,175,2.18,0.024,39.77285714,32.54714286,363.41,393.795,31.9,11.02857143,14.85714286
2020-11-30,9.6,48.7,121,2.21,0.022,39.73571429,32.54,341.858,342.233,0,5.085714286,8.914285714
2020-12-07,7.6,29.6,11,2.491,0.014,39.76428571,32.43428571,314.366,388.381,0,2.785714286,7.271428571
2020-12-14,6.1,31.4,0,2.543,0.021,39.80285714,31.80428571,298.174,433.599,2.3,2.614285714,6.828571429
2020-12-21,,,,,,39.74857143,31.10571429,293.657,473.487,0,-2.042857143,2.257142857
2020-12-28,,,,,,39.74571429,30.55,297.359,431.419,0.05,1.742857143,5.528571429
2021-01-04,,,,,,39.71285714,30.49571429,317.967,387.276,0.75,-2.342857143,0.942857143
2021-01-11,,,,,,39.78571429,30.52857143,259.688,213.857,0.75,-6.271428571,-1.471428571
2021-01-18,,,,,,39.82571429,30.58428571,278.826,262.305,0.5,1.1,4.414285714
2021-01-25,,,,,,39.80571429,30.62714286,220.551,344.11,1.9,3.371428571,6.314285714
2021-02-01,3,33.5,0,2.917,0.021,39.76857143,30.54857143,226.663,418.573,16.45,1.871428571,6.428571429
2021-02-08,2.8,30.8,0,2.739,0.02,39.69714286,31.59857143,228.89,111.623,0.1,1.414285714,7.157142857
2021-02-15,4,18.7,0,2.696,0.018,39.78857143,32.61285714,251.943,248.695,2.4,4.857142857,10.08571429
2021-02-22,4.6,14.1,0,2.496,0.019,39.72428571,32.62,235.161,290.271,1.3,3.785714286,8.157142857
2021-03-01,5.5,10.4,0,2.555,0.018,39.79428571,32.56285714,302.73,285.906,42.7,6.142857143,11.52857143
2021-03-08,8.2,18.9,0,2.494,0.021,39.87571429,32.63857143,577.595,729.744,5.4,5.6,12.14285714
2021-03-15,11.1,26.9,0,2.532,0.033,39.76571429,32.61142857,366.828,480.82,23.25,9.571428571,14.97142857
2021-03-22,10.9,35.5,68,2.992,0.036,39.80857143,32.55428571,350.473,368.527,2.25,10.21428571,16.11428571
2021-03-29,12.2,10.1,30,3.077,0.029,39.80571429,32.55714286,361.214,337.936,17.2,12.91428571,17.1
2021-04-05,13.9,31.3,54,2.26,0.035,39.79714286,32.61857143,1200.848,1514.757,31.25,13.3,18.75714286
2021-04-12,14.1,31.2,126,4.228,0.08,39.81285714,32.57,970.394,1036.884,15.3,13.31428571,17.88571429
2021-04-19,14.7,28.7,114,3.721,0.051,39.85714286,32.63428571,829.451,687.404,0.15,12.75714286,18.57142857
2021-04-26,18,35.8,424,2.935,0.03,39.79857143,32.53857143,658.738,427.871,0.05,17.31428571,22.82857143
2021-05-03,19,23,349,2.458,0.033,39.75,32.53,409.373,322.264,4.25,15.4,20.81428571
2021-05-10,18,16.5,69,2.004,0.02,39.75,32.52285714,392.611,368.058,30.35,15.98571429,22.38571429
2021-05-17,19.8,10.1,31,1.899,0.039,39.75,32.56428571,927.184,1059.557,35.7,19.01428571,24.12857143
2021-05-24,22.4,74.9,236,3.062,0.059,39.78,32.57428571,1305.599,1880.412,20.6,19.27142857,24.28571429
2021-05-31,21.1,25.1,287,2.561,0.026,39.80142857,32.58428571,827.446,1018.858,31,18.35714286,24.54285714
2021-06-07,23.9,19.1,325,2.073,0.03,39.79285714,32.62428571,921.011,1147.423,22.5,21.54285714,26.85714286
2021-06-14,27,10,5306,1.662,0.023,39.77428571,32.58714286,780.208,753.747,13.1,24.9,28.34285714
2021-06-21,25.2,19.9,812,1.769,0.035,39.8,32.57857143,762.825,709.279,5.75,22.65714286,27.87142857
2021-06-28,25.3,7,121,1.198,0.029,39.86428571,32.60142857,815.606,686.553,2.85,23.11428571,27.3
2021-07-05,24.4,19.1,1610,1.27,0.025,39.84571429,32.59142857,979.394,1000.124,75.9,24.58571429,28.58571429
2021-07-12,24.7,7,52,2.358,0.089,39.93428571,32.6,4520.399,6274.901,175,24.81428571,29.58571429
2021-07-19,28.2,35.5,147,2.054,0.036,39.85,32.60142857,1841.912,2316.312,8.95,27.08571429,32.65714286
2021-07-26,29,24,3170,1.888,0.036,39.81428571,32.61142857,753.03,812.944,0.05,27.38571429,33.61428571
2021-08-02,29.6,15.3,21818,1.575,0.033,39.8,32.57714286,583.224,541.083,51.15,28.24285714,33.6
2021-08-09,29.2,20,24388,1.244,0.035,39.81714286,32.64,977.139,1037.301,19.7,27.94285714,32.72857143
2021-08-16,26.9,8,1420,1.581,0.067,39.77714286,32.60714286,908.507,879.397,29.5,24.4,30.94285714
2021-08-23,25.9,8.2,4550,1.505,0.047,39.81,32.61857143,857.251,894.272,90.65,23.74285714,29.82857143
2021-08-30,23.7,6.2,1003,2.411,0.104,39.84142857,32.65285714,4145.031,4837.518,96.15,23.25714286,28.5
2021-09-06,21.7,10.2,1077,2.465,0.096,39.78428571,32.60571429,4308.137,4543.928,52.1,21.51428571,26.8
2021-09-13,24.1,52.4,2874,2.327,0.047,39.79,32.58142857,1412.491,1997.933,4,22.12857143,27.3
2021-09-20,22.9,47.4,854,2.069,0.049,39.77,32.60714286,1084.696,1527.521,37.85,20.82857143,26.57142857
2021-09-27,23.1,20.3,1786,2.022,0.036,39.79571429,32.59428571,900.381,1126.223,16.8,20.35714286,25.81428571
2021-10-04,23.8,17.9,1360,1.868,0.037,39.81428571,32.58142857,870.387,900.568,8.55,21.5,25.84285714
2021-10-11,22,29.4,317,1.843,0.025,39.82714286,32.56142857,576.92,531.296,22.8,20.88571429,24.74285714
2021-10-18,20,24.1,149,1.848,0.044,39.85142857,32.64857143,761.483,813.145,27.35,14.07142857,19.61428571
2021-10-25,16.9,58.8,144,1.686,0.031,39.81285714,32.58285714,648.427,615.73,0.05,10.15714286,16.48571429
2021-11-01,15.7,14.5,572,1.996,0.02,39.76285714,32.62142857,476.148,478.856,0.05,11.77142857,18.71428571
2021-11-08,14.5,27.3,0,2.355,0.022,39.76714286,31.83571429,325.102,680.834,37.65,11.72857143,17.37142857
2021-11-15,12.1,12,134,2.084,0.019,39.79857143,30.62,322.583,689.581,2.15,7.742857143,12.82857143
2021-11-22,11.2,27.6,133,2.112,0.018,39.76571429,30.57714286,235.894,587.159,0.05,8.785714286,14.57142857
2021-11-29,8.7,34.6,120,2.105,0.022,39.79571429,30.63571429,255.158,608.498,0.1,5.428571429,9.5
2021-12-06,6.7,17,0,2.207,0.02,39.77714286,30.62428571,289.383,635.639,16.2,3.414285714,9.228571429
2021-12-13,6.3,13.4,0,2.164,0.023,39.80285714,30.60142857,256.715,499.06,0.05,5.085714286,10.35714286
2021-12-20,4.3,21.4,33,2.459,0.026,39.75142857,30.55857143,305.358,559.251,0.1,2.285714286,5.285714286
2021-12-27,2.6,13.5,0,2.53,0.022,39.82,30.60857143,301.352,506.283,0,0.028571429,4.857142857
2022-01-03,,,,,,39.79285714,30.56285714,332.382,535.291,0.1,-0.542857143,3.128571429
2022-01-10,,,,,,39.79714286,30.54571429,345.133,505.47,0,0.814285714,4.657142857
2022-01-17,2,13.7,0,2.055,0.014,39.80142857,30.59285714,354.035,486.086,0.2,-1.214285714,2.271428571
2022-01-24,,,,,,39.79,30.57142857,353.719,492.453,0.05,0.557142857,4.2
2022-01-31,3.1,10.5,0,2.427,0.019,39.78,30.59285714,265.2,496.562,0.8,1.8,5.557142857
2022-02-07,,,,,,39.7,31.65142857,218.502,228.123,0.2,-0.242857143,3.585714286
2022-02-14,3.4,11.7,0,2.265,0.017,39.71571429,32.52142857,298.527,268.157,0.05,3.3,7.142857143
2022-02-21,3,11,0,2.244,0.024,39.92142857,32.54285714,345.236,257.836,0.1,-1.228571429,4.214285714
2022-02-28,3.5,13.2,0,2.207,0.022,39.79285714,32.52714286,336.784,256.8,0.3,2.9,7.242857143
2022-03-07,6.2,12.2,0,2.19,0.025,39.87714286,32.51285714,321.356,223.089,0.05,6.314285714,11.28571429
2022-03-14,7.6,13.5,0,2.105,0.019,39.77428571,32.57142857,352.194,271.243,5.85,10.85714286,15.67142857
2022-03-21,9.8,15.5,0,2.03,0.021,39.79,32.61142857,468.23,512.155,22.4,8.071428571,13.85714286
2022-03-28,11.7,19.1,0,2.304,0.04,39.82857143,32.59857143,747.931,925.926,13.85,9.785714286,14.8
2022-04-04,16.3,35.1,50,2.633,0.037,39.75628571,32.526,617.916,835.882,0.25,10.88571429,15.52857143
2022-04-11,16.6,11.5,782,2.754,0.032,39.78857143,32.536,479.792,446.336,2.2,15.88571429,19.97142857
2022-04-18,17.7,11,1237,2.233,0.029,39.76657143,32.53285714,445.797,391.833,12.9,14.44285714,20.75714286
2022-04-25,21,16.6,1190,1.843,0.017,39.758,32.51857143,408.644,334.179,2.3,17.88571429,22.81428571
2022-05-02,19.2,16.8,0,1.523,0.026,39.75714286,32.53142857,476.787,432.522,24.95,15,22.45714286
2022-05-09,21.7,3.4,0,1.3,0.023,39.72771429,32.52942857,451.016,427.866,4.3,17.77142857,23.38571429
2022-05-16,20.9,1.3,0,1.359,0.031,39.73857143,32.53285714,451.804,390.572,3.9,18,23.85714286
2022-05-23,24,4.7,5970,1.493,0.017,39.73085714,32.51914286,427.644,345.479,0.05,21.87142857,27.41428571
2022-05-30,22.4,6.2,239,1.4,0.019,39.70857143,32.51857143,384.365,311.72,0.2,23.2,28.55714286
2022-06-06,23.1,5.1,1633,1.443,0.019,39.72571429,32.55142857,452.195,386.188,38.4,21.97142857,27.47142857
2022-06-13,23.3,12.3,3766,1.112,0.021,39.74285714,32.51857143,476.034,439.398,2.35,20.14285714,26.28571429
2022-06-20,27.8,17.8,24086,1.1,0.012,39.78285714,32.55142857,447.077,478.108,17.3,23.22857143,27.8
2022-06-27,26,9.1,2236,1.079,0.032,39.75428571,32.64428571,511.332,636.634,44.3,27.35714286,30.17142857
2022-07-04,30,10,13506,0.908,0.025,39.73714286,32.64714286,509.914,660.869,20.7,28.24285714,30.28571429
2022-07-11,28.3,38,21505,0.808,0.028,39.74142857,32.54228571,438.208,432.964,6.15,28.25714286,31.75714286
2022-07-18,27.9,47.1,66134,0.98,0.032,39.80371429,32.58142857,660.419,742.571,79.85,25.65714286,30.3
2022-07-25,28.7,65.2,132470,1.816,0.061,39.78142857,32.64857143,697.345,814.18,12.9,26.27142857,30.55714286
2022-08-01,27.9,17.9,20348,1.485,0.039,39.75,32.55142857,445.437,494.252,15.15,27.21428571,32.12857143
2022-08-08,28.8,10.5,2009,1.546,0.026,39.77571429,32.55428571,428.652,419.205,10.55,29,32.08571429
2022-08-15,,,,,,39.87514286,32.73457143,2555.512,3288.334,69.55,27.14285714,30.82857143
2022-08-22,27.6,35.7,1944,2.46,0.042,39.82142857,32.71285714,1482.527,2475.652,98.2,25.61428571,30.68571429
2022-08-29,25.7,17.6,959,2.263,0.072,39.82571429,32.686,764.048,947.279,26.3,22.3,28.48571429
2022-09-05,,,,,,39.77714286,32.72457143,1452.761,2247.319,71.7,21.88571429,26.65714286
2022-09-12,24.1,45.8,17363,2.824,0.063,39.78714286,32.72057143,2554.525,3310.313,91.9,21.18571429,27.1
2022-09-19,23.9,24.8,9785,2.636,0.028,39.79714286,32.66714286,572.326,766.922,2.35,24.15714286,27.22857143
2022-09-26,22.9,25,12415,2.564,0.03,39.80142857,32.62,404.732,539.719,0,17.98571429,24.72857143
2022-10-03,21.9,32.9,1503,1.728,0.024,39.76857143,32.63285714,381.532,495.187,9.2,19.74285714,25.84285714
2022-10-10,19.6,35.2,1275,1.723,0.027,39.76857143,32.67714286,481.904,644.709,22.9,15.9,20.77142857
2022-10-17,19.8,38.3,1752,1.597,0.048,39.79714286,32.62571429,382.303,407.128,0,15.07142857,20.74285714
2022-10-24,17.3,27.8,1306,1.755,0.031,39.74714286,32.61428571,358.436,563.409,0,12.04285714,17.95714286
2022-10-31,17.4,7.5,1318,1.978,0.03,39.772,32.60571429,353.346,359.939,0.05,11.95714286,17.54285714
2022-11-07,14.5,14.3,939,1.87,0.031,39.76532857,32.51221429,338.367,314.065,0,9.328571429,16.72857143
2022-11-14,14,11.4,387,1.872,0.025,39.78,32.48,326.455,331.016,21.45,12.21428571,17.22857143
2022-11-21,12.7,11,120,1.907,0.024,39.7874,30.79727143,220.966,681.333,0.8,9.057142857,15.45714286
2022-11-28,11.3,13.3,0,2.016,0.03,39.74727143,30.5861,200.419,507.663,18,8.485714286,13.52857143
2022-12-05,7.6,14.7,42,1.989,0.028,39.77078571,30.58467143,256.738,620.134,14.8,1.871428571,7.128571429
2022-12-12,6.3,13.2,0,2.074,0.021,39.74428571,30.56428571,184.262,452.726,0.15,3.3,6.5
2022-12-19,3.2,9.7,0,2.004,0.019,39.74714286,30.58064286,182.493,446.077,2.45,-2.185714286,1.557142857
2022-12-26,,,,,,39.76571429,30.57882857,193.059,475.575,2.8,-2.742857143,1
2023-01-02,,,,,,39.77428571,30.57285714,225.295,542.367,0.05,-0.614285714,3
2023-01-09,,,,,,39.78142857,30.62558571,210.178,535.761,0.45,0.385714286,4.9
2023-01-16,,,,,,39.82324286,30.65221429,252.739,560.903,21.05,3.414285714,8.228571429
2023-01-23,,,,,,39.76,30.64545714,247.613,479.837,0,-0.242857143,2.428571429
2023-01-30,,,,,,39.77597143,31.44,175.705,245.655,0.2,-4.257142857,-0.142857143
2023-02-06,,,,,,39.86882857,32.03481429,288.349,303.663,0,1.2,5.628571429
2023-02-13,4,13.5,15,2.379,0.021,39.83091429,32.27285714,322.491,255.293,9.9,3.285714286,9.257142857
2023-02-20,4,16.1,0,2.383,0.025,39.73314286,32.51142857,248.394,204.346,0.25,4.514285714,8.3
2023-02-27,5.3,10.2,0,2.387,0.025,39.72688571,32.46857143,284.065,226.656,0.05,3.714285714,8.342857143
2023-03-06,8,7.9,0,,,39.73507143,32.5174,286.618,226.176,0,6.885714286,13.05714286
2023-03-13,8.6,6.2,0,,,39.72428571,32.49857143,273.692,230.289,5.9,11.74285714,17.67142857
2023-03-20,12.1,5.2,0,,,39.92142857,32.48142857,280.215,203.517,0,10.61428571,14.98571429
2023-03-27,13,3.6,0,,,39.88428571,32.52688571,324.645,264.469,21.75,12.65714286,18.3
2023-04-03,15.7,6.4,0,1.968,0.028,39.81571429,32.51428571,265.55,203.382,0,13.42857143,20.34285714
2023-04-10,15.4,8.3,25,1.832,0.036,39.8813,32.54364286,354.75,286.355,25.9,12.75714286,18.3
2023-04-17,16,4.1,0,1.681,0.028,39.83,32.51688571,282.521,225.28,2.95,13.87142857,19.22857143
2023-04-24,16.7,5,0,1.633,0.026,39.81428571,32.50428571,216.593,153.839,10.1,15.88571429,21.01428571
2023-05-01,17.7,1.5,0,1.654,0.036,39.75518571,32.52142857,201.536,181.822,6,14.24285714,20.21428571
2023-05-08,19.2,6.8,36,1.779,0.029,39.64338571,32.5216,833.664,1092.854,57.1,16.08571429,22.3
2023-05-15,23.1,7.3,32,2.377,0.018,39.79857143,32.54571429,441.196,595.619,0.05,18.84285714,23.94285714
2023-05-22,22.2,24.6,44,2.594,0.019,39.83857143,32.53025714,290.719,310.819,5.6,20.65714286,26.42857143
2023-05-29,23.8,10.3,229,1.965,0.036,39.83091429,32.54285714,634.262,493.15,98.6,21.02857143,25.58571429
2023-06-05,24.2,15.2,36,2.196,0.044,39.85285714,32.55428571,858.754,940.581,0.55,22.02857143,26.85714286
2023-06-12,27.4,5.1,748,2.075,0.028,39.83428571,32.5335,352.997,386.289,8.85,22.84285714,27.98571429
2023-06-19,28.5,7.2,1395,1.693,0.039,39.82857143,32.54415714,400.577,464.067,17.7,24.02857143,29.05714286
2023-06-26,26.2,19.7,1483,1.594,0.022,39.84285714,32.57347143,533.436,666.221,54.25,24.01428571,28.9
2023-07-03,27.8,10.8,218,3.053,0.202,39.85662857,32.54117143,4020.275,4791.253,83.2,25.95714286,29.65714286
2023-07-10,22.5,5.6,391,2.993,0.072,39.8895,32.51502857,6226.56,6343.82,64.65,25.01428571,30.34285714
2023-07-17,,,,,,39.82647143,32.92278571,18769.685,19394.694,234.3,25.27142857,29
2023-07-24,,,,,,39.88507143,32.57707143,10320.75,10327.401,112.65,25.95714286,30.37142857
2023-07-31,,,,,,39.86142857,32.56494286,2734.014,3291.495,69.85,27.11428571,31.74285714
2023-08-07,,,,,,39.82584286,32.53662857,593.337,728.161,1.3,29.27142857,33.5
2023-08-14,27.7,7.1,407,2.261,0.127,39.8661,32.64365714,5536.033,6323.919,165.5,26.38571429,31.71428571
2023-08-21,30.5,45.6,1792,2.525,0.041,39.8548,32.55285714,874.085,1341.413,33.4,27.24285714,31.65714286
2023-08-28,27.5,99.9,5511,2.077,0.104,39.80765714,32.56467143,1631.848,2334.315,104.35,26.47142857,30.45714286
2023-09-04,27.1,29.8,2124,2.356,0.108,39.83545714,32.57625714,5564.67,6237.427,201,24.47142857,28.57142857
2023-09-11,29.8,39.1,2885,2.158,0.045,39.81182857,32.54365714,764.159,1187.214,0,23.78571429,29.31428571
2023-09-18,26.6,15.2,3445,2.437,0.085,39.84298571,32.5402,1336.037,2122.113,104.25,23.8,27.47142857
2023-09-25,23.1,5.8,4069,2.226,0.105,39.88177143,32.56898571,6504.175,7113.156,81.2,20.81428571,26.45714286
2023-10-02,22.6,11.6,259,2.699,0.054,39.83,32.56792857,2534.771,3311.198,26.7,20.01428571,24.57142857
2023-10-09,19.9,14,375,2.391,0.028,39.83,32.55,1166.104,1842.507,0.05,16.41428571,21.97142857
2023-10-16,19,24.3,304,2.167,0.025,39.85064286,32.53832857,513.829,726.121,0.1,16.08571429,21.41428571
2023-10-23,18.8,15.8,105,2.233,0.033,39.82857143,32.55,389.306,452.606,3.4,13.14285714,19.22857143
2023-10-30,18.7,10.5,522,2.132,0.026,39.84987143,32.5265,352.07,449.775,0,13.55714286,20.12857143
2023-11-06,16.7,22,42,2.341,0.025,39.83,32.55818571,267.455,383.972,18.5,16.17142857,19.87142857
2023-11-13,13.5,34.8,51,1.99,0.018,39.83012857,32.55494286,324.785,434.574,13.45,7.328571429,13.27142857
2023-11-20,11.8,4.7,85,2.109,0.012,39.85182857,32.53558571,365.32,405.871,6,6.014285714,10.68571429
2023-11-27,9.2,8.4,188,2.203,0.016,39.8339,32.5538,375.658,410.269,2.75,5.385714286,10.05714286
2023-12-04,7.3,12.5,46,2.351,0.015,39.82974286,32.55428571,373.569,426.036,0.1,2.957142857,7.614285714
2023-12-11,6.6,18.6,0,2.581,0.016,39.86142857,32.55932857,412.425,500.287,44.7,7.571428571,11.94285714
2023-12-18,7.5,4.8,0,3.357,0.135,39.85142857,32.57364286,1716.757,2392.894,54.5,3.942857143,7.314285714
2023-12-25,2.1,2.3,18,3.334,0.083,39.84078571,32.57345714,725.623,1136.629,0.7,-3.5,0.557142857
