Date,WT_HCB,Chla_HCB,Cyanocell_HCB,TN_HCB,TP_HCB,WL_UP_DSB,WL_HCB,Discharge_UP_DSB,Discharge_HCB,Prec_HCB,Temp_HCB,Forecast_Temp_HCB
2012-01-09,1.8,16,0,4.201,0.146,10.00571429,7.488571429,0,0,0,-2.5,4
2012-01-16,3.9,57.1,0,5.072,0.206,9.861428571,7.604285714,0,0,0.1,-1.014285714,6.5
2012-01-23,3.1,73.85,0,5.288,0.243,9.867142857,7.508571429,0,0,8,3.671428571,1.7
2012-01-30,2.766666667,67.23333333,0,5.495,0.244,10.15857143,5.747142857,0,0,0,-1.985714286,1.4
2012-02-06,3.566666667,41.93333333,0,4.611,0.103,9.01,4.992857143,0,0,1.4,-2.7,2.3
2012-02-13,4.15,60.45,0,4.565,0.091,9.131428571,8.404285714,0,0,0,-1.214285714,3.5
2012-02-20,5.9,92,0,4.869,0.12,9.904285714,9.788571429,0,0,4,-0.071428571,8.1
2012-02-27,6.15,117.225,0,5.808,0.229,11.40428571,9.938571429,0,0,0.5,2.885714286,8.9
2012-03-05,6.65,91.7,0,5.138,0.153,11.56714286,10.11,0,0,31.5,5.385714286,8.8
2012-03-12,9,123.25,0,5.571,0.156,12.14,10.43571429,0,0,3.5,4.914285714,10.7
2012-03-19,10.2,65.85,0,4.088,0.083,11.65285714,10.05428571,0,0,10,6.957142857,9.7
2012-03-26,12.9,10.65,0,4.526,0.107,11.79285714,10.43,0,0,23.5,5.928571429,13.4
2012-04-02,12.7,8.4,0,5.869,0.218,12.06285714,10.5,0,0,34.5,10.51428571,13.5
2012-04-09,15.2,31.3,0,4.552,0.148,12.59857143,10.40571429,0,0,26.5,11.07142857,18.6
2012-04-16,18.2,20.2,0,2.919,0.08,12.04857143,9.945714286,0,0,5.5,15.05714286,19.2
2012-04-23,19.5,15.2,0,3.67,0.139,13.10428571,10.25857143,0,0,71,14.61428571,21.4
2012-04-30,17,51.8,0,,,14.13557143,9.512857143,0,0,25.5,15.65714286,24.1
2012-05-07,20.2,44.1,0,3.075,0.106,14.12571429,8.985714286,0,0,5.6,19.85714286,23.9
2012-05-14,19.3,24.3,0,3.173,0.082,13.38857143,9.021428571,0,0,30.5,17.01428571,23.9
2012-05-21,22.6,6.4,361,2.864,0.076,12.6,8.918571429,0,0,0.1,18.74285714,27.3
2012-05-28,25.9,5.7,48,3.33,0.086,13.38,9.034285714,0,0,6,20.85714286,27
2012-06-04,25.8,10.8,1051,2.798,0.109,13.92571429,8.9,0,0,41,20.81428571,28.2
2012-06-11,25.9,24.5,440,2.488,0.075,13.66285714,8.714285714,195.309,0,9,22.75714286,27.7
2012-06-18,26,58.6,11308,2.837,0.067,13.42571429,9.174285714,0,0,21,22.1,28.8
2012-06-25,24.7,42.9,6054,2.694,0.072,13.95285714,9.592857143,0,0,11,23.08571429,27.4
2012-07-02,28.9,50.5,18738,2.665,0.096,13.84,9.184285714,0,0,24.5,23.21428571,28.1
2012-07-09,27.6,14.3,3664,1.728,0.075,14.16428571,10.55285714,0,0,41,25.55714286,27.3
2012-07-16,25,16.4,343,3.489,0.164,14.25142857,9.9,4741.086,5620.296,250.7,25.12857143,28.2
2012-07-23,29.1,22.3,960,3.239,0.113,14.26428571,9.812857143,3732.26,4590.701,50.3,26.81428571,33.2
2012-07-30,30,22.3,2893.5,2.835,0.122,14.14571429,9.587142857,1091.539,1081.233,0.4,29.71428571,33.4
2012-08-06,31.63333333,110.8,169552.6667,3.447,0.142,14.09571429,9.89,686.695,784.676,0,29.14285714,31.7
2012-08-13,28.2,14.65714286,8338.714286,3.041,0.117,14.07571429,10.65714286,1464.775,1647.837,46,26.98571429,30
2012-08-20,26.58,22.56,1032,2.613,0.178,14.19714286,10.53571429,5061.711,6176.505,15.2,27.7,30.4
2012-08-27,25.925,11.775,814,2.979,0.151,14.13857143,10.37142857,7795.701,8995.138,379.7,25.21428571,29.4
2012-09-03,23.13333333,10.63333333,544,2.603,0.119,14.19,10.19285714,6185.917,7251.624,82.6,24.58571429,27.6
2012-09-10,22.45,3,787.5,2.609,0.109,14.25714286,10.31285714,5778.614,6492.908,95.6,22.42857143,25.3
2012-09-17,24.3,7,12,2.55,0.162,14.71714286,11.11571429,8050.049,9178.972,306,20.65714286,25.2
2012-09-24,26.65,16.1,16,2.718,0.136,14.25571429,10.58285714,12137.294,15220.609,0,19.25714286,24.8
2012-10-01,23.8,23.7,0,2.83,0.113,14.06714286,10.43142857,1768.856,1659.459,0,17.68571429,24.4
2012-10-08,21.3,6.6,0,3.304,0.076,13.98714286,10.6,1415.761,1181.274,0,16.51428571,22.1
2012-10-15,19.8,18.25,172,3.234,0.078,14.01,10.42857143,1132.674,929.267,0,13.68571429,20.9
2012-10-22,18.9,15.35,0,3.259,0.078,14.11571429,9.807142857,995.878,865.945,13.1,12.82857143,19
2012-10-29,17.75,5.6,0,3.504,0.048,14.04857143,9.494285714,1290.795,861.806,21,12.6,14.4
2012-11-05,15.8,22.3,0,3.406,0.053,13.39857143,10.11428571,567.571,626.531,2,8.8,14.2
2012-11-12,14.4,6.8,0,3.722,0.048,13.97857143,10.54571429,1064.501,818.425,21.5,10.31428571,11
2012-11-19,12.4,18.6,408,3.355,0.042,13.87857143,10.15714286,1212.149,1187.921,11.5,6.257142857,10.6
2012-11-26,9.6,27.1,880,3.65,0.037,14.18571429,9.838571429,1186.586,797.96,5.7,4.028571429,7.7
2012-12-03,7.85,50.45,4458,3.328,0.034,14.07285714,10.41571429,786.288,639.459,1.7,3.357142857,3.4
2012-12-10,6.1,22.7,1244,3.601,0.033,14.09571429,10.44714286,915.395,701.305,3.6,-1.457142857,5.4
2012-12-17,5,11.6,0,4.08,0.032,14.11428571,10.53285714,1155.939,949.754,28,0.542857143,2.8
2012-12-24,,,,4.205,0.037,13.35428571,10.39857143,1191.313,1080.134,12.5,-2.128571429,1.2
2012-12-31,,,,,,12.60857143,10.28571429,905.293,720.091,13.1,-2.7,-0.6
2013-01-07,1.7,2.3,0,3.621,0.055,13.39571429,10.17142857,457.337,303.886,0,-4.971428571,3
2013-01-14,1.7,1.7,0,3.659,0.021,13.64714286,10.41285714,702.993,620.053,0,-2.871428571,4.1
2013-01-21,,,,,,14.06142857,10.57142857,590.6,668.512,13.5,-0.714285714,2.7
2013-01-28,3.4,20.5,0,4.199,0.031,14.13428571,10.66428571,1163.233,1178.513,0.6,-0.2,7.4
2013-02-04,4.6,20.7,0,4.67,0.05,14.05571429,10.57142857,1526.816,1764.033,42.1,3.671428571,2
2013-02-11,2.5,21.1,0,4.214,0.045,14.14714286,10.57714286,1373.751,1386.719,2.2,-1.671428571,4.7
2013-02-18,3.6,43.6,0,3.905,0.041,14.08285714,10.49857143,936.091,938.492,4.9,0.871428571,5.4
2013-02-25,7.3,29.8,0,3.47,0.033,14.04142857,10.41,484.085,576.167,0,1.614285714,8.9
2013-03-04,6.9,57.1,0,4.111,0.048,14.08285714,10.40714286,781.777,771.545,0.4,4.614285714,14.6
2013-03-11,9.1,67.1,0,4.939,0.066,14.13,10.48142857,884.101,815.592,0.4,9.171428571,13
2013-03-18,12,96.2,0,4.126,0.058,13.98,10.48714286,963.076,961.128,45.5,9.671428571,13
2013-03-25,11.9,76.2,68,4.122,0.077,14.20428571,10.56,1870.071,1956.516,0,8.157142857,13.5
2013-04-01,12.6,58.1,0,3.617,0.078,14.05857143,10.47,878.555,896.553,1.5,9.685714286,16
2013-04-08,14.6,50.4,0,3.857,0.062,14.09714286,10.49571429,1152.988,1183.595,21,10.54285714,14.7
2013-04-15,15.2,26.7,0,3.357,0.043,14.07857143,10.53,1336.212,1313.44,0.1,9.285714286,17
2013-04-22,15.8,12.8,160,3.259,0.045,14.07285714,10.54142857,756.488,791.328,6.7,11.67142857,18.6
2013-04-29,15.1,29.6,288,3.534,0.081,14.11857143,10.56142857,1326.264,1337.78,36.4,13.15714286,19.1
2013-05-06,20.1,18.4,0,3.707,0.08,14.06,10.47428571,939.944,960.362,0.2,15.24285714,23.8
2013-05-13,24.5,8.6,0,3.111,0.051,14.03857143,10.52571429,753.1,830.602,13,18.67142857,24.7
2013-05-20,23,2.8,0,3.594,0.052,14.07714286,10.48571429,755.898,750.874,20,18.48571429,28.4
2013-05-27,23.2,16,44,3.135,0.043,14.06714286,10.52714286,903.345,843.404,44,21.24285714,24.8
2013-06-03,24.5,8.9,0,2.655,0.046,14.16714286,10.59857143,2539.997,2842.496,49.5,20.18571429,29.4
2013-06-10,25.3,7.7,0,2.239,0.035,14.14714286,10.55142857,1208.721,991.255,0,22.25714286,28.4
2013-06-17,27.2,20.3,68,2.521,0.048,14.15,10.58714286,1308.971,1381.678,15.5,23.4,27.7
2013-06-24,25.4,13,0,2.48,0.1,14.15142857,10.66857143,5390.271,5796.35,35.5,23.81428571,29.6
2013-07-01,27.5,11.7,0,2.594,0.108,14.24285714,10.58142857,1746.285,1709.369,12.5,24.15714286,27.2
2013-07-08,26.2,9,0,3.263,0.163,14.38428571,10.64,6545.535,7668.58,289.9,25.04285714,30.3
2013-07-15,29.3,35.5,336,3.16,0.137,14.28428571,10.60571429,2137.494,2574.298,7.5,27.57142857,30.6
2013-07-22,29.7,52.1,2024,2.575,0.087,14.20714286,10.64142857,1523.952,1640.59,13,27.68571429,30.1
2013-07-29,30.06666667,41.73333333,16941.33333,2.823,0.103,14.20857143,10.60142857,1178.067,1430.238,43,26.64285714,30.8
2013-08-05,30.6,44.53333333,10416,2.396,0.115,14.28571429,10.69142857,2582.987,3291.405,85.1,26.81428571,33.7
2013-08-12,32.53333333,34.66666667,12700,2.403,0.082,14.3,10.75857143,2311.623,2757.368,4.5,29.45714286,34.5
2013-08-19,31.9,25.4,9993.333333,1.918,0.052,14.12714286,10.69428571,820.362,1010.242,0.5,28.88571429,31.7
2013-08-26,29.3,64.8,23064,2.999,0.139,14.27428571,10.72285714,1923.336,2737.09,134.75,25.91428571,29.4
2013-09-02,28.75,36.55,8550,2.757,0.092,14.11142857,10.71,1070.455,1373.536,18.1,24.55714286,27.6
2013-09-09,26.3,57.33333333,35553.33333,2.638,0.078,14.14142857,10.69428571,620.911,910.622,6.5,20.05714286,27.2
2013-09-16,27.55,75.3,32796,2.674,0.086,14.12714286,10.63142857,1707.062,2247.913,58,22.45714286,28.4
2013-09-23,26.7,49.2,13494,1.99,0.06,14.12142857,10.73285714,977.1,1296.256,0,21.42857143,24.7
2013-09-30,25.65,45.6,13466,2.377,0.093,14.17571429,10.67,1192.982,1739.238,83.6,19.51428571,24.3
2013-10-07,24.4,20.3,212,1.907,0.041,14.10571429,10.64428571,1480.823,1973.147,13.4,19.11428571,24.3
2013-10-14,23,49.9,768,3.152,0.14,14.17285714,10.66,2550.352,3342.047,95.5,17.62857143,20.5
2013-10-21,20.4,62.7,748,3.193,0.102,13.88857143,10.41714286,889.614,987.059,0.3,13.52857143,19.3
2013-10-28,20.5,36.3,3340,2.699,0.043,14.06857143,10.47428571,451.319,560.637,0,11.51428571,19
2013-11-04,18,9.2,570,2.958,0.105,14.05285714,10.28428571,417.165,561.061,0,12.28571429,16.9
2013-11-11,14.3,13.1,90,3.346,0.079,14.10428571,10.45428571,444.287,499.323,17,9.8,12.7
2013-11-18,12.7,16.3,66,3.81,0.068,14.07285714,10.49714286,552.14,662.54,1.2,5.428571429,10.6
2013-11-25,11.6,8.3,0,4.634,0.068,14.05142857,10.48714286,379.549,464.448,33.5,4.757142857,7.4
2013-12-02,10.3,10,1455,4.064,0.063,14.04285714,10.53857143,570.762,659.873,1,1.885714286,10.5
2013-12-09,7.7,10.4,80,4.628,0.058,14.03285714,10.27857143,483.74,609.449,2.5,3.242857143,5.3
2013-12-16,5.9,31.2,0,4.366,0.059,14.07,10.36571429,609.715,547.056,0.7,0.585714286,4.7
2013-12-23,6.2,19.9,705,4.112,0.042,14.02857143,10.51,352.51,424.34,1,1.185714286,4.4
2013-12-30,,,,,,14.03857143,10.53,305.996,339.154,0,-0.285714286,6.9
2014-01-06,5.8,34.3,1030,4.525,0.048,13.90142857,10.53,403.392,492.193,0,1.057142857,4.4
2014-01-13,3.6,23.3,38,4.418,0.037,13.70285714,10.54857143,288.853,378.952,1,-1.657142857,4.1
2014-01-20,,,,,,14.02142857,10.55857143,374.102,492.709,0.1,-1.985714286,6
2014-01-27,,,,,,14.03428571,10.54142857,339.298,400.148,1,-0.314285714,9.8
2014-02-03,6.5,41.2,0,5.19,0.038,14.05,10.52,310.974,326.08,0.2,6.328571429,4.1
2014-02-10,4.5,45.5,0,5.14,0.059,13.99142857,10.52285714,372.108,418.601,0.6,0.485714286,5.8
2014-02-17,5.6,45.6,0,5.688,0.041,14.00285714,10.51428571,339.46,461.854,2,1.328571429,7.7
2014-02-24,7.5,46.8,0,5.73,0.053,14.04714286,9.76,349.324,404.285,0,2,11.7
2014-03-03,8.7,40.3,0,5.629,0.041,13.92285714,10.09,399.982,215.36,8.5,6.885714286,9.1
2014-03-10,8.4,37.1,0,5.615,0.046,14.05285714,10.52428571,364.744,416.595,0.1,3.042857143,11.8
2014-03-17,11.8,46.7,0,5.964,0.062,14.14714286,10.57714286,1074.251,1332.441,47,6.171428571,14.9
2014-03-24,12.7,45.2,0,5.176,0.075,14.00285714,10.52142857,558.365,579.545,0.1,10.01428571,19.4
2014-03-31,15.3,28.1,0,4.703,0.053,14.13571429,10.68285714,1001.202,1128.653,49,13.37142857,18.1
2014-04-07,15.5,39.6,0,4.608,0.066,14.11285714,10.58142857,1141.955,1364.286,0,11.21428571,19.1
2014-04-14,14.7,20.8,0,4.026,0.049,14.03428571,10.51,540.008,582.536,5.5,12.72857143,20.3
2014-04-21,15.1,13.8,0,3.725,0.053,14.03142857,10.54285714,505.126,560.605,24.5,14.64285714,22.8
2014-04-28,15.9,21.8,0,3.761,0.093,14.05142857,10.50714286,481.552,485.416,56.5,15.18571429,21.8
2014-05-05,16.9,8.5,0,3.606,0.074,14.26142857,10.60285714,2274.322,2992.977,36,15.42857143,22.2
2014-05-12,18.4,8.5,0,3.413,0.066,14.02285714,10.49285714,617.503,750.013,26.6,15.92857143,25.5
2014-05-19,19.4,42.9,0,3.431,0.056,14.04428571,10.51571429,551.035,578.926,0.3,19.52857143,26.7
2014-05-26,20.7,11.2,509,3.949,0.043,14.01,10.50428571,348.301,411.238,6.8,19.77142857,29.5
2014-06-02,21.6,7.4,4715,3.488,0.035,14.05,10.51428571,380.17,376.864,20.5,22.41428571,26.6
2014-06-09,22.6,4.5,16959,3.417,0.041,14.11,10.54285714,684.793,661.305,3.1,20.91428571,26.7
2014-06-16,23.55,10.1,62628.5,3.474,0.04,14.10428571,10.58142857,803.675,818.45,24.1,21.58571429,27.8
2014-06-23,23.9,17.43333333,181910.6667,2.966,0.041,14.10428571,10.57285714,540.331,509.449,6,22.04285714,29
2014-06-30,25.03333333,7.9,11355,2.928,0.045,14.07142857,10.73142857,1190.017,1360.267,5,23.9,28.6
2014-07-07,25.8,29.75,25267.5,2.446,0.078,14.04714286,10.62428571,1201.877,1575.437,69,22.54285714,29.7
2014-07-14,25.85,8.9,12508.5,2.437,0.064,14.05142857,10.58285714,545.633,676.581,21.5,25.34285714,30.6
2014-07-21,26.4,6.25,10900,2.254,0.076,14.08857143,10.66857143,583.201,857.029,68,24.72857143,30.4
2014-07-28,27.55,14.85,26500,1.953,0.067,14.11285714,10.63285714,418.782,487.866,12,26.72857143,31.2
2014-08-04,26.45,23.95,58325,2.382,0.123,14.15428571,10.55142857,1108.427,1900.927,151.4,26.01428571,30.4
2014-08-11,25.75,13.1,27162.5,2.856,0.117,14.27857143,10.69142857,3152.835,4258.194,63.1,24.8,29.4
2014-08-18,,,2092.5,,,14.33142857,10.71428571,4435.618,5322.832,159.1,22.97142857,27.9
2014-08-25,23.2,4.9,970,3.202,0.134,14.09,10.54,11224.796,13050.545,101,24.05714286,27.8
2014-09-01,23.6,16.2,250,3.194,0.104,14.30714286,10.42857143,4281.566,5763.518,10.6,21.9,27.6
2014-09-08,24.8,7.1,175,3.484,0.08,14.22428571,10.62571429,1425.205,1851.412,20.5,22.4,27.7
2014-09-15,24.7,12.85,13610,3.383,0.074,14.08,10.52285714,721.51,880.186,0,21.34285714,26.1
2014-09-22,23.25,19.1,7605,3.344,0.062,14.03714286,10.50571429,579.186,657.017,1.5,19.35714286,25.9
2014-09-29,22.9,5.9,1610,3.192,0.099,14.18857143,10.56285714,3477.596,4726.609,102,19.72857143,24.2
2014-10-06,21.2,7,455,3.136,0.097,14.13142857,10.57428571,1073.66,1283.643,0.3,17.14285714,24.5
2014-10-13,19.4,12.9,1710,2.753,0.077,14.01428571,10.55142857,692.004,934.248,28,16.12857143,20.9
2014-10-20,18.5,40.8,8575,2.848,0.061,14.03857143,10.55285714,569.595,746.236,16,13.14285714,20.3
2014-10-27,17.1,28.9,195,2.83,0.067,14.22857143,10.63285714,3542.419,4202.412,51,13.35714286,18.7
2014-11-03,15.7,21.4,0,3.406,0.079,14.17,10.64714286,1787.058,2170.137,20.4,11.05714286,16.5
2014-11-10,14.2,18,0,3.061,0.097,14.18714286,10.59142857,1333.475,1503.123,1,9.7,13.3
2014-11-17,12.1,97.4,195,3.289,0.075,14.02857143,10.57,659.898,839.223,0.1,6.428571429,13.7
2014-11-24,11.3,55,0,3.293,0.042,14.04714286,10.56571429,607.351,751.647,52.5,6.242857143,13.8
2014-12-01,10.2,63.2,0,4.199,0.052,14.24285714,10.70285714,1459.096,1809.855,14.5,8.028571429,3.9
2014-12-08,7.2,48.7,0,3.291,0.047,14.13,10.68,1043.826,1311.103,2,-0.471428571,5
2014-12-15,5.8,19.5,0,3.707,0.038,14.04714286,10.67714286,699.374,1117.905,0,1.385714286,2.1
2014-12-22,4.1,9.6,0,4.518,0.035,14.03571429,10.61285714,618.444,890.648,0.6,-1.542857143,5.9
2014-12-29,3.4,13.1,0,3.795,0.033,14.06285714,10.63857143,591.176,856.254,0,-0.742857143,4.3
2015-01-05,,,,,,14.06142857,10.61142857,545.12,753.748,4.5,-1.057142857,5.1
2015-01-12,,,,,,14.07,10.60571429,599.675,808.869,2.5,-0.8,6.2
2015-01-19,3.1,10.6,0,4.967,0.031,14.08428571,10.57285714,574.262,609.246,0.5,1.557142857,7.3
2015-01-26,3.7,20,0,4.434,0.034,14.07571429,10.58571429,617.579,657.438,11.9,2.257142857,5.7
2015-02-02,3.7,23.2,0,4.353,0.034,14.06,10.60142857,583.679,652.246,1.2,-0.3,5.4
2015-02-09,4.1,27.8,0,4.704,0.042,14.06285714,10.59142857,512.926,594.668,0,-0.057142857,6.7
2015-02-16,4.2,31.1,0,4.432,0.037,14.06285714,10.63142857,532.053,571.577,12,2.214285714,8.9
2015-02-23,5.2,30.6,0,5.522,0.05,14.07142857,10.62,701.865,803.153,7.5,4.214285714,7.1
2015-03-02,5.7,26.9,0,4.671,0.041,14.06,10.62571429,694.189,810.552,4.5,2.7,9
2015-03-09,6.9,15.6,0,5.144,0.031,14.05285714,10.57428571,594.018,704.899,4.5,3.485714286,9.8
2015-03-16,6.9,29.1,0,4.107,0.036,14.04571429,10.59428571,488.562,574.319,0,4.914285714,16.3
2015-03-23,10.3,39.8,0,4.498,0.064,14.18571429,10.62714286,1713.771,1899.945,40,11.31428571,16.1
2015-03-30,11.2,30.1,0,3.549,0.049,14.07428571,10.57428571,855.749,983.675,0,9.814285714,18.5
2015-04-06,12.5,20.1,0,3.581,0.047,14.08,10.55,788.913,930.548,42.5,12.1,16.1
2015-04-13,13.3,29.8,0,3.507,0.047,14.09142857,10.48857143,989.6,1018.6,12.1,10.47142857,18.1
2015-04-20,14.1,36.2,0,3.371,0.05,13.95,10.61,1482.856,1548.817,53.1,11.8,22.1
2015-04-27,15.7,24.6,193,3.195,0.042,14.17,10.62428571,1533.438,1772.962,0,16,25.4
2015-05-04,18.4,23.5,72,2.82,0.029,14.05142857,10.58857143,727.384,948.98,70.5,17.31428571,24
2015-05-11,18.7,21.1,484,2.724,0.025,14.03428571,10.57285714,558.45,735.732,29,16.7,24.2
2015-05-18,20.8,3.8,0,2.514,0.044,14.03285714,10.57857143,513.247,690.159,19.9,18.75714286,26.4
2015-05-25,21.9,18.1,687,2.418,0.049,14.03,10.57857143,330.315,455.957,0,20.02857143,29.2
2015-06-01,23.2,15.6,833,2.181,0.059,14.01714286,10.55285714,228.679,358.673,5,21.88571429,29.4
2015-06-08,22.9,16,7651,2.444,0.045,14.03,10.54571429,332,474.003,6.5,19.7,28.7
2015-06-15,23.6,8.7,57155.5,2.36,0.058,14.03,10.48571429,378.802,490.21,0,22.92857143,28.3
2015-06-22,24.25,11.45,126779.5,2.311,0.074,14.05,10.57571429,526.63,635.472,26.1,22.01428571,27.3
2015-06-29,24.65,30.05,61013,2.464,0.057,14.06285714,10.59571429,1166.731,1366.132,33,22.32857143,28.2
2015-07-06,24.1,32.9,24106,1.948,0.05,14.02142857,10.52285714,545.784,675.535,13,22.2,27.5
2015-07-13,23.5,6.9,891,2.895,0.092,14.27285714,10.68285714,3418.495,4857.544,173.5,22.51428571,29.4
2015-07-20,24.7,9.7,7560,2.785,0.07,14.14857143,10.56285714,1324.005,1788.53,2.5,23.9,29.1
2015-07-27,25.75,19.3,26226,2.709,0.055,14.05571429,10.55142857,441.045,617.824,6.6,26.7,31.3
2015-08-03,27.3,10.95,59010.5,3.314,0.074,14.04285714,10.55571429,249.433,341.365,2,28.88571429,33.1
2015-08-10,28.8,18.25,215588,1.985,0.055,14.05571429,10.51571429,209.676,290.231,0,28.64285714,30
2015-08-17,28.2,12.7,148678,2.201,0.08,14.06714286,10.59285714,514.029,679.927,94.75,24.14285714,29.4
2015-08-24,26.65,6.9,42669,2.725,0.099,14.02571429,10.57428571,526.235,799.792,72,23.68571429,28.1
2015-08-31,25.9,11.75,211293,2.746,0.08,14.12857143,10.66142857,1058.901,1487.796,31,22.64285714,27.5
2015-09-07,25,14.85,108078.5,2.761,0.075,14.09428571,10.65142857,878.392,1197.995,61,21.7,26.7
2015-09-14,23.95,25.2,41331,2.711,0.053,14.04714286,10.55285714,312.241,441.928,1.8,19.2,26.1
2015-09-21,23.4,46.8,28635.5,2.79,0.055,14.04714286,10.51571429,174.234,293.169,4,19.38571429,26.2
2015-09-28,23.3,23,129952,2.311,0.07,14.05428571,10.59,160.729,254.9,13.6,19.38571429,24.3
2015-10-05,21.7,15.15,34843,2.349,0.054,14.06428571,10.60142857,344.851,490.974,38,17.51428571,22.3
2015-10-12,20.35,11,73253,2.669,0.041,14.04571429,10.58142857,226.748,354.211,0.6,14.9,22.7
2015-10-19,19.9,11.5,86222.5,3.213,0.037,14.04285714,10.6,218.795,304.276,0,14.52857143,23
2015-10-26,19.05,8.15,18222.5,3.072,0.031,14.04,10.57571429,90.816,168.738,0,15.2,16.3
2015-11-02,16.55,11.75,201849.5,2.851,0.038,14.04714286,10.55714286,185.763,208.207,9.5,8.685714286,17.6
2015-11-09,15.95,13.4,14275.5,2.918,0.036,14.06,10.54285714,352.124,394.97,44,12.3,16
2015-11-16,15.4,8.85,6076.5,3.263,0.044,14.09857143,10.58,596.988,679.606,38.5,12.58571429,15.1
2015-11-23,14.6,6.6,2022,3.786,0.046,14.11,10.60285714,755.673,875.21,7,11.67142857,8.4
2015-11-30,12.5,11.3,1747,2.967,0.047,14.04571429,10.54714286,476.346,613.995,3.4,5.771428571,8
2015-12-07,10.3,11.1,2158,3.6,0.028,14.01571429,10.57428571,338.205,422.381,3,4.128571429,10.3
2015-12-14,9.8,13,9013,2.805,0.021,14.03857143,10.55428571,430.549,576.321,33,6.342857143,6.3
2015-12-21,7.75,13,17359.5,3.478,0.021,14.01285714,10.54857143,382.663,495.48,4.3,1.9,7
2015-12-28,7,14.6,2350,3.42,0.021,14.02285714,10.52428571,278.763,386.488,2.2,2.642857143,6.5
2016-01-04,6.1,15.7,848,3.562,0.027,14.02714286,10.49857143,213.624,273.074,0.05,0.457142857,4.6
2016-01-11,5.1,13.4,113,3.723,0.021,14.01428571,10.56142857,161.847,238.521,0,-0.271428571,3.8
2016-01-18,4.6,10.9,0,3.696,0.021,14.04428571,10.56,197.095,275.54,1.55,-0.328571429,-0.5
2016-01-25,,,,,,13.84285714,10.47,119.064,197.511,0.2,-5.414285714,4.1
2016-02-01,,,,,,14.02,10.55285714,185.09,257.094,26,0.228571429,3.9
2016-02-08,,,,,,14.00857143,10.55,135.682,203.991,0,-0.928571429,9.8
2016-02-15,4.5,19.5,0,4.282,0.026,13.95428571,10.55,262.806,369.597,29.5,4.4,6
2016-02-22,4.6,20.6,0,5.203,0.029,13.86714286,10.55571429,204.166,320.765,0,2.557142857,6.7
2016-02-29,5.4,12.7,0,4.84,0.024,14.03857143,10.55,191.418,266.829,5.4,2.271428571,11.4
2016-03-07,7.5,22.1,0,6.207,0.034,14.11714286,10.61142857,743.685,1084.76,65.1,7.328571429,10.4
2016-03-14,8.8,27.7,0,4.639,0.05,14.13285714,10.60285714,1011.402,1248.656,5.1,3.857142857,15.2
2016-03-21,9.8,32.8,0,4.105,0.064,14.05857143,10.56142857,348.964,467.842,12.5,9.928571429,14.3
2016-03-28,10.1,24,12,4.124,0.038,14.04,10.54857143,242.921,341.456,4.7,8.842857143,18
2016-04-04,12.3,14,0,3.471,0.035,14.04428571,10.56857143,206.738,311.052,25.5,12.52857143,19.2
2016-04-11,14.8,23.7,35,4.006,0.078,14.13714286,10.61142857,1597.629,2112.704,42,13.62857143,20.2
2016-04-18,15.6,29.4,20,3.394,0.063,14.13571429,10.61,1008.796,1315.84,67.5,14.18571429,21.2
2016-04-25,16.7,15.5,66,3.138,0.05,14.13714286,10.58428571,2111.102,2411.414,26.5,15.35714286,22.1
2016-05-02,17.2,23.6,0,3.098,0.049,14.10857143,10.60142857,2059.528,2468.295,45.9,15.94285714,22.9
2016-05-09,18.2,34.2,281,2.693,0.038,14.07857143,10.64,990.981,1372.449,34,17.84285714,23.6
2016-05-16,19.7,17.2,324,2.482,0.041,14.06857143,10.59571429,818.271,1077.515,43,16.91428571,27
2016-05-23,21.5,3.1,9200,2.599,0.03,14.03571429,10.58428571,541.525,655.42,0,19.34285714,26.8
2016-05-30,22.45,8.75,47762,2.625,0.032,14.04142857,10.56285714,473.47,587.594,20.8,21.24285714,28.2
2016-06-06,23.4,9.05,34546.5,2.56,0.029,14.04571429,10.54857143,331.83,395.206,7.5,20.17142857,28.2
2016-06-13,24.05,7.5,37520,2.622,0.034,14.06428571,10.58571429,501.027,584.739,0.05,23.25714286,28.6
2016-06-20,24.9,6.4,24259,2.635,0.039,14.05857143,10.55,553.331,680.337,5.6,24,28.1
2016-06-27,25.4,14,25307,2.411,0.041,14.04857143,10.57714286,633.382,782.227,36.55,23.08571429,27.9
2016-07-04,23.7,22.3,1394,1.842,0.069,14.03571429,10.42857143,2668.135,3265.207,145.8,23.08571429,28.1
2016-07-11,24.1,3.5,850,3.199,0.136,14.19857143,10.55857143,10237.708,11577.984,34.1,26.61428571,28.9
2016-07-18,25.8,11,1223,3.334,0.113,14.18285714,10.59,1531.98,1808.078,11.55,25.32857143,28.9
2016-07-25,26.6,8.2,645,3.254,0.088,14.03285714,10.57571429,755.4,884.402,37.5,25.94285714,31.5
2016-08-01,28.8,9.1,1057,3.443,0.082,14.03285714,10.58,616.751,843.645,45.5,28.71428571,32
2016-08-08,30,24.15,236563,3.353,0.062,14.06285714,10.60285714,641.213,856.044,7.6,27.71428571,33.7
2016-08-15,30.55,23.5,103400,3.007,0.07,14.01285714,10.50714286,485.678,628.679,0.05,29.75714286,32.2
2016-08-22,30.55,23.15,193600,2.574,0.047,13.91285714,10.10571429,435.505,524.335,45.5,28.52857143,31.3
2016-08-29,26.75,19.35,13829,2.311,0.05,14.07142857,10.57571429,602.483,657.227,47.55,23.58571429,28.3
2016-09-05,23.1,17.1,668,3.672,0.105,14.11857143,10.57571429,2438.029,3319.566,107.1,22.95714286,28.7
2016-09-12,24.9,39.2,16645,2.864,0.075,14.17,10.61857143,1235.803,1787.607,48.6,22.97142857,26.9
2016-09-19,21.3,5.6,747.5,2.689,0.091,14.16428571,10.68,5261.728,6350.835,154,21.01428571,25.5
2016-09-26,22.1,13.6,1740,2.982,0.064,14.19714286,10.57714286,1581.572,2118.402,8.05,19.65714286,24.5
2016-10-03,22.2,24,833,3.19,0.053,14.10428571,10.62142857,994.486,1341.607,41.2,21,24.1
2016-10-10,20,19.1,1058,2.913,0.083,14.17,10.58714286,4463.356,6170.469,108.1,17.38571429,21.7
2016-10-17,18.9,21.5,614,2.775,0.059,14.00285714,10.53428571,1614.73,2156.381,60,15.15714286,21.4
2016-10-24,18.6,27.8,1086,3.129,0.053,14.02285714,10.67142857,748.323,1114.811,0.25,15.94285714,17.8
2016-10-31,16.8,40.9,202,3.144,0.036,14.02714286,10.56714286,571.264,829.545,13.05,12.18571429,14.3
2016-11-07,14.8,100.7,272,3.025,0.024,14.02571429,10.55571429,493.095,708.794,0,8.414285714,13.2
2016-11-14,13.7,6.8,1405,3.244,0.02,14.02142857,10.56571429,400.189,591.712,0.25,9.357142857,15.2
2016-11-21,13.2,8.2,316,3.45,0.019,14.02571429,10.54142857,391.763,555.336,11,10.07142857,8.6
2016-11-28,10,5.8,354,3.339,0.019,14.03,10.53857143,340.177,514.068,1.5,3.357142857,9
2016-12-05,8.8,12.4,1207,3.419,0.016,14.02857143,10.49,347.949,562.881,2.6,4.071428571,6.8
2016-12-12,7.3,16.9,687,3.681,0.022,14.03,10.50857143,314.881,501.278,0.3,1.3,6
2016-12-19,6.1,10.5,2020,3.616,0.021,14.03142857,10.52,292.781,470.233,3.5,1.714285714,8.2
2016-12-26,6.6,17.1,238,3.786,0.031,14.03857143,10.53285714,650.29,921.374,67,5.171428571,4.8
2017-01-02,5.7,23,0,4.017,0.036,14.02571429,10.52285714,598.944,847.234,0,0.428571429,8.3
2017-01-09,5.9,23.2,153,3.689,0.029,14.03285714,10.48285714,474.065,701.311,0.55,3.8,2.9
2017-01-16,3.9,23,0,3.54,0.023,14.02571429,10.51428571,391.368,601.109,0.05,-1.542857143,3.2
2017-01-23,3.5,21.3,0,3.887,0.027,14.02142857,10.50428571,377.932,573.842,0.1,-1.428571429,3.5
2017-01-30,3.3,18.3,0,3.757,0.021,14.01857143,10.51714286,282.246,468.877,0.6,-0.1,4.6
2017-02-06,3.6,14.8,0,3.607,0.02,14.02142857,10.52,233.335,424.133,1.1,1.571428571,3.6
2017-02-13,3.4,17.7,0,3.93,0.022,14.02571429,10.51285714,226.234,424.735,0.1,-0.1,7.6
2017-02-20,5.3,28.7,0,4.615,0.026,13.70857143,9.847142857,548.922,677.714,3.45,4.457142857,6.5
2017-02-27,6.1,31.1,0,4.478,0.029,11.69,9.225714286,803.365,760.362,16.5,2.785714286,10.3
2017-03-06,7.2,37.3,0,4.505,0.035,12.83714286,10.35285714,258.821,132.089,1.8,5.771428571,10
2017-03-13,8.2,43.2,0,4.133,0.041,14.00285714,10.48285714,309.436,515.794,0.05,5.457142857,14.6
2017-03-20,9.5,31.2,0,3.951,0.032,11.94142857,9.908571429,717.042,844.406,9.5,7.314285714,14.3
2017-03-27,10.7,13,0,3.883,0.029,10.88571429,9.675714286,419.568,398.564,16.1,7.542857143,14.7
2017-04-03,12.2,23.1,0,4.045,0.039,13.61,10.31,255.187,292.821,12,9.257142857,18.7
2017-04-10,13.8,32,0,3.929,0.048,14.05571429,10.60142857,651.137,813.358,18.8,14.68571429,19.2
2017-04-17,15.6,12.7,0,3.307,0.034,14.08428571,10.59857143,864.646,1086.225,29.65,15.31428571,19.2
2017-04-24,16.4,15.4,0,2.92,0.04,14.08142857,10.64,901.998,1085.762,1.9,13.94285714,21.8
2017-05-01,17.8,2.5,0,3.493,0.024,13.97,10.49714286,388.583,503.259,0.55,17.28571429,25
2017-05-08,19.2,12.6,0,2.696,0.026,14.02,10.51285714,278.669,402.099,4.7,18.17142857,24.6
2017-05-15,19.6,10.9,0,2.458,0.027,14.02,10.41571429,317.109,459.706,23.4,17.17142857,26.6
2017-05-22,20.5,8.4,42,2.918,0.024,14.01428571,10.47714286,176.929,260.618,0,20.31428571,27.5
2017-05-29,22.3,7.7,254,3.008,0.055,14.01142857,10.50428571,209.916,300.671,0.5,20.75714286,27.9
2017-06-05,23.35,26.05,55149,2.7,0.032,13.71428571,9.994285714,546.352,811.731,0.15,22.18571429,26.8
2017-06-12,24.05,38.15,182213,2.461,0.037,13.50285714,9.55,510.65,545.463,10.65,21.27142857,28.7
2017-06-19,24.5,14.65,125892.5,2.266,0.044,13.51428571,9.522857143,396.212,313.474,0.05,23.75714286,30.6
2017-06-26,25.2,15.9,64755,2.125,0.054,13.52,9.518571429,578.712,586.853,153,23.97142857,29
2017-07-03,26.5,20.65,82499,2.965,0.103,13.52285714,9.545714286,972.88,1070.396,20.2,25.15714286,29.2
2017-07-10,28,19.45,15107.5,1.434,0.049,13.51714286,9.568571429,2444.406,2871.13,47.6,26.41428571,31.4
2017-07-17,28.2,28,13202.5,2.467,0.079,13.51571429,9.524285714,2507.656,2778.864,25.1,27.37142857,32.6
2017-07-24,28.3,25.4,24904.5,2.168,0.062,13.51714286,9.527142857,1282.673,1380.987,8.05,28.78571429,31.3
2017-07-31,27.2,13.8,1728,2.484,0.074,13.52,9.594285714,4306.572,4890.872,13.75,26.21428571,32.2
2017-08-07,27.8,24,2977,2.43,0.082,13.54142857,9.522857143,2470.413,2837.676,10.05,28.8,31.7
2017-08-14,26,11.7,135,3.09,0.097,13.52428571,9.544285714,1933.354,2152.174,46.5,25.75714286,28.9
2017-08-21,26.4,7.9,209,2.889,0.066,13.51714286,9.608571429,4176.977,5315.794,85.7,24.88571429,29.4
2017-08-28,27.1,17.9,1400,2.838,0.065,13.53285714,9.564285714,2472.393,2905.838,11,25.92857143,27.5
2017-09-04,26,28.8,8380,2.731,0.05,13.51285714,9.532857143,1077.598,1057.143,5,21.44285714,27.7
2017-09-11,24.9,27.8,21010,2.701,0.059,13.52142857,9.531428571,1049.823,1021.239,67,21.27142857,26.2
2017-09-18,23.5,37.85,9133,2.686,0.042,13.51428571,9.538571429,1240.65,1202.259,0,20.75714286,26.7
2017-09-25,23.5,45.3,8660,2.048,0.05,13.53285714,9.522857143,770.405,662.795,0,20.01428571,24.7
2017-10-02,,,,,,13.52857143,9.547142857,1344.477,1367.989,86,17.95714286,22.7
2017-10-09,21.5,34.35,13036,2.46,0.034,13.55571429,9.545714286,1118.591,1060.331,8.6,19.12857143,21.1
2017-10-16,19.9,27.1,9329,2.229,0.029,13.53571429,9.52,979.545,896.334,28.25,16.28571429,20.7
2017-10-23,18.35,17.5,28065.5,2.965,0.03,13.53428571,9.54,730.441,630.345,0.1,14.85714286,19.8
2017-10-30,16.85,27.85,8384.5,3.046,0.029,13.55857143,9.521428571,604.031,500.447,0.05,11.9,16.4
2017-11-06,15.4,28.6,6190,3.095,0.039,13.54571429,9.515714286,532.521,442.001,0.2,8.657142857,15.6
2017-11-13,14,19.5,7521,3.127,0.034,13.52142857,9.455714286,416.523,382.93,0,9.242857143,9.8
2017-11-20,11.2,5,3573,3.552,0.029,13.53285714,8.802857143,445.882,379.528,0,4.242857143,9
2017-11-27,9,5.3,612,3.997,0.033,13.54,8.414285714,471.294,413.784,0.1,3.585714286,8.2
2017-12-04,7.5,7.3,360,3.865,0.029,13.53142857,7.985714286,448.255,405.656,0.05,3.614285714,4.7
2017-12-11,5.8,11.4,112,4.498,0.022,13.53142857,7.808571429,450.4,350.267,0.15,0.5,1.2
2017-12-18,3.4,19.9,256,4.809,0.023,13.53,7.347142857,423.599,473.219,0,-2.642857143,5.1
2017-12-25,4.6,12.4,200,5.688,0.018,13.53571429,6.441428571,437.867,602.109,12.55,0.228571429,3.4
2018-01-01,4.3,13.9,156,4.544,0.026,13.52857143,5.581428571,449.37,619.905,0.05,-0.1,2.7
2018-01-08,3.5,20.7,0,5.126,0.03,13.52571429,4.984285714,440.381,597.372,4,-0.071428571,1
2018-01-15,3.7,19.4,0,4.398,0.034,13.53428571,4.937142857,391.267,387.761,0.65,-2.828571429,6.7
2018-01-22,5.5,25.4,59,5.397,0.028,13.56142857,4.927142857,556.846,505.604,15.1,2.157142857,-1.7
2018-01-29,1.5,20.5,0,5.74,0.031,13.53,4.898571429,311.368,185.149,0,-5.4,1.2
2018-02-05,2.3,30.4,0,5.371,0.023,13.56428571,5.48,479.462,163.562,0,-4.128571429,1.1
2018-02-12,3.9,37.7,0,5.138,0.029,13.53,7.91,432.108,35.937,0.1,-2.6,5.3
2018-02-19,3.1,28.9,35,4.82,0.029,13.54142857,8.93,449.882,261.195,0,2.457142857,8
2018-02-26,5,27,0,4.775,0.035,13.55142857,8.898571429,428.431,290.915,0.1,3.157142857,10.2
2018-03-05,7.1,36.6,0,4.741,0.029,13.56428571,8.954285714,799.051,613.214,51.05,6.314285714,9
2018-03-12,7.5,70,0,4.037,0.05,13.58285714,8.964285714,2188.977,1788.558,42,5.5,15.3
2018-03-19,9.6,44.2,0,3.806,0.044,13.54285714,8.931428571,1543.54,1388.419,53,9.428571429,12.2
2018-03-26,10.7,61.4,90,4.077,0.047,13.54285714,8.878571429,2621.759,2670.35,13.2,7.585714286,19.1
2018-04-02,12.6,32.8,194,3.94,0.049,13.56857143,9.112857143,891.014,620.847,0,15.17142857,15.2
2018-04-09,12.4,31.3,293,3.511,0.052,13.58571429,9.274285714,2574.078,2297.318,40.25,10.68571429,17.7
2018-04-16,14.2,40.8,172,3.794,0.054,13.57571429,9.261428571,1693.484,1511.327,26.05,13.55714286,21
2018-04-23,15.3,39.7,109,3.337,0.039,13.55714286,9.268571429,872.531,1100.942,60.5,15.45714286,20.3
2018-04-30,17.3,62.1,1153,3.499,0.029,13.57714286,9.437142857,2159.49,1400.839,10.5,15.77142857,21.4
2018-05-07,17.6,52.9,254,2.986,0.033,13.72285714,9.228571429,1129.421,1370.68,49.05,16.44285714,22.7
2018-05-14,18.9,24.1,39,2.808,0.024,13.82142857,9.292857143,1317.249,1574.302,9,17.32857143,24.6
2018-05-21,21.3,12.1,129,2.952,0.026,13.82428571,9.315714286,1045.665,1141.088,2.85,19.6,25.2
2018-05-28,21.6,9.7,1665,2.994,0.02,13.79142857,9.288571429,1043.767,1137.72,28,20.07142857,27.6
2018-06-04,24.1,9.4,3327,2.626,0.03,13.84571429,9.272857143,691.478,679.255,0.05,23.25714286,27.4
2018-06-11,24.5,21.2,4925,2.917,0.027,13.83,9.3,631.392,580.417,22.75,22.15714286,27.2
2018-06-18,24.4,13.05,74015,2.757,0.027,13.83285714,9.325714286,641.332,572.504,2,20.97142857,30.2
2018-06-25,25.65,21,44860,2.434,0.028,13.84285714,9.3,592.219,514.273,6.55,24.3,28.2
2018-07-02,22.1,8.6,57,3.074,0.135,13.76714286,9.435714286,4107.449,4102.182,215.55,23.94285714,27.9
2018-07-09,22.1,6.4,118,3.216,0.11,13.54285714,9.407142857,7172.059,8127.467,83.5,22.42857143,30.6
2018-07-16,26,15.7,1064,3.537,0.082,13.58285714,9.328571429,1297.098,1722.053,0,28.51428571,34
2018-07-23,28.6,15.8,9958,2.911,0.041,13.61857143,9.304285714,537.925,598.9,0,29.6,35.4
2018-07-30,30.75,39.3,137250,2.319,0.038,13.62142857,9.272857143,366.835,361.95,0.45,30.6,36
2018-08-06,31,52.2,237250,1.814,0.036,13.60571429,9.25,358.16,358.497,0,30.05714286,34.9
2018-08-13,30.45,106.05,469750,2.034,0.103,13.63428571,9.305714286,674.34,738.248,20.5,28.4,34.3
2018-08-20,29.1,52.5,750026,2.149,0.068,13.65285714,9.304285714,774.689,835.857,3,26.2,32.4
2018-08-27,24.95,11.65,2692.5,2.576,0.121,13.67142857,9.478571429,3029.119,3364.045,263.05,25.28571429,29.9
2018-09-03,24.2,7.9,822,2.75,0.095,13.56428571,9.338571429,5699.284,6687.11,57.05,24.61428571,27.6
2018-09-10,22.8,4.7,512,2.598,0.101,13.57571429,9.437142857,4900.822,5702.312,51.55,21.21428571,26.7
2018-09-17,23,9.4,1321,2.776,0.089,13.53428571,9.314285714,967.759,1399.956,19.4,21.4,25.2
2018-09-24,21.5,6.4,631,2.976,0.081,13.56,9.335714286,1435.382,1991.369,42.5,19.68571429,23.5
2018-10-01,21.2,8.2,874,3.01,0.073,13.59428571,9.305714286,874.073,1130.834,0.55,17.21428571,22.6
2018-10-08,,,,,,13.96857143,10.06571429,7296.533,8828.166,235.5,16.84285714,19
2018-10-15,17.4,7.2,250,2.785,0.094,13.56285714,9.287142857,1387.472,1911.473,0,12.35714286,19.3
2018-10-22,16.8,13.4,0,2.8,0.057,13.48714286,9.384285714,700.126,989.878,0,11.48571429,17.6
2018-10-29,15.8,17.7,338,3.047,0.041,13.07857143,9.42,498.262,748.294,3.1,11.17142857,15.4
2018-11-05,14.3,32.2,677,3.368,0.033,13.15,9.357142857,450.319,640.071,0,7.942857143,16.4
2018-11-12,14.2,33.2,534,3.278,0.032,13.03,9.271428571,594.336,868.079,22,11.17142857,14
2018-11-19,12.8,53.7,209,3.307,0.019,13.02142857,9.314285714,318.416,601.176,1,7.385714286,9.9
2018-11-26,10.4,26.8,101,3.477,0.032,13.01285714,8.855714286,276.997,612.496,1,3.642857143,11.5
2018-12-03,9.6,29.7,1132,3.775,0.031,12.94285714,8.545714286,300.18,695.271,3.55,6.285714286,5.2
2018-12-10,6.7,17.2,209,3.738,0.031,12.51,7.464285714,374.014,889.373,18,1.914285714,4.2
2018-12-17,4.7,24,165,3.492,0.035,12.50714286,6.098571429,245.037,713.279,1.5,-0.585714286,7.6
2018-12-24,5.9,19.2,52,4.186,0.036,12.51714286,5.177142857,279.174,793.397,1.05,3.528571429,1
2018-12-31,,,,,,12.54,4.884285714,251.008,666.267,0,-2.128571429,3.4
2019-01-07,3.2,16.4,35,3.982,0.023,12.52571429,4.875714286,228.075,478.886,0.05,-1.471428571,4.3
2019-01-14,4.1,9.7,0,3.927,0.028,12.53857143,4.884285714,222.263,482.829,5.05,0.671428571,4.4
2019-01-21,5.8,8.7,35,4.418,0.034,12.53285714,4.882857143,212.559,582.017,1.05,0.9,5.2
2019-01-28,4.2,15.2,134,4.544,0.033,12.53428571,4.878571429,328.343,749.914,0,0.8,5.5
2019-02-04,5.7,21.7,0,3.911,0.032,12.56571429,4.878571429,266.669,640.752,15.5,1.914285714,5.4
2019-02-11,4.2,29.1,17,3.845,0.034,12.59714286,5.804285714,291.183,235.488,0,1.857142857,5.9
2019-02-18,4.9,39.1,0,4.074,0.04,11.39,8.348571429,412.074,513.807,0.05,1.628571429,9.3
2019-02-25,6.2,46.5,57,4.06,0.037,9.405714286,9.275714286,413.819,486.467,20.5,4.385714286,11.6
2019-03-04,7,38.3,35,3.975,0.032,10.43571429,9.212857143,50.583,46.978,1.1,7.671428571,12.6
2019-03-11,8.5,33.3,56,4.162,0.024,12.28,9.23,123.539,141.059,18.75,7.857142857,11.6
2019-03-18,9.6,29.7,56,4.159,0.029,12.61857143,9.242857143,377.736,373.326,6,5.757142857,14.4
2019-03-25,11.1,26.3,67,4.763,0.029,12.58857143,9.232857143,555.198,447.451,11.6,8.657142857,14.7
2019-04-01,12.2,22,20,4.166,0.03,12.91285714,9.254285714,348.456,284.368,0.3,10.55714286,15.9
2019-04-08,13.2,22,17,3.754,0.028,13.56285714,9.247142857,537.538,394.95,0.05,11.85714286,15.9
2019-04-15,13.6,15.4,31,3.709,0.018,13.56571429,9.251428571,1061.69,962.426,37.55,10.77142857,20.6
2019-04-22,15.3,14.1,172,3.429,0.023,13.58285714,9.244285714,708.559,585.446,0,16.01428571,20.1
2019-04-29,16.5,5.3,14,3.099,0.023,13.57428571,9.271428571,974.452,912.974,68.5,13.47142857,22.6
2019-05-06,18.6,18,129,2.924,0.026,13.66714286,9.452857143,1382.445,1190.905,0.05,17.35714286,24
2019-05-13,20.1,9.2,0,2.216,0.017,13.78285714,9.905714286,633.916,557.001,0,17.78571429,27.1
2019-05-20,21.3,2.8,69,2.538,0.015,13.88285714,10.32,557.796,525.229,48,20.08571429,27.3
2019-05-27,21.9,9.5,575,2.573,0.039,13.91571429,10.35285714,437.111,530.513,15.55,20.58333333,26.2
2019-06-03,22.8,16.8,2686,2.304,0.022,13.93571429,10.35285714,590.729,723.531,1.5,20.41428571,28.1
2019-06-10,24.25,25.05,13154.5,2.302,0.039,13.93285714,10.36428571,1194.51,1143.448,22,21.78571429,27.3
2019-06-17,25.6,49.7,77547.5,2.033,0.037,13.99142857,10.34428571,789.679,811.271,1,21.37142857,27.6
2019-06-24,25.3,30.9,56308.5,1.962,0.033,13.92857143,10.35571429,648.794,849.374,43.6,23.21428571,28.4
2019-07-01,24.8,15.75,41233.5,3.333,0.087,13.94,10.33857143,2536.108,2817.083,142,23.12857143,30.6
2019-07-08,25.5,13,168266,3.342,0.089,13.58857143,9.432857143,1048.437,1086.498,0.1,23.8,28.7
2019-07-15,25.75,11.95,195132.5,2.525,0.074,13.57,9.32,932.343,924.773,119.55,23.14285714,29.9
2019-07-22,25.1,19.95,10802.5,2.71,0.098,13.53428571,9.25,2904.712,3093.714,123,24.68571429,30.5
2019-07-29,27.8,30.75,14239.5,1.844,0.038,13.51285714,9.284285714,2228.946,2458.213,9.8,27.52857143,33
2019-08-05,29.55,20.15,36786.5,1.664,0.018,13.56714286,9.241428571,978.13,926.962,0,29.34285714,33.2
2019-08-12,29.55,16.9,42337.5,1.957,0.055,13.56428571,9.235714286,1262.24,1257.842,22.5,27.61428571,32.1
2019-08-19,29.3,9.9,34845.5,1.888,0.041,13.56714286,9.271428571,899.778,782.415,1.35,27.52857143,30.6
2019-08-26,26.9,13.25,19217.5,2.194,0.092,13.55428571,9.25,1911.715,2045.682,69.5,24.77142857,28.7
2019-09-02,25.85,23.85,13979.5,2.17,0.072,13.56142857,9.268571429,1343.653,1314.726,16.5,21.91428571,27.3
2019-09-09,26.1,28.5,21765.5,2.15,0.069,13.56285714,9.284285714,1855.603,2078.614,119.7,24.22857143,28
2019-09-16,25.6,36.5,23079.5,1.635,0.042,13.63571429,10.46857143,1217.163,1249.149,15.5,22.72857143,25.4
2019-09-23,20.6,16.2,520,2.708,0.142,13.70428571,9.642857143,4729.512,4884.204,152,18.55714286,25.3
2019-09-30,22.2,15.5,889,2.63,0.092,13.57857143,9.334285714,2709.659,2767.045,2,21.08571429,24.4
2019-10-07,20,4.9,88,2.453,0.092,14.31,10.64285714,13297.048,16309.283,261.55,20.17142857,21.1
2019-10-14,19.7,7.4,308,2.556,0.109,13.56714286,9.3,1546.067,1698.263,0,15.65714286,20.1
2019-10-21,18.5,4.2,558,2.856,0.085,13.58714286,9.322857143,905.576,963.712,2.65,13.92857143,20
2019-10-28,17.5,6.6,17,3.395,0.065,13.58714286,9.318571429,1003.789,1060.516,0,14.11428571,18.7
2019-11-04,16.9,17.6,566,3.205,0.037,13.58285714,9.291428571,869.383,999.979,0,11.9,16.5
2019-11-11,14.9,48.6,321,3.149,0.034,13.58142857,9.247142857,465.693,513.057,5.5,9.714285714,13.1
2019-11-18,13.4,7.7,293,3.334,0.021,13.60857143,9.274285714,535.75,556.616,10.55,8.514285714,12
2019-11-25,11.8,10.9,867,3.728,0.021,13.56428571,9.321428571,634.265,640.836,0.05,7.4,9.9
2019-12-02,10.3,8.2,209,3.172,0.022,13.59142857,9.09,514.871,618.709,19.6,5.842857143,5.8
2019-12-09,7.6,16.7,198,3.119,0.025,13.59,7.938571429,524.112,638.711,0,0.74,8.7
2019-12-16,7.2,29.4,41,3.534,0.032,13.61428571,6.774285714,483.221,599.606,0.05,3.685714286,7.8
2019-12-23,6.2,16.9,0,3.426,0.033,13.71285714,6.534285714,427.56,460.319,0.2,3.133333333,6.5
2019-12-30,,,,,,13.71714286,6.507142857,432.839,465.712,7.1,2.385714286,5.7
2020-01-06,4.5,12.4,0,3.651,0.029,13.66714286,6.442857143,439.524,463.969,15,-0.442857143,6
2020-01-13,5.5,15,26,3.71,0.022,14.04,6.492857143,1146.334,1176.034,26.8,3.2,4.4
2020-01-20,4.2,22,31,3.577,0.028,13.78571429,6.577142857,759.369,805.181,0,0.628571429,7.7
2020-01-27,5.7,22.4,0,3.845,0.033,13.59142857,6.457142857,583.274,650.966,36.1,4.6,7.8
2020-02-03,6.7,36.7,42,4.514,0.043,13.64,6.492857143,894.685,1035.743,0.2,4.271428571,4.4
2020-02-10,5.1,50.6,0,3.509,0.039,13.65714286,6.898571429,511.505,396.175,0,0.442857143,10.2
2020-02-17,7.1,33.9,122,3.371,0.039,13.76285714,8.778571429,532.726,424.776,14.5,6.442857143,8.5
2020-02-24,7.1,41.1,31,4.217,0.032,13.63571429,9.237142857,520.916,576.317,1,4.857142857,11.4
2020-03-02,8.4,27.5,43,3.139,0.023,13.66142857,9.385714286,1822.423,1928.361,22,7.314285714,10.9
2020-03-09,8.8,18,463,3.536,0.027,13.58142857,9.324285714,794.318,870.671,9.9,6.1,11.8
2020-03-16,9.5,9.3,742,3.03,0.031,13.59285714,9.302857143,674.644,792.998,8.05,6.9,15
2020-03-23,11.4,10.2,65,3.351,0.021,13.65428571,9.24,483.987,550.052,0,11.17142857,16.9
2020-03-30,12.7,9.9,29,3.116,0.038,13.65428571,9.24,470.147,509.034,11.8,10.88571429,17.6
2020-04-06,13.7,14.7,137,3.307,0.028,13.65142857,9.302857143,417.382,414.121,0,11.28571429,17.2
2020-04-13,13.8,14.7,152,3.394,0.024,13.61571429,9.251428571,358.51,371.036,3.2,10.71428571,19.3
2020-04-20,14.9,3.3,0,3.413,0.039,13.59285714,9.281428571,370.047,439.661,41.45,12.35714286,16.5
2020-04-27,15.5,3.4,105,3.56,0.027,13.63,9.284285714,486.143,584.532,0,11.32857143,23.6
2020-05-04,19.8,2.6,106,3.709,0.027,13.58714286,9.654285714,247.341,165.796,27.05,17.8,24.4
2020-05-11,21.8,9.8,655,3.267,0.03,13.96285714,9.754285714,455.635,641.762,40.7,17.58571429,23.4
2020-05-18,21.8,25,263,3.575,0.034,14.03714286,9.861428571,685.99,886.399,15.95,18.34285714,22.5
2020-05-25,22.9,12.6,604,2.539,0.016,14.02285714,9.847142857,981.342,1401.229,0.7,17.61428571,25.6
2020-06-01,24.6,13,773,2.404,0.023,14.03285714,9.845714286,468.452,524.915,0,20.61428571,28.4
2020-06-08,27.6,6.9,856,2.255,0.024,13.97142857,9.84,510.706,489.803,0,23.75714286,29.9
2020-06-15,27.5,2.9,1189,2.16,0.068,13.98428571,10.05571429,1650.408,2141.86,93.45,24.92857143,29.3
2020-06-22,30.1,64.6,24775,2.383,0.049,14.00571429,9.857142857,992.092,1408.067,23.6,22.42857143,29.4
2020-06-29,26.8,17.3,3227,2.344,0.051,13.87,9.681428571,941.27,1226.872,67.5,23.32857143,28.4
2020-07-06,25.9,30.8,27176,2.103,0.065,13.64,9.718571429,1849.127,2438.21,20.15,21.62857143,29.4
2020-07-13,20.9,3.9,619,2.796,0.104,13.89714286,9.744285714,3545.137,3558.318,207.1,23.31428571,27.6
2020-07-20,25.6,20.9,480,2.914,0.08,13.64142857,9.475714286,5932.58,6257.397,23.45,22.31428571,28.2
2020-07-27,,,,,,13.98428571,10.11428571,12250.221,12046.371,269.2,22.85714286,29.3
2020-08-03,23.3,3.1,99,2.385,0.123,14.03428571,9.872857143,12565.18,11265.629,55.75,25.21428571,29
2020-08-10,,,,,,15.65,12.07571429,25821.876,28502.512,372.2,25.87142857,30.8
2020-08-17,26.4,16.4,403,2.161,0.081,14.02142857,10.05428571,14175.48,14013.707,1.7,28.1,33.5
2020-08-24,29.8,17.8,911,2.347,0.056,13.62571429,9.385714286,1868.903,2148.284,1.6,27.51428571,31.9
2020-08-31,28.8,14.3,6277,2.551,0.073,13.58,9.28,2440.831,2892.602,90.7,26.55714286,29.5
2020-09-07,,,,,,13.87,9.741428571,12117.577,11894.832,172.5,22.78571429,26.8
2020-09-14,25.3,10.3,6363,2.271,0.098,13.62428571,9.298571429,5596.027,5538.573,14,21.57142857,25.6
2020-09-21,23.8,12,1832,2.377,0.092,13.63857143,9.285714286,2114.314,2071.172,7.2,19.24285714,23.9
2020-09-28,23.6,6.4,955,2.568,0.057,13.65428571,9.361428571,1022.795,1136.422,0,17.74285714,23.7
2020-10-05,21.9,26.2,2381,3.17,0.043,13.63571429,9.267142857,824.284,876.187,1.2,18.12857143,21.7
2020-10-12,20.9,24.2,4319,2.691,0.037,13.69142857,9.235714286,708.985,636.991,0,16.45714286,19.9
2020-10-19,19.6,30.1,2953,2.94,0.034,13.67285714,9.327142857,655.795,531.311,0,12.3,18.4
2020-10-26,17.6,42.1,2070,3.124,0.028,13.64571429,9.291428571,674.603,490.784,15.1,11.52857143,17.5
2020-11-02,16.3,60.8,2370,2.912,0.027,13.68571429,9.305714286,667.999,499.439,2.3,11,14.2
2020-11-09,13.9,61.1,960,3.306,0.029,13.69285714,9.278571429,640.062,454.935,0,8.257142857,15.5
2020-11-16,13.8,10,3294,3.197,0.033,13.65857143,9.312857143,581.288,416.209,0,8.442857143,15.8
2020-11-23,13.5,3.9,846,3.63,0.028,13.59714286,9.24,743.553,642.271,15.55,11.68571429,9.2
2020-11-30,10.8,6.9,2602,3.603,0.026,13.58428571,9.248571429,567.637,473.687,0,4.457142857,7.2
2020-12-07,8.6,4.3,1436,3.061,0.021,13.64142857,8.202857143,655.515,711.26,0,2.057142857,7.7
2020-12-14,7.1,14.6,8227,3.746,0.026,13.65285714,6.86,684.057,648.491,0.05,2.342857143,1.6
2020-12-21,4,18.9,670,3.821,0.019,13.65285714,5.615714286,667.596,712.035,0,-2.757142857,6.2
2020-12-28,4.6,17.3,139,3.58,0.025,13.59428571,4.907142857,596.198,426.004,3,1.828571429,1.5
2021-01-04,2.9,23.9,151,4.046,0.028,13.61428571,4.905714286,516.82,589.662,2.45,-1.728571429,-2.4
2021-01-11,,,,,,13.59714286,4.94,446.253,325.352,0.05,-5.885714286,4.1
2021-01-18,3.7,34.1,41,4.772,0.028,13.63285714,4.957142857,581.655,368.159,1.2,1.657142857,6.3
2021-01-25,5.9,39.5,0,4.895,0.038,13.60714286,4.965714286,570.969,541.412,3.2,4.342857143,6.4
2021-02-01,4.9,28.7,0,5.211,0.038,13.63714286,5.458571429,581.868,305.729,23.5,2.6,6.6
2021-02-08,4.9,37.4,36,4.534,0.036,13.59285714,7.508571429,337.101,74.265,0.3,1.957142857,10.5
2021-02-15,6.2,43.9,0,4.836,0.035,13.66142857,8.751428571,467.639,154.687,3.1,4.557142857,7.6
2021-02-22,6.8,64,21,4.568,0.037,13.61142857,9.252857143,454.934,355.284,0.05,4.442857143,11.5
2021-03-01,7.5,63.5,0,4.78,0.039,13.60285714,9.288571429,462.812,402.614,43,6.314285714,11.7
2021-03-08,9.8,46.8,0,4.596,0.046,13.71571429,9.39,1284.446,1113.007,9.2,6,14.8
2021-03-15,11.3,51.1,0,3.843,0.049,13.59428571,9.247142857,778.519,727.185,19.4,9.442857143,16
2021-03-22,11.5,33.6,0,4.233,0.048,13.6,9.234285714,696.276,590.844,6.7,10.44285714,16.8
2021-03-29,14.7,30.9,752,3.464,0.044,13.57571429,9.244285714,760.627,638.648,40.3,11.97142857,18.9
2021-04-05,14.2,33,48,3.177,0.044,13.62571429,9.28,2082.501,1868.364,31.9,13.2,17.9
2021-04-12,15.5,23.6,1763,3.673,0.03,13.61,9.314285714,1413.482,1351.811,21.7,11.9,17.8
2021-04-19,18.1,15.4,1639,3.245,0.046,13.72142857,9.282857143,1051.232,922.934,0.3,12.18571429,23.2
2021-04-26,20.4,7.5,0,2.841,0.03,13.73571429,9.231428571,491.342,443.816,0.05,16.88571429,20.6
2021-05-03,19.2,2.7,0,2.451,0.026,14.01857143,9.277142857,495.652,467.045,6.4,15.01428571,22.1
2021-05-10,18.8,5.8,0,3,0.036,14.06,9.288571429,691.327,591.834,18.5,15.9,24.1
2021-05-17,20.3,8.9,87,3.222,0.042,14.11142857,9.231428571,1372.951,1268.892,50.35,19.27142857,24.3
2021-05-24,23,9.5,0,2.637,0.041,14.05714286,9.242857143,2281.622,2038.198,19.3,19.42857143,24.2
2021-05-31,24.3,8,46,2.17,0.024,13.93285714,9.981428571,1398.927,1381.47,22.65,18.31428571,26.6
2021-06-07,26.4,6.7,160,2.402,0.034,13.91571429,10.39285714,1500.028,1885.489,22.25,21.2,28.4
2021-06-14,25.7,12.4,149,2.763,0.041,13.94714286,10.47428571,1089.535,1525.898,7.65,23.72857143,28
2021-06-21,26.5,34.2,497,2.54,0.044,13.98,10.47857143,1052.207,1516.949,16.2,22.41428571,27.1
2021-06-28,28.5,19.9,47288,1.974,0.026,13.95571429,10.40714286,986.855,1599.621,25.2,22.27142857,28.5
2021-07-05,25.9,17,83070,1.923,0.042,14.00285714,9.947142857,1560.55,1715.148,79.95,23.87142857,29.1
2021-07-12,25.6,8,213,2.751,0.144,13.96714286,9.874285714,9845.692,8190.891,144.1,24.54285714,32.5
2021-07-19,27.3,32.5,49,2.638,0.07,14.01571429,9.898571429,2997.356,2907.731,2.45,26.41428571,33.6
2021-07-26,30,58,188054,2.178,0.052,13.67,9.367142857,1291.595,1434.56,0,26.65714286,33.7
2021-08-02,30.3,44.6,113360,2.055,0.044,13.67285714,8.827142857,1108.452,978.837,24.4,27.91428571,33
2021-08-09,29.6,8.4,1795,1.882,0.062,13.59571429,8.868571429,1902.846,1694.347,78.9,27.45714286,31.1
2021-08-16,27.6,8.4,18375,2.352,0.1,13.66,9.002857143,1630.797,1735.493,22.85,24.3,30
2021-08-23,26.4,10.6,9620,2.201,0.076,13.63857143,8.968571429,1344.84,1752.74,87.65,23.42857143,28.8
2021-08-30,24.2,4.8,516,2.446,0.116,13.84571429,9.38,9089.112,11361.502,109,24.12857143,26.7
2021-09-06,22,4.3,430,2.793,0.125,13.61,8.915714286,5772.002,7285.756,23,22.12857143,27.4
2021-09-13,23.6,15.7,677,2.775,0.08,13.64428571,8.838571429,1785.857,2586.37,0.4,21.9,26.7
2021-09-20,23.4,9.3,244,2.643,0.059,13.54714286,8.778571429,1372.866,1951.474,6.15,21.2,25.8
2021-09-27,23.1,15.2,4010,2.582,0.064,13.56571429,8.78,1071.048,1493.997,39.5,20.47142857,25.9
2021-10-04,23.8,11.2,653,2.413,0.052,13.61285714,8.835714286,1015.25,1354.007,53.55,21.4,25.5
2021-10-11,23.2,9.3,1128,2.529,0.046,13.61428571,8.878571429,640.525,854.961,20.6,21.67142857,20.2
2021-10-18,19.7,13,280,2.698,0.052,13.62285714,8.805714286,931.202,1400.762,17.6,14.47142857,16.1
2021-10-25,17.5,20.4,177,2.223,0.041,13.54714286,8.818571429,703.967,952.666,0.05,10.41428571,18.8
2021-11-01,16.4,38.4,2584,2.468,0.024,13.57142857,8.775714286,492.463,650.35,0,11.42857143,18.2
2021-11-08,15.6,9.8,539,2.927,0.026,13.55142857,8.777142857,663.068,855.688,29.7,10.62857143,12.4
2021-11-15,13.7,8.3,217,2.259,0.024,13.56,8.777142857,629.188,835.818,0.35,7.685714286,15.4
2021-11-22,12.3,35.2,753,2.698,0.024,13.58,8.824285714,430.227,499.111,0.05,8.571428571,9.6
2021-11-29,10.3,32.1,1453,2.448,0.027,13.59571429,8.797142857,485.741,602.546,0.05,5.2,8.9
2021-12-06,8.4,23.5,640,2.855,0.027,13.57571429,8.222857143,746.137,937.288,13.65,3.642857143,11.2
2021-12-13,7.9,28.7,73,3.181,0.03,13.58,7.022857143,595.392,703.003,0,4.8,5.3
2021-12-20,5.5,12.9,0,3.79,0.036,13.55428571,5.815714286,714.866,1020.326,1.2,1.914285714,5.2
2021-12-27,3.1,8.2,16,3.316,0.03,13.55571429,4.937142857,635.722,360.129,0,0.342857143,2.8
2022-01-03,3.1,6,0,3.584,0.032,13.57285714,4.96,704.753,363.222,0,-0.014285714,5.1
2022-01-10,2.8,11.1,0,3.507,0.029,13.54571429,4.977142857,670.147,335.478,0,0.285714286,2
2022-01-17,2.5,14.8,24,3.018,0.029,13.58714286,4.944285714,649.823,331.05,0,-0.971428571,3.9
2022-01-24,3.6,16.2,0,3.951,0.036,13.57571429,4.978571429,644.527,320.197,0,0.371428571,6
2022-01-31,5.4,18,0,4.239,0.03,13.55571429,4.967142857,665.383,332.39,0,1.471428571,2.9
2022-02-07,,,,,,13.69571429,4.925714286,378.529,185.976,0,-0.514285714,7.7
2022-02-14,4.9,12.8,0,3.772,0.028,13.89428571,5.034285714,186.141,90.067,0,3.214285714,3.8
2022-02-21,4.7,14.4,0,4.024,0.035,14.09142857,5.745714286,516.734,97.538,0,-0.7,6.7
2022-02-28,4.9,11.2,0,4.092,0.037,13.65142857,9.188571429,558.497,215.808,0.05,2.957142857,10.5
2022-03-07,7.4,9.8,0,4.686,0.033,13.54142857,9.412857143,362.267,358.476,0.1,6.185714286,16
2022-03-14,9.8,12.6,0,3.825,0.025,13.53,9.412857143,349.823,352.625,5.2,10.85714286,13.7
2022-03-21,9.9,15.2,0,3.96,0.027,13.76714286,9.368571429,773.792,789.335,18.5,8.157142857,14.8
2022-03-28,11.8,26.5,0,3.465,0.037,13.62285714,9.56,831.105,1098.69,38.8,10.12857143,14.8
2022-04-04,14.2,22.9,53,2.732,0.026,13.68342857,9.139042857,828.646,931.16,1.4,11.22857143,19.9
2022-04-11,16.9,20.8,0,2.45,0.032,13.64942857,8.961142857,613.003,565.246,1,15.21428571,20.4
2022-04-18,17.5,22.7,206,2.338,0.032,13.64971429,8.946285714,559.198,548.127,0.1,14.45714286,22.9
2022-04-25,21,3.1,0,2.32,0.025,13.64171429,8.883142857,478.421,453.693,6.8,17.21428571,22.3
2022-05-02,18.8,3.5,0,2.663,0.04,13.59085714,8.864,705.797,734.505,34,15.1,23.4
2022-05-09,21,0.8,0,2.697,0.037,13.57114286,8.863714286,567.237,577.584,0.05,17.22857143,23.3
2022-05-16,20.8,13.4,0,2.781,0.043,13.56857143,8.860857143,533.362,535.499,1.5,17.97142857,27.2
2022-05-23,23.5,7.2,541,3.056,0.021,13.52571429,8.838571429,392.819,384.782,0.7,20.94285714,28.7
2022-05-30,23.8,10.4,697,2.848,0.026,13.54428571,8.849428571,358.248,347.298,0.05,22.74285714,27.7
2022-06-06,23.6,28.4,16916,2.549,0.029,13.55714286,8.884,522.717,510.774,33.9,21.88571429,26.1
2022-06-13,24.6,54.3,65232,1.981,0.034,13.56914286,8.838,628.181,666.225,8.5,19.97142857,27.4
2022-06-20,28.9,46.3,94713,1.596,0.026,13.54,8.949428571,630.391,622.096,5.3,23.27142857,30.2
2022-06-27,26.2,44,43827,1.608,0.032,13.67914286,9.040285714,860.311,909.856,43.2,26.44285714,30
2022-07-04,29.4,105.9,42050,1.573,0.068,13.77171429,9.112571429,824.021,859.325,2.35,27.3,32
2022-07-11,28.9,23.8,37922,1.764,0.058,13.58,8.940571429,691.712,764.635,12.25,27.84285714,30.3
2022-07-18,28.8,19.6,123340,1.665,0.066,13.66,8.806757143,1071.715,1098.929,76.85,25.68571429,30.3
2022-07-25,29.2,62.6,165744,1.472,0.067,13.62571429,8.814571429,1130.784,1259.837,7.95,26,32.1
2022-08-01,28.8,49.3,134195,1.138,0.069,13.74142857,8.778,670.488,608.858,40.95,26.84285714,32.3
2022-08-08,30.4,65.7,148645,1.13,0.05,13.85857143,9.020471429,715.313,743.024,61.9,28.02857143,30.8
2022-08-15,,,,,,13.87457143,8.824571429,3173.974,3415.536,32.65,27.44285714,31
2022-08-22,26.8,12.8,635,2.797,0.083,13.68514286,8.771428571,2530.084,3079.24,48.4,25.95714286,28.8
2022-08-29,25.5,32.5,2680,2.603,0.078,13.68428571,8.812571429,1071.481,1197.961,21.7,22.08571429,26.6
2022-09-05,,,,,,13.606,8.799428571,2134.677,2684.325,100.4,22,27
2022-09-12,23.3,11.7,194,3.373,0.096,14.12667143,10.72114286,5648.527,7319.557,90.1,21.15714286,27.7
2022-09-19,24.1,23.9,1509,3.314,0.059,13.62857143,9.228571429,988.179,1523.049,0.95,24.7,24.4
2022-09-26,22.5,57.2,1512,3.26,0.039,13.59142857,8.797714286,760.291,787.957,0.05,17.65714286,26.7
2022-10-03,23,59.6,1486,2.914,0.032,13.62057143,8.776857143,678.48,649.94,2,19.71428571,20.7
2022-10-10,20.4,39.5,3664,3.255,0.031,13.60714286,8.795714286,895.439,899.527,17.5,16.65714286,21.2
2022-10-17,20.5,37.3,4855,2.686,0.043,13.63142857,8.763142857,587.723,524.938,0,14.6,18
2022-10-24,17.9,8.3,1413,2.694,0.027,13.59285714,8.748,500.729,430.103,0.1,11.05714286,17.7
2022-10-31,17.1,3.1,1359,3.019,0.025,13.61,8.717428571,460.069,398.181,0,11.52857143,16.6
2022-11-07,14.8,10.9,4087,3.143,0.036,13.60571429,8.752585714,501.022,389.244,0,8.742857143,17.5
2022-11-14,14.9,13.7,9868,3.133,0.032,13.61467143,8.772357143,521.389,435.963,30.3,11.75714286,15.6
2022-11-21,14.1,24.8,80165,2.88,0.024,13.60675714,8.774285714,801.477,788.832,0,8.942857143,14.6
2022-11-28,12.6,17.1,39504,2.355,0.024,13.55078571,8.763771429,437.849,456.213,25.9,8.814285714,7.1
2022-12-05,9.1,3.6,1218,3.16,0.03,13.5874,8.2965,671.722,915.942,21.3,2.871428571,7.3
2022-12-12,7.6,46,847,3.534,0.039,13.65571429,6.975714286,501.019,625.928,0.1,2.542857143,1.7
2022-12-19,4.8,19.2,301,2.765,0.034,13.70142857,5.898442857,551.075,787.838,0.1,-1.314285714,0.7
2022-12-26,,,,,,13.67428571,5.025714286,546.013,459.861,2.1,-2.542857143,2.8
2023-01-02,4.6,14.8,37,3.517,0.022,13.69571429,4.975071429,810.06,457.72,0,-1.171428571,4.2
2023-01-09,2.9,11.7,0,3.35,0.022,13.69571429,4.972857143,702.698,442.427,0.2,0.128571429,9.1
2023-01-16,4.3,11.9,0,3.352,0.033,13.74428571,4.989742857,846.265,511.059,36.1,4.5,3
2023-01-23,2.4,14.3,0,4.317,0.032,13.69285714,5.389742857,762.363,598.493,0,-0.957142857,-1
2023-01-30,,,,,,13.71285714,5.711428571,362.36,252.182,0,-3.842857143,5
2023-02-06,,,,,,13.82142857,7.469342857,585.507,129.602,0,1.028571429,9.4
2023-02-13,4.4,13.6,0,3.58,0.035,13.64571429,9.3361,416.089,250.455,20.9,3.614285714,8.4
2023-02-20,5.5,17,0,4.132,0.036,13.57428571,9.378971429,226.032,222.422,0.1,4.5,7.7
2023-02-27,6.4,18.5,0,4.058,0.036,13.60142857,9.460771429,314.495,281.428,0,3.628571429,12.2
2023-03-06,8.4,18.1,0,,,13.55,9.480257143,293.928,290.551,0,6.657142857,18.2
2023-03-13,10.6,13.5,0,,,13.56,9.465971429,324.8,319.668,3.4,11.2,14.5
2023-03-20,12.4,6.2,0,,,13.55337143,9.478828571,297.188,299.108,0,10.34285714,17.9
2023-03-27,13,12,0,,,13.56012857,9.488314286,370.356,377.32,18.55,12.32857143,20.7
2023-04-03,16,9.6,0,3.7,0.033,13.54857143,9.464814286,294.327,309.82,0,13.14285714,18.2
2023-04-10,15.9,5.8,0,3.509,0.043,13.57727143,9.462728571,478.739,499.592,30.3,12.42857143,18.9
2023-04-17,16,2,0,3.225,0.035,13.54857143,9.362471429,349.764,356.42,2.25,13.38571429,21.2
2023-04-24,17.8,7.3,0,3.097,0.032,13.55142857,9.365714286,230.336,229.951,0.05,16.44285714,19.9
2023-05-01,18.4,4.3,0,3.02,0.045,13.53078571,9.322457143,280.236,315.996,12.1,14.05714286,22.1
2023-05-08,17.7,6.5,0,3.239,0.042,13.48818571,9.239771429,1461.075,2267.568,133.2,15.44285714,23.5
2023-05-15,21.7,9.8,0,2.533,0.021,13.56064286,9.247671429,781.502,869.01,0,18.02857143,26.6
2023-05-22,22.6,25.6,207,2.867,0.019,13.53792857,9.251171429,429.743,432.711,10,19.72857143,25.4
2023-05-29,21.9,4.6,401,2.456,0.059,13.55428571,9.263342857,961.717,1182.646,78.2,20.18571429,26.7
2023-06-05,25.1,35.3,7456,3.363,0.058,13.55,9.261414286,1563.306,2240.537,3.7,20.9,27.8
2023-06-12,28.1,24.6,102214,3.002,0.026,13.56571429,9.2574,595.353,600.902,5.8,23.15714286,29.1
2023-06-19,29.2,68.3,82568,2.793,0.044,13.55091429,9.219857143,761.155,937.358,1.65,23.64285714,28.8
2023-06-26,26.8,11,32646,2.691,0.041,13.52622857,9.251257143,839.695,1018.115,79.4,23.41428571,29.5
2023-07-03,,,,,,13.53052857,9.2935,6416.705,8930.505,105.95,25.37142857,30.6
2023-07-10,,,,,,13.47068571,9.2829,7603.537,9492.407,82.3,24.81428571,28.8
2023-07-17,,,,,,14.96121429,10.96168571,24955.675,26777.8,171.4,25.32857143,30.2
2023-07-24,,,,,,14.30214286,10.3913,16502.918,20347.563,168.8,25.31428571,31.4
2023-07-31,28.2,22.2,1514,2.432,0.096,13.55571429,9.289357143,3391.779,4895.997,0.45,27.51428571,33.8
2023-08-07,32.3,13.6,5260,2.411,0.066,13.57428571,9.247142857,993.125,1221.74,0,29,31.7
2023-08-14,26.1,3.4,346,2.449,0.16,14.24838571,10.20472857,12381.511,16071.612,140.25,26.8,31.8
2023-08-21,29,11.1,905,2.987,0.106,13.54727143,9.245328571,1608.547,2218.122,37.85,27.31428571,30.8
2023-08-28,28.7,8.3,288,2.357,0.085,13.53505714,9.259585714,3483.354,5023.103,99.2,26.08571429,28.4
2023-09-04,26.1,7.6,832,2.503,0.14,13.94047143,10.04312857,11146.756,14056.197,233,24.7,29.6
2023-09-11,28.1,20.2,22472,2.369,0.101,13.51752857,9.27,1349.263,1899.743,0,24.01428571,27.6
2023-09-18,,,,,,13.52571429,9.286242857,2775.921,4047.424,80.05,24.08571429,26.7
2023-09-25,21.9,,,2.566,0.137,13.78274286,9.613571429,9380.805,10740.54,63.8,21.21428571,25
2023-10-02,22.4,10.8,2275,2.659,0.065,13.54325714,9.332985714,3526.619,4814.249,9.4,20.42857143,22
2023-10-09,21,19.9,1064,2.787,0.042,13.51752857,9.442471429,1572.912,2298.309,1.35,16.9,21.8
2023-10-16,20.5,13.6,2186,2.576,0.037,13.56414286,9.286471429,878.251,1045.969,0,15.98571429,19.1
2023-10-23,19.2,12,2863,2.949,0.037,13.57115714,9.264957143,722.395,755.253,5.05,13.21428571,20
2023-10-30,18.6,11.4,1981,2.851,0.048,13.5622,9.268842857,670.597,666.511,0,14.02857143,20.9
2023-11-06,19.2,50,2664,2.732,0.028,13.5774,9.244557143,631.606,604.668,23.2,17.02857143,13.7
2023-11-13,14.8,35,1108,2.646,0.018,13.57038571,9.245157143,722.534,725.838,13.5,8.257142857,10.7
2023-11-20,12.5,5.6,1004,2.872,0.019,13.57441429,9.248971429,656.886,657.644,9.8,5.771428571,10.6
2023-11-27,10.4,9.2,372,3.118,0.023,13.55934286,9.237542857,583.332,545.623,0.1,6.385714286,6.8
2023-12-04,8.8,8.5,627,3.314,0.033,13.54545714,8.951042857,556.481,565.852,0,3.228571429,12.5
2023-12-11,8.9,14.4,1257,3.35,0.026,13.55714286,9.181685714,705.459,647.521,41.8,8.171428571,8.6
2023-12-18,6.7,15.5,21,3.559,0.074,13.53884286,8.894928571,3462.816,3689.94,48.4,4.8,-0.4
2023-12-25,4.1,11.3,30,3.41,0.062,13.5387,9.277471429,1174.713,1366.973,0.05,-2.528571429,6.3
