Date,WT_NDB,Chla_NDB,Cyanocell_NDB,TN_NDB,TP_NDB,WL_UP_SJB,WL_NDB,Discharge_UP_SJB,Discharge_NDB,Prec_NDB,Temp_NDB,Forecast_Temp_NDB
2012-01-09,1,2.2,0,2.851,0.037,38.86,30.75142857,0,0,0.05,-2.985714286,4
2012-01-16,2.1,2.3,0,2.78,0.035,38.85,30.7,0,0,0.05,-1.042857143,6.5
2012-01-23,0.5,1.8,0,2.894,0.025,38.77285714,30.7,0,0,5.7,0.528571429,1.7
2012-01-30,1.2,1,0,2.856,0.021,38.77,30.74285714,0,0,2,-2.928571429,1.4
2012-02-06,0.6,2,0,2.701,0.037,38.77,30.75,0,0,13.3,-5.5,2.3
2012-02-13,2,2.7,0,2.715,0.027,38.77,30.75,0,0,0.1,-2.728571429,3.5
2012-02-20,2,3.2,0,2.423,0.023,38.77,30.75,0,0,0,-1.328571429,8.1
2012-02-27,3,2.4,0,2.483,0.017,38.77,30.75,0,0,0.4,1.785714286,8.9
2012-03-05,6.3,4.4,0,2.184,0.026,38.88285714,33.31571429,0,0,19.5,4.042857143,8.8
2012-03-12,7.8,2.9,0,2.187,0.033,39.31142857,34.37857143,0,0,1.5,3.071428571,10.7
2012-03-19,10,23.6,0,2.358,0.041,43.32142857,36.69571429,0,0,11,5.857142857,9.7
2012-03-26,9.9,44.2,0,2.772,0.044,46.52428571,37.33,0,0,28,4.942857143,13.4
2012-04-02,11.1,18.5,0,2.213,0.042,47.1,39.81714286,0,0,14.1,8.842857143,13.5
2012-04-09,14.5,19.1,0,2.655,0.03,47.03428571,39.95142857,0,0,15.3,9.728571429,18.6
2012-04-16,19.6,17.7,0,2.419,0.027,47.06428571,40.05857143,0,0,3,13.88571429,19.2
2012-04-23,16.5,25,0,2.171,0.049,46.98857143,40.06857143,0,0,38.3,13.42857143,21.4
2012-04-30,19.1,34.5,0,,,46.99428571,40.04,0,0,24.7,16.18571429,24.1
2012-05-07,22.3,17.5,0,2.287,0.036,47.08428571,40.06428571,0,0,1.5,19.38571429,23.9
2012-05-14,18.3,31.3,407,2.285,0.043,47.07714286,39.97857143,0,0,19.7,15.98571429,23.9
2012-05-21,23.5,8.9,0,2.32,0.04,47.08571429,40.08428571,0,0,3,17.88571429,27.3
2012-05-28,24.4,3.3,44,2.118,0.039,46.96428571,39.84714286,0,0,35.1,20.42857143,27
2012-06-04,26,4.4,56,2.029,0.049,47.08428571,40.04142857,0,0,4.5,20.12857143,28.2
2012-06-11,25.1,7.8,50,1.939,0.037,46.38428571,40.00428571,97.771,45.339,17.1,21.97142857,27.7
2012-06-18,26,7.9,1659,1.522,0.052,47.08,40.05142857,0,0,9.5,21.47142857,28.8
2012-06-25,25.2,11.3,717,1.345,0.03,47.02857143,40.10714286,0,0,1.1,22.95714286,27.4
2012-07-02,26.7,12.5,1305,1.495,0.031,47.10285714,40.10571429,0,0,28,22.34285714,28.1
2012-07-09,26.8,24.6,92,3.338,0.13,47.12,40.03285714,0,0,132,24.27142857,27.3
2012-07-16,21.5,5.5,185,2.703,0.121,47.15428571,40.01571429,2160.648,2767.69,92.8,23.41428571,28.2
2012-07-23,29.6,48,1848,3.269,0.118,47.07714286,40.08142857,2472.733,3404.753,47,25.1,33.2
2012-07-30,30.25,26.15,4780.5,2.73,0.048,47.06857143,40.07571429,716.714,968.805,0,28.24285714,33.4
2012-08-06,31.36666667,20.43333333,36595.33333,2.324,0.041,47.02428571,40.04857143,423.451,462.328,0,28.57142857,31.7
2012-08-13,26.44285714,14.48571429,884.4285714,1.913,0.052,47.06285714,40.10571429,1006.334,1229.825,70,25.51428571,30
2012-08-20,26.74,24.52,1174.4,2.466,0.2,47.15,40.1,4195.705,5296.605,93.5,25.5,30.4
2012-08-27,24.3,8.175,398,2.788,0.093,46.99857143,40.04285714,3595.133,4739.284,47.7,24.12857143,29.4
2012-09-03,24.66666667,9.9,512,2.546,0.076,47.12571429,40.12571429,4104.511,5037.075,114.1,22.82857143,27.6
2012-09-10,22.5,9.85,132,2.062,0.099,47.03714286,40.16,2770.88,3939.677,119.1,20.58571429,25.3
2012-09-17,20.85,2.55,158,2.779,0.089,46.82428571,40.10428571,2864.467,4476.062,183,18.8,25.2
2012-09-24,22.05,32.5,110,3.142,0.082,47.11285714,40.04285714,3740.631,5453.097,0,18.4,24.8
2012-10-01,24.3,47.5,228,3.081,0.058,47.08714286,39.55142857,895.114,1082.853,0,16.38571429,24.4
2012-10-08,20.7,44,84,2.641,0.034,47.13571429,40.11857143,628.505,735.515,0,15.52857143,22.1
2012-10-15,18.65,51.85,0,2.481,0.027,47.12142857,40.13,622.568,688.432,0.5,12.85714286,20.9
2012-10-22,16.3,22.7,98,2.373,0.03,47.13,40.15285714,558.631,607.814,29,12.08571429,19
2012-10-29,14.95,17.9,82,2.248,0.021,47.13571429,40.15857143,641.159,781.689,15.6,11.42857143,14.4
2012-11-05,13.6,14.4,0,2.704,0.023,47.12,40.06,556.509,484.27,5.5,7.585714286,14.2
2012-11-12,11.8,18.1,0,2.386,0.021,47.12285714,40.14142857,579.421,638.85,23.5,9.071428571,11
2012-11-19,10,6.9,164,2.44,0.026,47.13,40.15142857,607.573,824.379,10.4,4.342857143,10.6
2012-11-26,7.4,16.4,0,2.687,0.02,47.08428571,40.16,508.398,757.583,0.9,3.1,7.7
2012-12-03,5.4,13.6,0,2.59,0.019,47.06857143,40.15142857,436.588,531.238,2.5,1.228571429,3.4
2012-12-10,2.7,8.7,0,2.721,0.017,47.05285714,40.12571429,384.121,519.049,8,-4.557142857,5.4
2012-12-17,3.3,1.6,0,2.718,0.019,47.13714286,40.15285714,628.499,694.785,20.6,-1.128571429,2.8
2012-12-24,,,,,,47.04285714,40.11714286,573.164,724.774,5,-4.257142857,1.2
2012-12-31,,,,,,46.99285714,40.09714286,363.51,548.951,6.1,-4.842857143,-0.6
2013-01-07,,,,,,46.94142857,40.05,300.202,366.037,7.5,-6.857142857,3
2013-01-14,,,,,,47.10285714,40.06514286,500.56,316.096,0,-3.6,4.1
2013-01-21,,,,,,46.97857143,40.06857143,398.833,323.503,27,-1.571428571,2.7
2013-01-28,,,,,,46.91742857,40.06714286,454.784,575.145,4,-2.185714286,7.4
2013-02-04,,,,,,46.85428571,40.13142857,1015.442,1172.188,25.5,1.957142857,2
2013-02-11,,,,,,47.00142857,40.18571429,734.888,794.491,3.5,-4.185714286,4.7
2013-02-18,,,,,,47.02857143,40.11,579.749,585.93,0.4,-0.057142857,5.4
2013-02-25,,,,,,47.07142857,40.06285714,465.99,391.49,0.4,0.071428571,8.9
2013-03-04,5.2,23.5,0,3.223,0.027,47.01714286,40.08,405.964,428.101,3.5,3.6,14.6
2013-03-11,8.9,34.5,0,2.7,0.027,47.04,40.07571429,432.914,438.934,2,7.771428571,13
2013-03-18,10.8,12,0,2.546,0.019,47.13714286,40.23714286,613.885,630.852,37.2,7.685714286,13
2013-03-25,11.1,9.9,0,2.73,0.03,47.13428571,40.19428571,870.168,1166.237,0,6.028571429,13.5
2013-04-01,11.1,19.9,0,2.817,0.048,47.05142857,40.15857143,529.474,624.281,0.4,8.142857143,16
2013-04-08,13.3,15.8,52,2.646,0.028,47.04571429,40.23428571,612.005,858.476,28.5,9.6,14.7
2013-04-15,11.3,19.1,0,2.794,0.029,46.86571429,40.10714286,624.442,912.446,1.8,7.814285714,17
2013-04-22,13.1,12.5,0,2.552,0.023,46.92285714,40.17571429,454.546,546.573,11.1,10.25714286,18.6
2013-04-29,14.3,17.8,0,2.529,0.033,46.97,40.24285714,658.674,881.033,30,12.14285714,19.1
2013-05-06,17.7,16.1,0,2.347,0.028,47.06857143,40.18857143,624.71,737.99,0,14.45714286,23.8
2013-05-13,21.6,13.3,0,2.137,0.034,46.92571429,40.18571429,455.357,583.099,18.5,18.75714286,24.7
2013-05-20,21.5,5.4,0,2.277,0.04,46.97285714,40.15571429,528.687,649.363,41.5,17.91428571,28.4
2013-05-27,23.8,4.3,0,2.446,0.046,46.99,40.19857143,626.657,736.805,29.5,21.51428571,24.8
2013-06-03,23.1,39.7,0,2.496,0.077,47.15285714,40.28714286,1508.192,1863.775,16.1,19.9,29.4
2013-06-10,24.6,17.1,0,1.976,0.03,47.28571429,40.27,845.383,921.94,2.5,22.24285714,28.4
2013-06-17,26.9,22.7,540,1.88,0.043,47.20028571,40.29428571,874.757,965.543,6.75,22.84285714,27.7
2013-06-24,25.5,28.2,0,3.944,0.125,47.04571429,40.19142857,4198.811,4962.807,112.55,23.37142857,29.6
2013-07-01,27.8,18.1,0,2.137,0.058,47.18857143,40.16142857,1219.01,1481.461,4,24.32857143,27.2
2013-07-08,25.1,9,0,2.62,0.096,47.02571429,40.19857143,2321.45,3227.414,93,24.98571429,30.3
2013-07-15,28.1,55.1,204,2.989,0.083,47.14714286,40.17285714,1154.764,1518.246,22.2,26.57142857,30.6
2013-07-22,29.2,24.9,800,2.265,0.05,47.26142857,40.22714286,1122.421,1219.335,3.6,27,30.1
2013-07-29,28.83333333,24,1380,2.006,0.047,47.14,40.19428571,866.779,946.994,22.6,26.37142857,30.8
2013-08-05,29.73333333,57.13333333,593.3333333,2.152,0.143,47.32714286,40.36,1629.423,1965.411,44.3,26.1,33.7
2013-08-12,32.36666667,25.03333333,4584,1.808,0.063,47.28571429,40.33571429,1262.559,1497.443,36.5,28.34285714,34.5
2013-08-19,31.03333333,31.26666667,20916,2.163,0.037,47.19142857,40.16428571,783.978,711.461,0,28.31428571,31.7
2013-08-26,28.93333333,34.26666667,24829,1.767,0.054,47.21,40.23,899.369,940.723,48.05,25.31428571,29.4
2013-09-02,27.25,19.5,12926,1.645,0.042,47.20714286,40.20571429,766.895,689.354,1,24.15714286,27.6
2013-09-09,26.55,8.25,219,2.018,0.042,47.14857143,40.14428571,695.053,515.125,3.5,19.54285714,27.2
2013-09-16,26.7,12.1,904,1.676,0.06,47.2,40.21428571,956.783,1232.731,55.1,21.05714286,28.4
2013-09-23,27.4,29,180,2.164,0.057,47.17142857,40.16571429,611.296,816.325,0,20.61428571,24.7
2013-09-30,24,9.3,84,2.121,0.04,47.18,40.22571429,675.943,931.933,75.1,18.15714286,24.3
2013-10-07,23.5,96.9,868,2.833,0.156,46.79857143,40.12,757.764,1094.512,0.6,18.01428571,24.3
2013-10-14,24.1,68.3,0,2.623,0.125,47.16428571,40.22285714,755.685,1168.244,51.6,17.15714286,20.5
2013-10-21,20.5,26.3,0,2.454,0.05,47.03142857,40.20857143,376.061,616.092,0.4,12.02857143,19.3
2013-10-28,17.8,21.7,0,2.652,0.029,47.04,40.09857143,291.992,423.412,0,11.2,19
2013-11-04,16.2,39,0,2.699,0.027,47.05857143,40.05714286,281.218,345.729,0.2,11.68571429,16.9
2013-11-11,13.5,56.8,0,2.789,0.031,47.06285714,40.05,289.856,375.2,19,8.385714286,12.7
2013-11-18,10,53.6,0,2.522,0.027,46.05,40.08571429,426.739,469.775,1.2,4.128571429,10.6
2013-11-25,9,28.3,0,2.44,0.027,46.72857143,39.81,160.444,150.163,23.2,4.7,7.4
2013-12-02,9,30.7,0,2.722,0.031,47.08142857,39.74285714,385.17,377.815,10.4,1.771428571,10.5
2013-12-09,5.6,37.8,0,2.769,0.028,47.05714286,39.91714286,299.139,315.048,6.3,4.457142857,5.3
2013-12-16,3.6,45.4,0,2.826,0.028,47.06714286,39.91714286,345.834,360.054,9.8,-0.9,4.7
2013-12-23,4.1,40.9,0,2.867,0.025,47.02857143,39.94428571,251.097,310.66,2.2,-0.142857143,4.4
2013-12-30,,,,,,47.03,40.02,254.787,301.147,0.4,-1.128571429,6.9
2014-01-06,3.2,25.2,0,3.063,0.021,47.03285714,40.00714286,225.583,269.038,0,2.157142857,4.4
2014-01-13,2.5,20.8,0,3.262,0.018,47.03285714,40.02428571,189.461,235.476,0,-1.814285714,4.1
2014-01-20,,,,,,47.03285714,40.02285714,178.476,214.452,4.7,-1.485714286,6
2014-01-27,,,,,,47.01857143,40.00714286,147.654,185.149,1.8,-0.414285714,9.8
2014-02-03,,,,,,47.03,40.05571429,218.92,251.971,1.45,3.871428571,4.1
2014-02-10,,,,,,47.06142857,40.04142857,225.353,253.278,6.7,-1.885714286,5.8
2014-02-17,4.3,15.2,0,3.397,0.019,47.04,40.05,213.037,255.405,0,0.5,7.7
2014-02-24,5.8,14,0,3.164,0.025,47.03571429,40.05,208.511,256.57,0,1.728571429,11.7
2014-03-03,7.1,20.8,0,3.184,0.025,47.04,40.04,211.983,255.599,1.25,6.242857143,9.1
2014-03-10,7.2,23.6,0,3.021,0.027,47.07428571,40.09142857,262.891,309.925,1.2,2.185714286,11.8
2014-03-17,11.4,24.3,0,2.818,0.04,47.10857143,40.11857143,440.207,587.892,38.4,6.228571429,14.9
2014-03-24,11.1,23.1,0,2.787,0.037,47.02571429,40.05571429,370.671,468.754,4.8,9.157142857,19.4
2014-03-31,16.1,18.1,135,2.864,0.03,47.11571429,40.21142857,470.278,680.403,43.1,14.18571429,18.1
2014-04-07,14.7,25.7,0,2.816,0.035,47.12571429,40.15285714,545.583,811.936,0.75,10.37142857,19.1
2014-04-14,13.9,18.5,0,2.794,0.032,47.02,40.04714286,308.331,395.232,0.2,13.47142857,20.3
2014-04-21,15.2,21.9,0,2.702,0.032,47.01142857,40.01714286,253.635,337.796,10.4,15.07142857,22.8
2014-04-28,16.6,9.6,0,2.391,0.031,47.03142857,40.04428571,240.217,318.216,40.6,15.54285714,21.8
2014-05-05,17.5,11.3,0,2.818,0.034,47.11428571,40.21428571,497.198,895.265,22.05,14.48571429,22.2
2014-05-12,18.1,11.7,0,2.176,0.033,47.02,40.05714286,304.247,406.419,21.6,15.92857143,25.5
2014-05-19,19.8,13.6,0,2.199,0.024,47.02571429,40.03285714,246.685,330.174,0,19.95714286,26.7
2014-05-26,21.6,20,0,1.867,0.021,47.02142857,40.03285714,247.104,317.229,3.3,20.81428571,29.5
2014-06-02,22.3,8.9,740,1.79,0.02,47.02428571,40.04142857,269.865,317.532,0.9,23.45714286,26.6
2014-06-09,22.3,14.8,620,1.601,0.026,47.06,40.12571429,421.433,511.027,2.95,20.84285714,26.7
2014-06-16,22.9,27.7,630,1.528,0.031,47.05857143,40.08714286,471.917,573.162,23.5,21.37142857,27.8
2014-06-23,23.6,14.9,42,1.723,0.027,47.06142857,40.11428571,405.338,500.464,44.85,21.98571429,29
2014-06-30,24.8,16.2,285,1.546,0.03,47.18,40.27857143,671.848,978.807,7.9,23.98571429,28.6
2014-07-07,25.7,4.8,1788,1.523,0.048,47.15857143,40.11285714,554.864,638.11,44.1,22.48571429,29.7
2014-07-14,26.3,5.3,0,1.446,0.031,47.05857143,40.04714286,407.4,449.734,5.9,25.5,30.6
2014-07-21,27,5.4,1955,1.258,0.027,47.02857143,40.07571429,310.867,384.722,50,25.41428571,30.4
2014-07-28,27.8,14.1,0,1.314,0.045,47.02142857,40.03142857,252.01,297.874,5.05,26.08571429,31.2
2014-08-04,27.9,15.9,1695,1.299,0.052,47.12285714,40.13285714,391.318,477.643,64.3,25.74285714,30.4
2014-08-11,25.3,11.7,0,2.049,0.046,47.28428571,40.31571429,1031.057,1485.293,68.5,23.71428571,29.4
2014-08-18,,,,,,47.32285714,40.37428571,959.357,1526.176,112.6,22.11428571,27.9
2014-08-25,23.3,4.3,0,3.232,0.1,47.20285714,40.22857143,5175.785,7180.457,190,23.18571429,27.8
2014-09-01,23.8,23.3,0,3.194,0.066,47.17142857,40.19285714,1614.452,2484.005,0,21.4,27.6
2014-09-08,24.1,13.5,0,3.071,0.043,47.18714286,40.24571429,603.634,753.341,17.6,21.7,27.7
2014-09-15,24.3,6.6,1220,3.153,0.033,47.04142857,40.07142857,327.526,428.432,0,20.78571429,26.1
2014-09-22,23.6,8.6,0,3.039,0.036,47.02142857,40.05428571,274.212,390.816,0,18.34285714,25.9
2014-09-29,20.8,5.9,0,2.321,0.112,47.24285714,40.25,1550.067,2079.056,99.1,18.92857143,24.2
2014-10-06,20.4,16.9,0,2.542,0.06,47.09285714,40.22142857,466.323,607.848,0,15.72857143,24.5
2014-10-13,19.2,21.7,0,2.68,0.045,47.11,40.03428571,319.957,400.11,15.2,14.9,20.9
2014-10-20,17.8,13.7,495,2.795,0.037,47.04,40.04428571,268.623,340.63,18.4,11.34285714,20.3
2014-10-27,15.1,7.5,220,2.85,0.078,45.66,40.12714286,2439.899,2666.282,87.2,12.48571429,18.7
2014-11-03,13.3,4,0,2.725,0.074,47.26857143,40.29571429,911.621,1229.658,54.2,10.67142857,16.5
2014-11-10,11.9,6.2,0,3.083,0.056,47.25571429,40.31571429,625.914,810.767,0,10.67142857,13.3
2014-11-17,10.5,21.2,0,3.143,0.038,47.17,40.16285714,442.135,543.817,0.7,6.928571429,13.7
2014-11-24,8.6,37.5,0,3.02,0.028,47.11428571,40.11714286,371.478,456.609,36.3,5.771428571,13.8
2014-12-01,8.2,8.5,0,2.938,0.033,47.22,40.19714286,566.322,854.639,15.2,7.171428571,3.9
2014-12-08,5.1,6.2,0,2.859,0.025,47.14857143,40.13285714,560.646,671.192,4.5,-1.728571429,5
2014-12-15,2.6,6.1,0,2.956,0.022,47.09285714,40.14142857,466.637,547.543,0.8,-0.171428571,2.1
2014-12-22,,,,,,47.07571429,40.14285714,417.262,494.59,10.8,-3.8,5.9
2014-12-29,,,,,,47.05,40.12,384.136,464.484,0.7,-0.2,4.3
2015-01-05,,,,,,47.04714286,40.10285714,357.392,430.278,3.2,-0.485714286,5.1
2015-01-12,,,,,,47.07571429,40.12571429,397.531,462.69,8.3,-0.2,6.2
2015-01-19,,,,,,47.07571429,40.11857143,402.973,452.339,2.9,0.957142857,7.3
2015-01-26,,,,,,47.08142857,40.10571429,380.742,440.043,12.1,2.1,5.7
2015-02-02,,,,,,47.02142857,40.12571429,383.647,463.654,1.3,-1.1,5.4
2015-02-09,,,,,,47.01857143,40.08,354.7,414.66,0,-0.157142857,6.7
2015-02-16,,,,,,47.08428571,40.08428571,362.672,414.563,29.6,3.014285714,8.9
2015-02-23,4,9.9,0,2.901,0.027,47.12571429,40.19,450.668,530.237,9,3.714285714,7.1
2015-03-02,5.4,12.1,0,2.713,0.023,47.12428571,40.21142857,469.25,544.201,1.3,2.642857143,9
2015-03-09,6.1,14.6,0,3.021,0.019,47.10428571,40.14428571,407.534,473.72,0.4,3.4,9.8
2015-03-16,5.7,19.8,0,2.605,0.018,47.09428571,40.08285714,366.372,422.3,1.7,4.771428571,16.3
2015-03-23,10.4,22.2,0,2.569,0.033,47.16285714,40.15857143,717.951,1009.853,36,11.44285714,16.1
2015-03-30,11.1,13.6,0,2.536,0.03,47.17857143,40.12142857,587.425,654.957,0,11.05714286,18.5
2015-04-06,12.4,13.5,0,2.613,0.025,47.12,39.98142857,485.851,561.84,35.7,11.05714286,16.1
2015-04-13,12.1,11.1,0,2.339,0.024,47.14714286,40.24857143,546.321,621.685,7.5,9.771428571,18.1
2015-04-20,13.8,10.8,0,2.277,0.029,47.17142857,40.14,580.222,744.024,42,11.7,22.1
2015-04-27,15.6,21.7,43,2.094,0.021,47.12571429,40.17428571,683.323,905.805,0,18.01428571,25.4
2015-05-04,18.8,13.5,0,2.036,0.012,46.87142857,40.10714286,444.393,513.773,14.8,18.52857143,24
2015-05-11,19.3,7.9,0,1.87,0.019,46.75428571,40.06714286,405.682,450.927,5.4,17.54285714,24.2
2015-05-18,20,16.3,0,1.802,0.032,47.02857143,40.05714286,351.216,393.985,4.2,19.72857143,26.4
2015-05-25,20.6,20.4,922,1.627,0.042,47.09142857,40.04571429,307.579,335.129,0.3,21.48571429,29.2
2015-06-01,22.4,18.35,11002,1.642,0.045,47.11,40.02857143,301.61,321.208,2.6,23.18571429,29.4
2015-06-08,22.55,16.5,235.5,1.497,0.049,47.15142857,40.08714286,406.931,402.796,0.8,21.3,28.7
2015-06-15,22.2,16,931,1.487,0.045,47.10857143,40.11428571,435.991,464.371,0.1,24,28.3
2015-06-22,23,15.4,570,1.568,0.042,47.14428571,40.16714286,516.384,539.729,55.05,22.84285714,27.3
2015-06-29,22.3,7.3,925,1.906,0.033,47.20857143,40.22857143,711.106,873.614,63.6,23.28571429,28.2
2015-07-06,24.2,23.2,433,1.576,0.023,47.09714286,40.07285714,314.714,394.953,12.9,22.97142857,27.5
2015-07-13,23.6,9.3,856,1.996,0.039,47.24714286,40.22857143,809.761,1362.999,104.7,22.77142857,29.4
2015-07-20,24.8,16.8,2140,1.793,0.02,47.14571429,40.28,523.132,669.174,3.8,24.44285714,29.1
2015-07-27,26,13,306,1.968,0.018,47.10142857,40.15428571,311.91,352.905,13.9,27.1,31.3
2015-08-03,27.7,8.9,419,2.061,0.033,47.1,40.08857143,240.284,257.105,21.2,28.78571429,33.1
2015-08-10,30,11.5,490,1.437,0.029,47.10285714,40.06142857,223.152,218.132,2.3,28.17142857,30
2015-08-17,28.7,9.9,1777,1.195,0.036,47.10142857,40.13857143,241.253,297.591,13.9,24.91428571,29.4
2015-08-24,28,8.9,2640,1.028,0.027,47.10428571,40.06428571,269.143,301.823,5.9,24.8,28.1
2015-08-31,26.4,16.8,8941,0.965,0.035,47.11285714,40.15714286,285.237,364.942,23,23.2,27.5
2015-09-07,25.6,12,6361,0.947,0.021,47.09857143,40.18,233.241,348.744,28,22.2,26.7
2015-09-14,24.1,31.7,25641.5,0.941,0.035,47.08571429,40.06142857,132.487,217.707,2.6,19.54285714,26.1
2015-09-21,23.05,28.4,24926.5,1.053,0.024,47.10428571,40.05857143,107.124,132.192,0,19.58571429,26.2
2015-09-28,22.9,4.3,6660,0.804,0.028,47.10428571,40.05571429,122.038,146.081,0.3,19.91428571,24.3
2015-10-05,21.35,9.3,21121,0.794,0.037,47.11,40.05142857,198.078,239.919,37.9,18.08571429,22.3
2015-10-12,19.7,16.8,20228.5,0.75,0.025,47.01428571,40.04142857,218.997,233.157,7.5,15.31428571,22.7
2015-10-19,18.8,12.65,21793.5,0.785,0.025,45.58714286,40.05571429,258.887,213.33,0,15.48571429,23
2015-10-26,18.15,11.2,5774.5,0.782,0.019,46.58285714,40.00571429,55.737,67.609,0,15.87142857,16.3
2015-11-02,16.3,10.7,6589,0.719,0.03,47.00428571,40.01285714,116.222,157.622,23.7,9.514285714,17.6
2015-11-09,14.8,8.8,8591,0.825,0.017,47.01142857,40.01428571,115.872,172.62,46.4,11.92857143,16
2015-11-16,14.2,6.8,5472,1.107,0.02,47.05142857,40.05428571,238.995,333.295,54,12.25714286,15.1
2015-11-23,13.2,6.3,0,1.683,0.032,47.02285714,40.07285714,278.002,428.374,14.05,10.9,8.4
2015-11-30,10.8,13.9,0,1.782,0.032,47.01142857,40.02428571,216.991,316.741,6.3,4.228571429,8
2015-12-07,8.4,14.5,48,2.567,0.019,47.01285714,40.02,198.423,263.68,6.6,3.7,10.3
2015-12-14,7.6,7.4,429,2.08,0.016,47.01,40.02142857,171.179,244.864,21.1,5.428571429,6.3
2015-12-21,6,7.3,0,2.515,0.016,47.01857143,40.02285714,177.861,265.941,2.5,1.271428571,7
2015-12-28,4.8,4.4,0,2.478,0.015,47.00571429,40.01428571,116.912,188.533,0.45,1.442857143,6.5
2016-01-04,4.1,3.5,0,2.617,0.018,47.01571429,40.03,99.62,156.146,11.5,2.8,4.6
2016-01-11,3.6,4,0,2.603,0.014,47.03142857,40.06142857,84.559,115.233,0,0.871428571,3.8
2016-01-18,3,6.2,0,2.631,0.017,46.72714286,40.06,118.125,127.894,3.25,-0.942857143,-0.5
2016-01-25,,,,,,47.02428571,40.02,62.521,102.117,0.3,-7.2,4.1
2016-02-01,,,,,,47.02142857,40.02285714,80.143,114.448,8.25,-0.157142857,3.9
2016-02-08,,,,,,47.03142857,40.01714286,61.592,100.072,0,-0.028571429,9.8
2016-02-15,4.1,7.3,0,3.105,0.013,47.02285714,40.02285714,98.728,146.049,24.2,3.171428571,6
2016-02-22,4.4,5.3,0,3.352,0.013,47.02571429,40.02428571,115.196,165.366,0.9,2.414285714,6.7
2016-02-29,4.4,7.5,0,3.283,0.018,47.02,40.02,90.461,137.244,11.5,1.657142857,11.4
2016-03-07,5.7,9.9,0,3.714,0.013,47.09285714,40.14428571,228.131,378.47,46.1,6.628571429,10.4
2016-03-14,7.4,28,0,3.671,0.035,47.06714286,40.10428571,374.334,577.561,0,3.728571429,15.2
2016-03-21,8.6,34.1,0,3.504,0.028,47.03571429,40.03142857,167.696,255.7,9.1,10.11428571,14.3
2016-03-28,10.6,13.5,0,3.262,0.024,47.02857143,40.02857143,119.85,180.814,1.1,9.242857143,18
2016-04-04,12.2,3.5,0,2.706,0.022,47.04428571,40.03,99.011,141.058,17.1,13.74285714,19.2
2016-04-11,14.5,10.2,44,3.323,0.029,47.05428571,40.07714286,283.271,531.462,35.8,14.64285714,20.2
2016-04-18,15.8,15.3,79,2.759,0.032,47.07857143,40.08857143,458.238,630.779,39.1,13.7,21.2
2016-04-25,15.6,10,0,2.915,0.047,47.11428571,40.15142857,855.224,1269.898,41.7,15.57142857,22.1
2016-05-02,17.5,14.4,0,2.659,0.022,47.12428571,40.14,518.511,824.651,32.3,16.85714286,22.9
2016-05-09,18.6,22.2,64,2.412,0.021,47.10571429,40.09714286,563.973,681.143,9.2,18.72857143,23.6
2016-05-16,19.9,19.1,0,2.148,0.024,47.06,40.14571429,426.969,549.182,31.1,17.45714286,27
2016-05-23,21,23.2,1100,1.879,0.026,47.02,40.05,313.077,427.686,0,20.7,26.8
2016-05-30,22.6,19.7,5680,1.746,0.02,47.03857143,39.97285714,309.947,401.155,10.9,21.75714286,28.2
2016-06-06,22.9,8.6,3431,1.464,0.026,47.05714286,40.05857143,289.988,321.838,2.35,21.78571429,28.2
2016-06-13,24.1,6.8,2202,1.314,0.025,47.02428571,40.19571429,458.081,425.4,4.45,24.14285714,28.6
2016-06-20,25,5.9,9700,1.124,0.02,47.07285714,40.04714286,446.723,479.637,10.65,24.24285714,28.1
2016-06-27,25.1,8,3650,1.225,0.032,47.11428571,40.16285714,490.74,531.945,29.7,24.4,27.9
2016-07-04,23.6,3.8,156,1.526,0.065,47.14714286,40.12285714,1876.552,2306.224,196.7,23.82857143,28.1
2016-07-11,25,4.8,255,3.602,0.09,46.97857143,39.91857143,7156.312,8963.685,96.7,26.1,28.9
2016-07-18,25.6,21.6,358,3.218,0.031,47.10857143,40.06857143,840.066,1150.834,19.6,24.44285714,28.9
2016-07-25,26,11.2,565,2.614,0.029,47.02,40.09857143,502.904,618.227,0,26.22857143,31.5
2016-08-01,27.8,7.8,3282,2.32,0.029,47.10285714,40.11428571,399.729,511.352,0.6,28.7,32
2016-08-08,28.9,8.35,46508.5,2.008,0.016,47.13428571,40.21142857,423.647,586.547,62.6,28.12857143,33.7
2016-08-15,29.1,9.2,582,1.772,0.027,47.05285714,40.11857143,418.118,499.758,0,29.64285714,32.2
2016-08-22,30.1,22.8,380,1.7,0.027,47.05428571,40.05,416.08,456.506,0,28.77142857,31.3
2016-08-29,27.2,16.7,845,1.548,0.018,47.15,40.18428571,509.138,547.725,36.6,23.71428571,28.3
2016-09-05,22.6,6.7,830,1.915,0.034,47.18571429,40.17,708.494,982.462,48.9,22.52857143,28.7
2016-09-12,24.4,15.3,2122,2.044,0.018,47.21,40.13142857,482.496,639.104,8.55,22.9,26.9
2016-09-19,20.4,5.4,169,2.519,0.106,47.13857143,40.11857143,1367.957,2234.318,101.2,20.92857143,25.5
2016-09-26,20.9,12.3,630,2.66,0.035,47.14285714,40.04857143,601.413,872.774,1.4,19.2,24.5
2016-10-03,21.5,19,548,2.59,0.023,47.09714286,40.02142857,464.598,564.582,20,19.97142857,24.1
2016-10-10,19,17.6,170,2.45,0.065,47.12428571,39.99,951.036,1929.131,71.8,17.17142857,21.7
2016-10-17,17.8,17.7,112,2.367,0.015,47.06428571,39.93285714,522.002,799.512,9,15.08571429,21.4
2016-10-24,17.7,19,31,2.449,0.03,47.01,39.91571429,345.041,457.086,1.15,15.52857143,17.8
2016-10-31,16.2,16.2,0,2.507,0.026,47.04,39.93,366.906,461.158,23.4,11.41428571,14.3
2016-11-07,13.2,26.6,190,2.232,0.011,47.03142857,39.92428571,338.855,435.156,0.2,9.028571429,13.2
2016-11-14,11.5,13.3,0,2.435,0.013,46.99,39.92857143,311.222,388.014,4.3,8.257142857,15.2
2016-11-21,11.3,9.5,0,2.395,0.012,46.90285714,39.90571429,283.355,369.844,13.8,9.785714286,8.6
2016-11-28,8.9,7.9,0,2.37,0.013,46.99428571,39.90285714,275.192,352.718,3.9,2,9
2016-12-05,7.4,5.7,66,2.392,0.013,47.02714286,39.89142857,264.502,347.693,0.7,5.042857143,6.8
2016-12-12,5.2,5,0,2.389,0.011,47.03,39.91857143,268.135,326.615,3.1,1.357142857,6
2016-12-19,4.5,6.3,0,2.573,0.011,47.03142857,39.91714286,225.821,310.516,3.1,2.6,8.2
2016-12-26,4.5,9.8,0,2.563,0.016,47.08857143,39.75571429,400.818,517.354,40.2,3.371428571,4.8
2017-01-02,4.3,5.9,0,2.713,0.024,47.04714286,39.89714286,363.732,503.968,0,1.214285714,8.3
2017-01-09,4,10.6,0,2.777,0.017,47.04,39.88285714,354.152,460.998,0,4.528571429,2.9
2017-01-16,,,,,,47.05428571,39.92285714,344.01,431.377,0.2,-2.014285714,3.2
2017-01-23,,,,,,47.02857143,39.87142857,332.099,412.889,5.4,-2.185714286,3.5
2017-01-30,,,,,,47.03285714,39.87571429,238.226,314.412,4.6,-0.428571429,4.6
2017-02-06,,,,,,47.03285714,39.87,211.453,280.922,0.1,1.285714286,3.6
2017-02-13,,,,,,47.03,39.9,211.642,281.405,1.5,-1.128571429,7.6
2017-02-20,4.2,23.7,0,2.782,0.014,47.02428571,39.87,221.318,289.233,13.35,3.114285714,6.5
2017-02-27,4.5,16.7,0,2.441,0.012,47.03857143,39.87857143,333.646,429.499,18.6,2.514285714,10.3
2017-03-06,6.6,17.9,0,2.522,0.02,47.09142857,39.83428571,277.686,388.633,0.1,5.442857143,10
2017-03-13,7.4,18.4,0,2.311,0.019,47.03285714,39.85428571,240.026,325.192,0.5,5.771428571,14.6
2017-03-20,9.1,11.9,0,2.293,0.017,47.01285714,39.84571429,242.724,308.466,0.9,8.028571429,14.3
2017-03-27,9.9,14.6,0,2.263,0.018,46.96285714,39.85571429,259.848,313.571,14.1,7.885714286,14.7
2017-04-03,11.7,13.7,0,2.129,0.022,46.80285714,39.74571429,288.014,367.598,8.8,10.27142857,18.7
2017-04-10,14.1,15.8,0,2.076,0.019,47.03857143,39.75285714,440.605,547.631,16.2,14.75714286,19.2
2017-04-17,15.4,22,0,2.311,0.019,47.03714286,39.79428571,472.035,638.947,38.4,15.37142857,19.2
2017-04-24,15.5,21.1,44,2.131,0.031,47.01,39.78142857,526.655,656.814,1.4,14.62857143,21.8
2017-05-01,17.2,20.9,222,2.326,0.022,46.96142857,39.85714286,250.61,336.18,0.6,18.02857143,25
2017-05-08,19.4,4.8,0,1.95,0.021,47.02,39.87,219.772,269.505,0,19.31428571,24.6
2017-05-15,19.9,23.5,0,1.769,0.017,47.02,39.85428571,210.394,268.947,12.5,17.35714286,26.6
2017-05-22,20.4,7.9,87,1.714,0.022,47.01857143,39.84428571,183.479,229.416,0,21.75714286,27.5
2017-05-29,21.7,7.2,271,1.627,0.021,47.01142857,39.86285714,214.025,262.698,7.2,21.27142857,27.9
2017-06-05,23.5,4.7,2567,1.328,0.018,47.00142857,39.87857143,260.712,300.106,10.6,22.15714286,26.8
2017-06-12,20.4,14.1,2798,1.213,0.02,47.01571429,39.87714286,356.07,422.681,13.8,20.6,28.7
2017-06-19,23,6.1,7731,1.061,0.02,47.00571429,39.68714286,316.364,352.096,1,24.28571429,30.6
2017-06-26,25.2,8.1,26191,1.094,0.02,47.01714286,39.89714286,303.991,370.144,38.5,25.34285714,29
2017-07-03,25,8.35,14443.5,1.127,0.024,47.05428571,39.85428571,646.956,807.535,153.5,25.51428571,29.2
2017-07-10,26,16.2,227,2.376,0.047,47.03285714,39.79,2316.656,2397.568,55.4,26.61428571,31.4
2017-07-17,21.5,7.1,35,2.34,0.187,47.18428571,39.81571429,2436.018,2553.387,61.3,26.71428571,32.6
2017-07-24,25.55,23.65,8027,2.502,0.04,47.04857143,39.79428571,1095.867,1213.102,27,28.3,31.3
2017-07-31,22.7,4.4,775,2.742,0.116,46.97,39.74,4022.675,4445.458,107.6,24.92857143,32.2
2017-08-07,27.1,30.4,9253,2.767,0.052,47.18714286,39.99428571,2146.071,2346.547,9.3,28.07142857,31.7
2017-08-14,23.4,9,885,2.486,0.091,47.18428571,39.95428571,1043.045,1367.117,57.6,24.65714286,28.9
2017-08-21,24.8,7.1,872,2.711,0.055,47.18571429,39.82285714,2443.369,3318.797,64.95,24.32857143,29.4
2017-08-28,26.2,29.9,3538,2.225,0.051,47.11571429,39.82571429,1999.165,2151.42,22,25.7,27.5
2017-09-04,24.4,18.8,2074,2.235,0.052,47.13142857,39.87714286,685.413,900.634,4.6,20.48571429,27.7
2017-09-11,23.4,12.2,483,1.955,0.031,47.08,39.78,527.164,690.793,54.95,21.18571429,26.2
2017-09-18,22.8,19,746,1.774,0.037,47.1,39.83142857,630.855,771.636,0,20.67142857,26.7
2017-09-25,22.6,28.6,3837,1.679,0.044,47.05571429,39.88428571,421.933,499.959,2.7,20.01428571,24.7
2017-10-02,,,,,,47.15142857,39.79285714,552.678,718.655,72.6,17.45714286,22.7
2017-10-09,20.4,36.5,914,1.941,0.038,47.10714286,39.79714286,519.511,632.288,8.9,18.28571429,21.1
2017-10-16,19.4,22.8,343,1.909,0.034,47.05714286,39.87571429,436.247,553.544,18.2,15.67142857,20.7
2017-10-23,17.9,25.4,485,2.083,0.044,47.01142857,39.90857143,358.382,443.553,0,14.04285714,19.8
2017-10-30,16.5,32.5,10,2.54,0.027,47.01571429,39.86285714,290.054,364.163,0,11.71428571,16.4
2017-11-06,14.7,35.4,66,2.464,0.035,47.00571429,39.85142857,279.012,314.188,0,10.95714286,15.6
2017-11-13,12.8,30.2,90,2.546,0.041,47,39.86714286,233.666,252.288,0.5,9.3,9.8
2017-11-20,10,20.3,20,2.393,0.036,47.00714286,39.87428571,255.775,294.825,0.1,4.071428571,9
2017-11-27,7.5,26.3,127,2.458,0.037,47.00571429,39.86,255.146,308.85,3.5,2.2,8.2
2017-12-04,5.4,16.9,0,2.565,0.027,47.01,39.87285714,253.547,306.164,0.3,2.5,4.7
2017-12-11,3.5,9.1,21,2.897,0.017,46.99714286,39.86571429,257.099,305.91,3.9,-0.828571429,1.2
2017-12-18,2.6,8.2,0,2.963,0.008,47.01,39.88,250.402,276.161,0,-3.457142857,5.1
2017-12-25,,,,,,47.05285714,39.87285714,247.078,305.235,15.9,0.742857143,3.4
2018-01-01,,,,,,47.02285714,39.86285714,251.641,300.11,0.3,0.214285714,2.7
2018-01-08,,,,,,47.01,39.85,265.246,308.929,2.6,-0.528571429,1
2018-01-15,,,,,,47.01,39.85142857,238.274,272.972,4.2,-4,6.7
2018-01-22,,,,,,47.00428571,39.87142857,241.7,292.86,17.2,2.714285714,-1.7
2018-01-29,,,,,,47.03285714,39.90142857,207.828,249.292,0,-8.085714286,1.2
2018-02-05,,,,,,47.01571429,39.91428571,244.485,289.057,0,-3.785714286,1.1
2018-02-12,,,,,,47.00142857,39.88285714,229.145,305.695,1.3,-3.7,5.3
2018-02-19,,,,,,47.00571429,39.87142857,225.677,272.576,0.2,1.585714286,8
2018-02-26,,,,,,47.02,39.88571429,244.356,289.426,2,3.9,10.2
2018-03-05,5.7,27,0,2.526,0.036,47.00857143,39.84285714,299.471,448.032,74.4,5.585714286,9
2018-03-12,7.4,10.5,0,3.323,0.046,46.64428571,39.76571429,865.301,1163.048,23.7,5.285714286,15.3
2018-03-19,7.8,8.8,0,3.568,0.056,45.47428571,39.71857143,878.819,867.078,40.8,9.242857143,12.2
2018-03-26,9.2,10.5,0,3.655,0.034,44.76428571,39.74714286,1320.656,1635.757,17.6,8.285714286,19.1
2018-04-02,13.3,19.2,96,3.573,0.03,46.17428571,39.79714286,281.143,371.199,0,16.17142857,15.2
2018-04-09,10.3,9.1,59,3.127,0.074,47.00428571,39.82571429,1212.501,1693.135,63.9,10.2,17.7
2018-04-16,13.5,19.9,201,3.32,0.021,46.81714286,39.86142857,784.675,1137.345,26.6,13,21
2018-04-23,16.2,24.8,167,2.888,0.025,46.77571429,39.81142857,578.441,800.672,37.8,16.37142857,20.3
2018-04-30,16.2,21.4,153,3.135,0.03,46.97,39.82714286,1163.826,1658.881,13.1,16.3,21.4
2018-05-07,16.7,26.1,76,2.644,0.029,47.01285714,39.86142857,766.469,1054.424,55.2,16.05714286,22.7
2018-05-14,17.7,29.8,203,2.581,0.035,47.06714286,39.86,757.635,1162.409,19.3,16.67142857,24.6
2018-05-21,21,19.6,117,2.583,0.032,47.07142857,39.80571429,663.356,947.775,6.9,19.81428571,25.2
2018-05-28,20.1,14.8,209,2.664,0.024,47.05,39.79285714,665.985,878.998,20,20.58571429,27.6
2018-06-04,23.4,28.5,2028,2.142,0.026,47.01428571,39.83857143,357.751,385.887,3.7,23.61428571,27.4
2018-06-11,24.6,6.1,467,1.891,0.025,47.06285714,39.85,335.984,423.695,0.4,22.12857143,27.2
2018-06-18,22.6,10.3,1666,1.755,0.029,46.90142857,39.85,461.192,494.753,0.2,20.91428571,30.2
2018-06-25,24.3,10.5,1993,1.778,0.026,46.99142857,39.85571429,373.491,454.504,0.9,25.17142857,28.2
2018-07-02,22.1,10.9,82,3.108,0.296,47.07142857,39.86285714,1418.664,2474.366,169.5,23.67142857,27.9
2018-07-09,21.9,5,34,3.075,0.069,47.03857143,39.80857143,3402.814,5287.892,29.6,22.22857143,30.6
2018-07-16,27.3,45.4,787,3.068,0.037,47.06142857,39.84571429,836.307,1270.338,0.1,28.02857143,34
2018-07-23,30.4,16.5,7610,2.416,0.023,46.96714286,39.79428571,398.84,499.807,0,29.72857143,35.4
2018-07-30,31.45,27,53964.5,1.957,0.027,47.01285714,39.71857143,291.082,301.881,7.65,30.57142857,36
2018-08-06,31.8,11.7,38208.5,1.706,0.028,47.07,39.76714286,315.784,344.889,0.05,30.67142857,34.9
2018-08-13,30.35,6.85,3295,1.454,0.059,47.21285714,39.80857143,345.459,453.807,4.35,29,34.3
2018-08-20,27.3,7.8,1533,1.496,0.038,47.21285714,39.79857143,535.458,721.996,7.3,26.92857143,32.4
2018-08-27,23.5,6.4,120,1.776,0.109,47.06142857,39.76,965.505,1465.241,208.5,25.2,29.9
2018-09-03,23.2,5.1,410,2.837,0.122,46.99571429,39.71857143,4331.171,5172.707,131.1,24.01428571,27.6
2018-09-10,22.4,15.2,2211,2.897,0.065,47.05714286,39.80142857,3563.213,4504.166,59.9,21.8,26.7
2018-09-17,22.2,17.3,890,2.691,0.018,46.97428571,39.79714286,662.385,1054.18,19,20.64285714,25.2
2018-09-24,20.3,16.9,75,2.312,0.011,47.10285714,39.79571429,722.314,1060.955,46.5,18.88571429,23.5
2018-10-01,20.1,24.3,258,2.293,0.014,47.06,39.78285714,578.793,768.066,3.4,16.6,22.6
2018-10-08,17.8,3.9,176,2.516,0.126,46.93,39.80571429,2412.794,3988.312,153.5,16.61428571,19
2018-10-15,16.3,19.4,397,2.653,0.052,47.06857143,39.79,758.046,1158.106,0.1,12.14285714,19.3
2018-10-22,15.4,24.3,10,2.789,0.034,46.97857143,39.80571429,473.834,569.275,1.2,11.2,17.6
2018-10-29,14.4,32.2,91,2.751,0.021,46.95714286,39.77428571,363.956,439.102,22.1,10.92857143,15.4
2018-11-05,12.8,24.4,52,2.944,0.036,46.98714286,39.73571429,334.183,389.398,0,8.157142857,16.4
2018-11-12,11.9,17.7,0,2.829,0.036,46.98714286,39.77142857,493.473,591.786,24.7,11.11428571,14
2018-11-19,11.5,10.3,22,2.602,0.021,47.06,39.75142857,411.443,477.77,0,7.985714286,9.9
2018-11-26,9.3,19.8,72,2.699,0.023,47.00571429,39.79428571,339.471,381.219,5.1,2.885714286,11.5
2018-12-03,7.6,27.9,0,2.679,0.021,47.01571429,39.75,320.633,372.527,9.3,6.142857143,5.2
2018-12-10,5.2,30.9,0,2.738,0.024,47.05285714,39.79142857,407.635,499.209,16.4,0.071428571,4.2
2018-12-17,3.9,24.4,21,2.756,0.027,47.00714286,39.81428571,328.134,403.774,6.1,-0.8,7.6
2018-12-24,3.3,15.9,0,3.002,0.017,47.01142857,39.79714286,294.599,365.232,0,3.471428571,1
2018-12-31,,,,,,47.03285714,39.74571429,263.452,321.879,0,-3.6,3.4
2019-01-07,,,,,,47.02428571,39.74285714,251.884,303.803,0,-0.542857143,4.3
2019-01-14,,,,,,46.99714286,39.74285714,226.136,275.922,1.9,-0.371428571,4.4
2019-01-21,,,,,,47.01428571,39.74714286,215.387,270.11,0.05,0.7,5.2
2019-01-28,,,,,,47.01571429,39.73571429,215.911,273.363,0,1.971428571,5.5
2019-02-04,,,,,,47.01571429,39.76857143,234.043,255.604,16,1.942857143,5.4
2019-02-11,3.8,30.2,0,2.752,0.02,47.01,39.76714286,208.999,248.383,0,0.571428571,5.9
2019-02-18,3.8,36.8,0,2.833,0.022,47.02,39.76142857,155.431,174.667,0.1,0.742857143,9.3
2019-02-25,5.3,34.6,0,2.968,0.026,46.30857143,39.21142857,449.452,566.093,22.3,4.185714286,11.6
2019-03-04,7.3,31.5,0,3.014,0.026,45.34714286,37.87428571,370.329,287.567,0.1,7.428571429,12.6
2019-03-11,9.2,24.6,0,3.095,0.034,45.93571429,39.50428571,400.691,139.859,2.7,8.028571429,11.6
2019-03-18,9.1,21.1,0,2.585,0.01,47.01857143,39.84428571,250.663,318.097,4.6,5.628571429,14.4
2019-03-25,9.4,21.8,0,2.271,0.018,47.01571429,39.87857143,292.93,358.422,13.3,7.614285714,14.7
2019-04-01,10.7,15.1,0,2.274,0.013,47.01714286,39.84714286,315.562,386.499,6.2,9.257142857,15.9
2019-04-08,11.4,14.6,25,2.166,0.012,47.01428571,39.84142857,271.694,330.541,0.05,11.51428571,15.9
2019-04-15,12.5,25.7,43,2.064,0.012,47.09,39.88285714,475.904,653.656,46.8,10.12857143,20.6
2019-04-22,14.8,24.2,238,2,0.012,47.06,39.86428571,408.937,487.154,0,16.44285714,20.1
2019-04-29,16.3,19.7,284,1.854,0.029,47.06,39.87,453.861,602.567,65.5,12.74285714,22.6
2019-05-06,17.6,13.8,18,1.788,0.018,46.94857143,39.81285714,523.843,779.777,0,17.82857143,24
2019-05-13,18.3,12,0,1.555,0.017,47.02571429,39.84,320.538,358.171,0,18.17142857,27.1
2019-05-20,20.2,5.2,0,1.477,0.016,47.01,39.81428571,279.898,354.198,25.5,20.31428571,27.3
2019-05-27,21.3,19.7,99,1.648,0.035,47.01571429,39.85714286,316.003,394.639,20.7,21.12857143,26.2
2019-06-03,20.7,35.6,2915,1.479,0.027,47.03,39.84857143,394.493,460.915,0.15,20.27142857,28.1
2019-06-10,21.9,28.6,101,1.589,0.034,47.02285714,39.84428571,674.866,818.508,60.2,21.44285714,27.3
2019-06-17,22.4,26,34,1.507,0.038,47.06857143,39.86428571,454.541,605.117,0,21.24285714,27.6
2019-06-24,24.2,26,1890,1.331,0.023,47.02857143,39.86142857,438.521,592.9,5.2,22.95714286,28.4
2019-07-01,24.5,16.1,692,1.205,0.047,47.02428571,39.85857143,575.487,811.864,44.1,23.2,30.6
2019-07-08,24.8,21,3967,1.534,0.052,47.02857143,39.85714286,464.334,617.915,0,23.94285714,28.7
2019-07-15,24.55,13.95,19914.5,1.598,0.023,47.03,39.86,380.396,570.382,61.05,22.64285714,29.9
2019-07-22,24.4,11.3,0,1.478,0.046,47.01,39.82,998.729,1549.828,103,24.75714286,30.5
2019-07-29,24.5,13.8,9486,2.19,0.042,47.03,39.86714286,1469.894,2104.216,57.25,27.08571429,33
2019-08-05,29.7,16.65,54447,1.78,0.029,47.03,39.85714286,615.334,1140.855,0,29.11428571,33.2
2019-08-12,29,9.6,3255.5,1.255,0.019,47.04857143,39.85142857,676.57,958.537,25.35,27.54285714,32.1
2019-08-19,28.4,6.7,6995,1.143,0.025,47.03142857,39.85857143,484.416,683.262,5.35,26.72857143,30.6
2019-08-26,26.2,6.3,3725,1.235,0.046,47.03857143,39.86714286,600.34,896.767,46.3,24.51428571,28.7
2019-09-02,23.7,15.2,2996,1.132,0.026,47.05714286,39.85857143,682.492,994.294,35.85,21.95714286,27.3
2019-09-09,23.9,10.7,2135,1.506,0.046,47.05285714,39.86428571,795.384,1015.303,21.55,23.78571429,28
2019-09-16,24.4,11.9,1281,1.553,0.029,47.04,39.86285714,583.061,754.547,5.1,22.38571429,25.4
2019-09-23,17.8,4.1,22,2.334,0.113,47.02857143,39.85428571,1403.223,1771.257,127.05,18.3,25.3
2019-09-30,21.2,33.3,890,2.69,0.043,47.06571429,39.87,1329.896,1439.934,0,19.91428571,24.4
2019-10-07,20.3,3,119,2.722,0.077,47.03428571,39.84,3913.952,4979.021,177.2,19.27142857,21.1
2019-10-14,18.2,17.5,294,2.961,0.054,47.01571429,39.82571429,589.423,662.629,0,14.97142857,20.1
2019-10-21,17.4,39,429,2.947,0.03,47.03285714,39.85142857,483.767,490.38,1.2,13.12857143,20
2019-10-28,16.5,18.2,159,2.393,0.042,47.06142857,39.82428571,665.939,664.437,0.05,13.52857143,18.7
2019-11-04,15,11,0,1.935,0.034,47.04714286,39.84857143,645.912,621.897,0.05,13.12857143,16.5
2019-11-11,13.8,11.1,0,2.02,0.035,47.03142857,39.82,312.988,293.51,8.4,10.04285714,13.1
2019-11-18,11.8,8.9,0,2.053,0.027,47.09428571,39.88428571,299.089,307.702,24.35,6.628571429,12
2019-11-25,8.9,24.7,107,2.168,0.012,47.06571429,39.86142857,439.389,442.188,1.5,5.685714286,9.9
2019-12-02,8.1,25,19,2.508,0.021,47.04857143,39.84714286,308.781,335.713,12.5,4.985714286,5.8
2019-12-09,6.4,23.3,0,2.397,0.016,47.04428571,39.85285714,295.389,371.56,0.5,0.614285714,8.7
2019-12-16,5.3,15.5,33,2.589,0.022,47.05428571,39.84285714,251.257,194.665,1,2.1,7.8
2019-12-23,4.1,19.7,0,2.816,0.024,47.02428571,39.84,268.77,199.64,1.55,2.171428571,6.5
2019-12-30,,,,,,47.03,39.83857143,261.844,215.343,11.9,0.871428571,5.7
2020-01-06,3.3,9.8,0,2.803,0.021,47.01285714,39.82,244.972,191.803,13.1,0.128571429,6
2020-01-13,4.4,4.3,0,3.022,0.045,47.17142857,39.88142857,714.009,785.514,39.4,1.928571429,4.4
2020-01-20,3.7,5.2,0,3.038,0.036,47.05142857,39.85,375.988,377.677,0,0.957142857,7.7
2020-01-27,4,9.7,0,3.459,0.029,47.01857143,39.85,302.289,253.711,8.4,3.471428571,7.8
2020-02-03,5,13.1,11,3.282,0.027,47.04714286,39.85714286,382.916,381.419,0.05,3.971428571,4.4
2020-02-10,4.9,22.8,0,2.735,0.019,47.01714286,39.82285714,281.408,239.821,0.1,-0.428571429,10.2
2020-02-17,5.3,24.7,0,2.727,0.019,47.03,39.84857143,322.669,294.332,26,4.6,8.5
2020-02-24,5.9,27,0,2.941,0.015,47.01714286,39.84,297.048,321.097,1.45,3.928571429,11.4
2020-03-02,7.4,4.6,32,2.73,0.039,47.14,39.88,782.652,1080.445,52.1,5.257142857,10.9
2020-03-09,7.7,11,52,2.944,0.026,47.05428571,39.86857143,401.601,528.76,1.2,5.071428571,11.8
2020-03-16,8.3,19.1,99,2.771,0.034,47.04,39.86285714,338.6,483.039,7.3,6.157142857,15
2020-03-23,9.9,10,73,2.683,0.017,47.02,39.85857143,235.834,364.742,0,10.94285714,16.9
2020-03-30,11.5,17.6,28,2.473,0.023,46.98142857,39.86142857,227.592,348.744,4.8,10.54285714,17.6
2020-04-06,13.1,14.7,0,2.175,0.021,45.39714286,39.87714286,375.321,309.679,0,11.11428571,17.2
2020-04-13,13.5,12.4,51,2.121,0.027,47.03428571,39.82142857,141.68,228.225,2.05,10.5,19.3
2020-04-20,14.5,9.5,0,2.19,0.031,47.04857143,39.87142857,155.382,273.896,34.3,12.27142857,16.5
2020-04-27,14.1,11.9,0,1.961,0.012,47.06571429,39.88714286,186.804,327.632,0,10.77142857,23.6
2020-05-04,20.2,4.2,0,1.638,0.017,47.05857143,39.88285714,163.421,276.587,5.2,19.37142857,24.4
2020-05-11,20.2,7.2,0,1.676,0.029,47.05,39.86142857,269.868,376.242,29.1,16.75714286,23.4
2020-05-18,21.1,11.4,0,1.958,0.026,47.12285714,39.85142857,467.482,585.901,68.85,18.2,22.5
2020-05-25,22.3,35.1,0,2.632,0.05,47.06142857,39.78428571,887.223,876.492,3.4,16.84285714,25.6
2020-06-01,24.3,44.3,5549,2.008,0.03,47.07285714,39.86714286,295.004,376.342,0.1,20.67142857,28.4
2020-06-08,28.6,13.2,16516,1.672,0.029,47.04142857,39.82142857,326.497,370.086,0.05,24.18571429,29.9
2020-06-15,27.7,8.4,0,1.663,0.089,47.11714286,39.84571429,584.012,794.623,102.2,25.17142857,29.3
2020-06-22,29.5,5.1,6919,1.521,0.04,47.21142857,39.80714286,440.265,730.005,0.75,23.1,29.4
2020-06-29,27,20.9,95,1.424,0.049,47.09714286,39.81142857,653.802,790.384,60.45,22.8,28.4
2020-07-06,26.3,39.6,797,2.079,0.039,47.09571429,39.81,1484.98,1381.22,59.25,21.4,29.4
2020-07-13,22.6,7.3,298,2.941,0.09,47.07857143,39.85714286,1713.318,2290.062,150,23.3,27.6
2020-07-20,27.6,47.8,90,2.95,0.034,47.09714286,39.77857143,2628.04,2807.03,37.5,21.74285714,28.2
2020-07-27,,,,,,47.06714286,39.80714286,5510.721,5772.71,146,22.38571429,29.3
2020-08-03,22.9,5,0,2.47,0.113,47.06714286,39.8,7267.752,7154.214,104.35,24.47142857,29
2020-08-10,,,,,,47.15142857,39.86714286,10850.696,11757.61,221.5,24.74285714,30.8
2020-08-17,29.9,47.7,48,2.276,0.08,47.09857143,39.79571429,9205.4,9598.844,49.75,27.74285714,33.5
2020-08-24,28.4,34.4,3842,2.234,0.044,47.06285714,39.79142857,1872.256,2016.02,0.35,27.08571429,31.9
2020-08-31,27.2,44.2,1734,1.897,0.095,47.06285714,39.73142857,2143.039,1761.977,155.6,26.97142857,29.5
2020-09-07,23.9,5.6,6382,1.826,0.098,47.07571429,39.83857143,7827.776,6903.757,136.6,21.88571429,26.8
2020-09-14,24.9,27.7,1506,2.349,0.077,47.07428571,39.76857143,3049.222,3203.537,9.05,21.08571429,25.6
2020-09-21,22.5,6.2,325,2.222,0.082,47,39.62857143,1575.218,1130.501,1.8,19.61428571,23.9
2020-09-28,23.1,7,308,2.291,0.063,47.00857143,39.63714286,775.72,625.285,0.05,17.24285714,23.7
2020-10-05,21,21.4,795,2.543,0.044,47.04428571,39.75571429,401.388,477.577,1.1,17.58571429,21.7
2020-10-12,20,17.1,395,2.256,0.036,47.02285714,39.72571429,332.03,364.135,0.05,15.15714286,19.9
2020-10-19,18.4,11.8,65,2.425,0.036,47.05857143,39.83857143,266.741,368.233,0,12.04285714,18.4
2020-10-26,17,14.3,585,2.335,0.036,47.11571429,39.89,265.548,421.846,1.6,11.31428571,17.5
2020-11-02,14.6,21.4,616,2.256,0.037,47.04714286,39.82428571,264.323,314.08,1.6,11.42857143,14.2
2020-11-09,12.3,24,239,2.14,0.026,47.03714286,39.82428571,234.764,272.413,0.1,8.585714286,15.5
2020-11-16,11.7,24.9,108,2.178,0.033,47.02857143,39.72428571,228.306,280.301,0,8.928571429,15.8
2020-11-23,10.8,22.2,125,2.532,0.021,47.02142857,39.77285714,319.752,363.41,26.3,9.2,9.2
2020-11-30,9.3,21.2,70,2.575,0.026,47.03857143,39.73571429,273.179,341.858,0,4.185714286,7.2
2020-12-07,7.2,31.8,0,2.603,0.019,47.02857143,39.76428571,307.016,314.366,0,2.114285714,7.7
2020-12-14,4.9,27.1,0,2.783,0.022,47.02428571,39.80285714,303.552,298.174,1.5,1.671428571,1.6
2020-12-21,,,,,,47.02571429,39.74857143,281.632,293.657,0,-3.142857143,6.2
2020-12-28,,,,,,47.03142857,39.74571429,274.342,297.359,0,1.171428571,1.5
2021-01-04,,,,,,46.55142857,39.71285714,386.303,317.967,0.7,-3.914285714,-2.4
2021-01-11,,,,,,47.06285714,39.78571429,201.986,259.688,2.35,-8.171428571,4.1
2021-01-18,,,,,,47.08,39.82571429,269.274,278.826,1.9,-0.042857143,6.3
2021-01-25,,,,,,47.08571429,39.80571429,259.293,220.551,6.1,2.285714286,6.4
2021-02-01,,,,,,47.06142857,39.76857143,274.463,226.663,13.7,0.471428571,6.6
2021-02-08,,,,,,47.04142857,39.69714286,269.668,228.89,0.2,0.642857143,10.5
2021-02-15,,,,,,47.05142857,39.78857143,241.678,251.943,0.9,4.085714286,7.6
2021-02-22,4,16.8,0,2.631,0.021,47.03857143,39.72428571,253.603,235.161,0.4,3.342857143,11.5
2021-03-01,5.7,22.9,0,2.41,0.021,47.04714286,39.79428571,254.06,302.73,44.4,4.914285714,11.7
2021-03-08,7.9,38.2,0,2.697,0.032,47.08857143,39.87571429,451.592,577.595,5,4.685714286,14.8
2021-03-15,12,57.1,33,3.329,0.046,47.02714286,39.76571429,338.32,366.828,20.55,8.8,16
2021-03-22,12.1,26.8,0,2.768,0.029,47.02285714,39.80857143,337.795,350.473,2.45,9.2,16.8
2021-03-29,13,21.3,32,2.523,0.033,47.04428571,39.80571429,353.86,361.214,26.4,12.02857143,18.9
2021-04-05,13.8,14.2,28,2.851,0.098,47.12,39.79714286,1314.487,1200.848,46.7,12.47142857,17.9
2021-04-12,15.1,32,124,4.186,0.047,47.04428571,39.81285714,951.696,970.394,22.3,12.28571429,17.8
2021-04-19,14.8,41.6,60,3.252,0.041,47.13571429,39.85714286,627.539,829.451,0.85,11.47142857,23.2
2021-04-26,18.4,39.5,507,2.593,0.03,47.03571429,39.79857143,431.152,658.738,0,17.14285714,20.6
2021-05-03,18.7,35.1,109,2.043,0.035,47.02714286,39.75,378.965,409.373,5.1,14.4,22.1
2021-05-10,18.2,23.3,0,1.735,0.021,47.04428571,39.75,453.286,392.611,25.5,14.88571429,24.1
2021-05-17,20.5,8.9,35,2.434,0.097,47.09,39.75,941.358,927.184,71.7,18.31428571,24.3
2021-05-24,22.4,45.4,93,3.02,0.055,47.06428571,39.78,1326.954,1305.599,26,18.9,24.2
2021-05-31,20.6,41.6,42,2.378,0.025,46.99428571,39.80142857,715.594,827.446,38.9,16.44285714,26.6
2021-06-07,25.3,21.7,265,1.916,0.03,47.05857143,39.79285714,830.426,921.011,27.6,20.94285714,28.4
2021-06-14,27.8,20.2,99,1.681,0.023,46.89285714,39.77428571,888.749,780.208,19.9,23.95714286,28
2021-06-21,26.4,28.3,874,1.674,0.043,46.76142857,39.8,994.123,762.825,2.15,22.22857143,27.1
2021-06-28,26.5,14.9,986,1.41,0.026,47.00142857,39.86428571,831.389,815.606,7.6,22.24285714,28.5
2021-07-05,25.1,26.5,1043,1.367,0.029,47.04714286,39.84571429,1095.179,979.394,45.35,23.81428571,29.1
2021-07-12,27.1,9,11,2.363,0.094,47.00571429,39.93428571,4739.395,4520.399,106.5,24.84285714,32.5
2021-07-19,28.9,48.3,127,2.042,0.034,47.06142857,39.85,2085.804,1841.912,6.05,26.65714286,33.6
2021-07-26,29.5,21.4,3016,1.662,0.031,46.98428571,39.81428571,851.447,753.03,0,27.24285714,33.7
2021-08-02,31.2,38.4,38354,1.512,0.033,47.04571429,39.8,519.347,583.224,144.2,27.67142857,33
2021-08-09,30.1,18.8,16514,1.161,0.034,47.06428571,39.81714286,762.847,977.139,15.4,27.24285714,31.1
2021-08-16,27.4,8.9,2103,1.678,0.06,47.05428571,39.77714286,642.182,908.507,57.8,24.17142857,30
2021-08-23,25.5,13.7,2485,1.458,0.032,47.1,39.81,558.67,857.251,84.25,23.31428571,28.8
2021-08-30,23.7,4.7,1380,2.352,0.091,47.10714286,39.84142857,2647.449,4145.031,80.6,22.7,26.7
2021-09-06,22.5,15.6,969,2.622,0.085,47.08714286,39.78428571,2927.828,4308.137,72.35,20.81428571,27.4
2021-09-13,24.6,78,1271,2.687,0.049,47.01857143,39.79,1385.364,1412.491,15.6,21.6,26.7
2021-09-20,22.8,46.8,1246,2.206,0.049,47.10857143,39.77,918.378,1084.696,55.2,20.17142857,25.8
2021-09-27,22.6,39.1,1586,2.174,0.033,47.02714286,39.79571429,805.579,900.381,13.25,20.07142857,25.9
2021-10-04,24.4,29.5,615,1.954,0.034,46.97428571,39.81428571,759.621,870.387,33.7,20.34285714,25.5
2021-10-11,22.8,41.7,1069,1.846,0.023,47.04571429,39.82714286,554.183,576.92,18.25,20.04285714,20.2
2021-10-18,18.7,23.7,174,2.057,0.042,47.09857143,39.85142857,683.056,761.483,21.9,13.38571429,16.1
2021-10-25,15.9,14.7,407,1.865,0.031,46.12142857,39.81285714,628.632,648.427,1.3,9.4,18.8
2021-11-01,14.7,17.1,83,2.465,0.019,46.43285714,39.76285714,478.43,476.148,0,11.64285714,18.2
2021-11-08,14,19.1,47,2.183,0.015,46.68428571,39.76714286,428.556,325.102,18.5,11.34285714,12.4
2021-11-15,12.1,15.1,74,2.041,0.02,46.66285714,39.79857143,429.343,322.583,4.4,7.3,15.4
2021-11-22,10.1,23.2,69,2.206,0.021,47.02571429,39.76571429,346.375,235.894,0.1,8.4,9.6
2021-11-29,8.6,16.6,0,2.102,0.022,47.11714286,39.79571429,340.848,255.158,0.05,4.9,8.9
2021-12-06,6.2,14.8,0,2.222,0.023,47.07857143,39.77714286,389.344,289.383,17.45,2.3,11.2
2021-12-13,5.6,3.9,17,2.327,0.022,47.03428571,39.80285714,309.401,256.715,0.05,4.314285714,5.3
2021-12-20,4.5,11.3,0,2.632,0.023,47.03428571,39.75142857,367.687,305.358,0.2,2.414285714,5.2
2021-12-27,,,,,,47.04142857,39.82,315.922,301.352,0,-0.614285714,2.8
2022-01-03,,,,,,47.04,39.79285714,340.241,332.382,0.5,-1.328571429,5.1
2022-01-10,,,,,,47.03428571,39.79714286,319.302,345.133,0,0.685714286,2
2022-01-17,,,,,,47.03857143,39.80142857,318.163,354.035,0.25,-2.657142857,3.9
2022-01-24,,,,,,47.03714286,39.79,313.589,353.719,0.05,-0.657142857,6
2022-01-31,3,7.9,0,2.305,0.021,47.02714286,39.78,321.529,265.2,1.4,0.342857143,2.9
2022-02-07,2.9,12.1,0,2.265,0.017,47.02285714,39.7,317.152,218.502,0.2,-1.8,7.7
2022-02-14,3.9,10.5,0,2.206,0.018,47.02571429,39.71571429,304.279,298.527,0.05,2.7,3.8
2022-02-21,3,11.8,0,2.237,0.025,47.03,39.92142857,289.715,345.236,0,-2.928571429,6.7
2022-02-28,3.6,11.6,0,2.213,0.022,47.01857143,39.79285714,275.49,336.784,1.95,2.042857143,10.5
2022-03-07,5.3,12.4,0,2.171,0.028,47.01142857,39.87714286,272.851,321.356,0.6,5.085714286,16
2022-03-14,8.7,11.6,0,2.056,0.017,47.02142857,39.77428571,309.022,352.194,39.5,10.08571429,13.7
2022-03-21,10.5,12.5,0,1.961,0.03,47.15285714,39.79,405.027,468.23,27.65,7.242857143,14.8
2022-03-28,10.5,20.2,0,2.469,0.05,47.15857143,39.82857143,667.896,747.931,27.1,8.5,14.8
2022-04-04,15.3,40.3,105,3.131,0.038,47.06828571,39.75628571,624.383,617.916,0.9,10,19.9
2022-04-11,16.9,10.2,261,2.405,0.028,47.09,39.78857143,425.42,479.792,0.05,16.12857143,20.4
2022-04-18,17.8,20.8,117,1.71,0.025,47.07,39.76657143,406.678,445.797,18.3,14.21428571,22.9
2022-04-25,21,14.6,32,1.56,0.018,47.02285714,39.758,367.976,408.644,2.6,17.58571429,22.3
2022-05-02,19.3,18.7,0,1.405,0.026,47.08714286,39.75714286,431.042,476.787,34.15,14.74285714,23.4
2022-05-09,21.7,10.2,8,1.229,0.018,47.09857143,39.72771429,451.46,451.016,0.9,17.51428571,23.3
2022-05-16,20.7,7.8,0,1.443,0.033,47.07857143,39.73857143,433.117,451.804,0.8,17.62857143,27.2
2022-05-23,24.2,9.8,185,1.556,0.019,47.03714286,39.73085714,410.373,427.644,0,21.6,28.7
2022-05-30,22.7,13.9,148,1.444,0.02,47.02714286,39.70857143,374.89,384.365,1.1,22.54285714,27.7
2022-06-06,23.1,15.4,1055,1.44,0.023,47.08142857,39.72571429,429.38,452.195,34.2,21.6,26.1
2022-06-13,22.6,14.1,3750,1.137,0.03,47.10142857,39.74285714,444.319,476.034,0.65,19.94285714,27.4
2022-06-20,28.4,12.8,11200,1.138,0.014,47.07428571,39.78285714,486.266,447.077,16.6,22.81428571,30.2
2022-06-27,26.7,16.1,4581,1,0.021,47.16857143,39.75428571,500.141,511.332,37.05,26.9,30
2022-07-04,31.6,34,61780,0.949,0.032,47.19142857,39.73714286,515.002,509.914,0.5,28.47142857,32
2022-07-11,27.7,45.2,58020,1.108,0.029,47.10285714,39.74142857,503.383,438.208,94.55,27.8,30.3
2022-07-18,27.4,13,7919,1.41,0.045,47.11428571,39.80371429,757.574,660.419,68.5,24.94285714,30.3
2022-07-25,28.7,9.4,15988,1.639,0.047,47.13428571,39.78142857,744.724,697.345,36.5,25.35714286,32.1
2022-08-01,28.7,4.3,607,1.547,0.034,47.07714286,39.75,497.775,445.437,16.45,26.92857143,32.3
2022-08-08,30.2,7,1969,1.454,0.027,47.09285714,39.77571429,408.671,428.652,10,28.78571429,30.8
2022-08-15,,,,,,47.26028571,39.87514286,2341.047,2555.512,98.35,26.51428571,31
2022-08-22,28.9,52.3,1829,2.614,0.055,47.23885714,39.82142857,1372.551,1482.527,44.95,25.84285714,28.8
2022-08-29,25.1,36.2,2551,2.335,0.049,47.07314286,39.82571429,726.939,764.048,23.45,22.08571429,26.6
2022-09-05,,,,,,47.11228571,39.77714286,1445.723,1452.761,78.85,21.51428571,27
2022-09-12,24.3,57.6,14835,2.906,0.06,47.22285714,39.78714286,1843.24,2554.525,70.1,21.34285714,27.7
2022-09-19,24.5,40.8,21500,2.505,0.028,47.13514286,39.79714286,668.66,572.326,0.05,24.34285714,24.4
2022-09-26,23.3,25.7,14558,2.182,0.028,47.08085714,39.80142857,465.621,404.732,0.05,17.4,26.7
2022-10-03,22.6,35.6,8449,1.896,0.032,47.14714286,39.76857143,435.086,381.532,22.1,18.64285714,20.7
2022-10-10,19.6,26.1,801,1.863,0.03,47.12714286,39.76857143,546.53,481.904,39.95,15.05714286,21.2
2022-10-17,18.4,59.6,1288,1.71,0.057,47.07857143,39.79714286,376.443,382.303,0.1,14.27142857,18
2022-10-24,16.8,33.6,790,1.976,0.035,47.03714286,39.74714286,351.953,358.436,0,11.81428571,17.7
2022-10-31,16.1,16.9,57,2.003,0.023,47.06114286,39.772,352.003,353.346,0,11.55714286,16.6
2022-11-07,14.3,12.8,110,1.896,0.028,47.00142857,39.76532857,345.345,338.367,0.05,8.9,17.5
2022-11-14,13.6,8.3,100,1.942,0.021,46.91492857,39.78,345.675,326.455,5.8,11.52857143,15.6
2022-11-21,12.2,11.5,0,1.955,0.022,47.05714286,39.7874,354.89,220.966,0.15,8.714285714,14.6
2022-11-28,11.1,11.6,0,1.921,0.024,47.04857143,39.74727143,351.59,200.419,13.35,7.914285714,7.1
2022-12-05,7.7,15.1,0,2.059,0.025,46.96428571,39.77078571,405.586,256.738,10.6,0.171428571,7.3
2022-12-12,5.5,15.2,0,2.187,0.023,46.99571429,39.74428571,259.423,184.262,0.15,2.842857143,1.7
2022-12-19,,,,,,47.10571429,39.74714286,244.884,182.493,4.9,-4.114285714,0.7
2022-12-26,,,,,,47.13221429,39.76571429,254.506,193.059,7.2,-4.371428571,2.8
2023-01-02,,,,,,47.16194286,39.77428571,221.8,225.295,0.05,-0.6,4.2
2023-01-09,,,,,,47.1,39.78142857,272.854,210.178,1.9,0.057142857,9.1
2023-01-16,,,,,,47.16428571,39.82324286,292.504,252.739,23.6,2.285714286,3
2023-01-23,,,,,,47.13857143,39.76,255.579,247.613,0.05,-1.228571429,-1
2023-01-30,,,,,,47.12285714,39.77597143,250.674,175.705,1.2,-6.057142857,5
2023-02-06,,,,,,47.08857143,39.86882857,281.554,288.349,0,0.842857143,9.4
2023-02-13,,,,,,47.00428571,39.83091429,291.83,322.491,6.85,2.4,8.4
2023-02-20,,,,,,46.87688571,39.73314286,226.807,248.394,0.15,3.457142857,7.7
2023-02-27,6.2,18.1,0,2.27,0.027,46.95,39.72688571,250.239,284.065,0,3.185714286,12.2
2023-03-06,7.9,7.9,0,,,46.97714286,39.73507143,249.432,286.618,0,6.771428571,18.2
2023-03-13,9.4,6.3,0,,,46.94337143,39.72428571,241.913,273.692,8.2,11.38571429,14.5
2023-03-20,11.7,6.2,0,,,47.01714286,39.92142857,242.185,280.215,0,9.585714286,17.9
2023-03-27,13.3,6.1,0,,,46.98,39.88428571,257.974,324.645,23.6,11.94285714,20.7
2023-04-03,15.2,6.4,0,1.885,0.032,46.99142857,39.81571429,215.313,265.55,0,13.6,18.2
2023-04-10,16.2,6.6,56,1.744,0.044,47.00364286,39.8813,310.519,354.75,21.9,11.82857143,18.9
2023-04-17,15.8,5.3,14,1.634,0.035,47.0274,39.83,246.965,282.521,3.65,13.35714286,21.2
2023-04-24,17.3,11.7,27,1.692,0.035,47.01662857,39.81428571,179.812,216.593,5,15.3,19.9
2023-05-01,19,14.1,0,1.742,0.04,47.02428571,39.75518571,166.512,201.536,15.1,13.11428571,22.1
2023-05-08,19.7,5.8,38,2.45,0.055,47.02428571,39.64338571,855.041,833.664,71.4,15.61428571,23.5
2023-05-15,23.6,26.8,221,2.673,0.02,47.01714286,39.79857143,512.111,441.196,0,18.68571429,26.6
2023-05-22,22.8,12.9,0,2.467,0.019,47.01285714,39.83857143,307.554,290.719,0.8,20.57142857,25.4
2023-05-29,23.1,24.5,360,2.441,0.054,46.99285714,39.83091429,365.277,634.262,76.05,20.3,26.7
2023-06-05,24.9,38.7,178,2.118,0.041,47.03104286,39.85285714,601.163,858.754,0.05,21.82857143,27.8
2023-06-12,27.7,8.4,1075,2.026,0.048,47.01285714,39.83428571,332.131,352.997,12.55,22.57142857,29.1
2023-06-19,28.9,3.7,235,1.471,0.065,47.03155714,39.82857143,365.468,400.577,1.3,24.15714286,28.8
2023-06-26,26.1,16.9,210,1.527,0.017,47.03324286,39.84285714,503.869,533.436,84.1,23.45714286,29.5
2023-07-03,26.5,10.3,273,3.235,0.157,47.01961429,39.85662857,3310.783,4020.275,77.3,25.97142857,30.6
2023-07-10,24.1,7.5,165,2.734,0.088,47.04805714,39.8895,4834.782,6226.56,187.6,24.34285714,28.8
2023-07-17,,,,,,46.78517143,39.82647143,14707.592,18769.685,231.4,25,30.2
2023-07-24,,,,,,46.2496,39.88507143,7444.721,10320.75,81.5,25.87142857,31.4
2023-07-31,32.7,64.1,2840,2.25,0.047,46.46298571,39.86142857,1744.277,2734.014,16.6,27.25714286,33.8
2023-08-07,34.1,21.2,15702,2.092,0.029,46.39078571,39.82584286,660.563,593.337,0.05,29.62857143,31.7
2023-08-14,28.4,12.2,741,2.347,0.108,46.44012857,39.8661,3785.984,5536.033,179.9,26.02857143,31.8
2023-08-21,30.5,28,1074,2.3,0.04,46.69168571,39.8548,883.567,874.085,5.75,27.21428571,30.8
2023-08-28,27.5,51.9,1709,2.125,0.108,46.82857143,39.80765714,1415.153,1631.848,42.4,26.27142857,28.4
2023-09-04,26.8,19.1,982,2.464,0.097,46.82327143,39.83545714,3655.494,5564.67,112.25,24.21428571,29.6
2023-09-11,28.9,37.5,2388,2.189,0.053,46.83311429,39.81182857,743.723,764.159,0,23.52857143,27.6
2023-09-18,25.9,15,2620,2.456,0.098,46.82908571,39.84298571,1157.249,1336.037,73.5,23.41428571,26.7
2023-09-25,22.8,6,3187,2.315,0.096,46.83207143,39.88177143,4928.945,6504.175,99.55,20.41428571,25
2023-10-02,20.4,5.3,147,2.462,0.08,46.84,39.83,2285.209,2534.771,45.1,19.8,22
2023-10-09,20.1,12.7,299,2.464,0.032,46.82,39.83,1226.652,1166.104,0.35,15.7,21.8
2023-10-16,19.2,18.1,520,2.396,0.026,46.94857143,39.85064286,531.399,513.829,2.4,15.6,19.1
2023-10-23,18.8,18.8,464,2.365,0.037,47.02142857,39.82857143,423.615,389.306,2.55,13.22857143,20
2023-10-30,16.5,7.1,456,2.199,0.028,47.0461,39.84987143,410.635,352.07,0,13.51428571,20.9
2023-11-06,16.3,35.2,0,2.361,0.021,47.02571429,39.83,366.446,267.455,16.2,15.92857143,13.7
2023-11-13,13.4,34.3,53,1.96,0.023,47.03571429,39.83012857,385.236,324.785,10.7,6.257142857,10.7
2023-11-20,10.5,11.6,170,2.332,0.02,47.02142857,39.85182857,323.78,365.32,5.7,5.314285714,10.6
2023-11-27,7.7,15.1,42,2.583,0.016,47.03688571,39.8339,304.03,375.658,3.2,4.928571429,6.8
2023-12-04,6.8,11.3,0,2.595,0.019,47.03622857,39.82974286,308.161,373.569,0.15,1.728571429,12.5
2023-12-11,5.8,3.7,0,2.848,0.017,47.05364286,39.86142857,362.976,412.425,48.5,6.528571429,8.6
2023-12-18,6.3,4.7,67,3.445,0.126,47.03857143,39.85142857,1239.015,1716.757,69.3,2.728571429,-0.4
2023-12-25,,,,,,47.03857143,39.84078571,522.442,725.623,0.3,-4.442857143,6.3
