Date,WT_GCB,Chla_GCB,Cyanocell_GCB,TN_GCB,TP_GCB,WL_UP_CJD,WL_GCB,Discharge_UP_CJD,Discharge_GCB,Prec_GCB,Temp_GCB,Forecast_Temp_GCB
2012-05-21,22.2,20.1,0,2.178,0.027,124.2314286,38.03857143,710.397,0,6.65,17.44285714,24.38571429
2012-05-28,18.7,14.7,0,2.163,0.021,123.4471429,38.02571429,749.892,0,9.9,19.82857143,27.25714286
2012-06-04,20.5,17.8,0,1.863,0.019,122.63,38.07,681.994,0,1.2,20.47142857,27.17142857
2012-06-11,21.1,26.3,0,2.032,0.008,121.8428571,38.04714286,664.122,210.841,0.05,22.94285714,28.12857143
2012-06-18,24.4,9.8,0,1.94,0.029,121.0714286,38.09,664.004,0,0.4,22.82857143,27.85714286
2012-06-25,23.7,5.6,0,1.911,0.018,120.1471429,38.06714286,664.744,0,10,24.54285714,28.6
2012-07-02,24.6,13.6,0,1.893,0.045,119.1942857,38.11571429,660.944,0,74,23.48571429,27.5
2012-07-09,20.9,4.1,0,2.456,0.043,123.2228571,37.98571429,1809.887,0,261.1,24.14285714,27.98571429
2012-07-16,21.1,6.9,0,2.529,0.135,127.8228571,38.03714286,1794.268,3912.159,117.7,23.5,27.42857143
2012-07-23,24.5,5.7,0,2.238,0.109,131.99,38.05142857,1956.078,4155.878,105.8,25.65714286,28.91428571
2012-07-30,26.1,9.4,0,2.22,0.026,133.3285714,38.04,769.5,1850.169,0,27.71428571,33.22857143
2012-08-06,29.4,6.7,0,2.024,0.01,133.08,38.18428571,912.595,1143.511,0,29.4,33.15714286
2012-08-13,21,12.2,0,2.561,0.039,131.7728571,38.16,2149.953,2544.474,74,26.31428571,31.45714286
2012-08-20,25.4,2.8,0,2.502,0.056,130.5828571,38.18285714,1625.005,5114.298,116.1,25.92857143,30.05714286
2012-08-27,23.4,2.9,0,2.524,0.048,133.0757143,38.22714286,4047.088,7044.603,50,24.12857143,30.25714286
2012-09-03,22.4,2.4,0,2.308,0.092,135.5757143,38.33428571,1483.655,7156.689,112,23.91428571,29.14285714
2012-09-10,22.9,3.3,0,2.297,0.078,138.6942857,38.16571429,1982.335,5828.323,137,20.41428571,27.27142857
2012-09-17,19.6,4,0,2.238,0.049,139.2742857,38.09285714,3623.797,5035.846,72.5,18.94285714,25.28571429
2012-09-24,22.4,4.5,0,2.171,0.049,141.3985714,38.20857143,920.813,2793.917,3.5,18.58571429,25.14285714
2012-10-01,21.7,2,0,2.041,0.045,141.0957143,38.20571429,1829.966,2233.258,0.6,16.52857143,24.74285714
2012-10-08,21.2,2.6,0,1.907,0.039,140.5657143,38.06142857,852.976,1306.506,0,16.27142857,24.07142857
2012-10-15,18.7,1.4,0,1.793,0.036,140.16,37.77571429,760.135,1579.907,0.5,12.01428571,21.92857143
2012-10-22,16.5,2.9,0,1.804,0.024,139.6657143,36.82142857,750.253,1109.652,31.05,12.3,20.62857143
2012-10-29,17.2,10.3,0,2.385,0.031,139.3057143,37.55714286,735.176,1228.262,31.55,11.15714286,18.34285714
2012-11-05,13.1,13.8,0,1.657,0.031,138.9742857,38.05,709.238,1104.999,9.05,6.642857143,14.37142857
2012-11-12,11.7,3,0,2.142,0.039,138.5871429,38.09428571,699.262,1146.829,31.5,7.171428571,13.74285714
2012-11-19,9.1,1.5,0,2.45,0.042,138.4642857,38.14857143,698.191,1388.774,11.5,2.914285714,10.94285714
2012-11-26,9.2,1.2,0,2.249,0.02,138.2414286,38.09428571,698.238,1150.187,1.5,1.842857143,10.18571429
2012-12-03,7.9,1.5,0,2.189,0.028,137.8342857,38.11428571,730.387,1123.122,10,0.385714286,7.085714286
2012-12-10,4.5,1.8,0,2.437,0.031,137.2985714,38.09142857,774.297,1129.084,8.5,-7.071428571,3.685714286
2012-12-17,7.4,4.2,0,2.493,0.024,136.7657143,38.15142857,768.377,1047.872,21.5,-3.728571429,5.028571429
2012-12-24,2.6,2.1,0,2.796,0.025,136.5685714,38.19,808.605,1320.353,0.5,-5.728571429,2.571428571
2012-12-31,2.7,2.1,0,2.442,0.009,135.9842857,38.17,856.494,1230.413,4.2,-7.185714286,0.942857143
2013-01-07,3.9,1.7,0,2.487,0.015,135.2371429,38.21571429,927.04,1239.853,3.5,-10.22857143,-0.085714286
2013-01-14,3,2.4,0,2.191,0.013,134.3928571,38.24142857,916.693,1189.694,0.05,-6.085714286,3.157142857
2013-01-21,4.6,4.4,0,2.799,0.067,133.5014286,38.23142857,909.392,1191.108,20.55,-3.242857143,3.9
2013-01-28,2.3,3.1,0,2.503,0.035,132.7042857,38.29285714,915.156,1387.694,2.2,-3.885714286,3.371428571
2013-02-04,4.2,9.8,0,1.857,0.081,132.1642857,38.28,828.502,1486.937,42.6,1.371428571,6.628571429
2013-02-11,2.4,3,0,2.68,0.037,132.4757143,38.13714286,750.641,1255.704,7.3,-6.285714286,2.385714286
2013-02-18,4.9,3.4,0,2.974,0.019,132.0685714,38.14571429,790.201,1277.579,0,-1.128571429,4.8
2013-02-25,5.1,3.1,0,2.666,0.012,131.29,38.28714286,1067.533,1326.342,2.2,-1.157142857,5.9
2013-03-04,6.3,5.4,0,2.818,0.021,130.2457143,38.25857143,897.951,1329.452,7,2.228571429,9.714285714
2013-03-11,10.7,10.6,0,2.698,0.016,129.8142857,38.17428571,678.537,1102.834,0.5,5.428571429,14.37142857
2013-03-18,9.3,4.5,0,2.675,0.02,130.2514286,37.88571429,850.773,1883.211,30.5,5.8,13
2013-03-25,9.1,4.2,0,2.753,0.019,130.7114286,37.83571429,1258.493,2514.74,0.55,4.414285714,13.07142857
2013-04-01,8.9,6,0,2.482,0.008,130.0257143,37.86142857,1618.153,2705.534,1.15,6,13.85714286
2013-04-08,8.8,7.5,0,2.561,0.018,128.5214286,38.01428571,1602.084,2273.615,20.5,8.585714286,15.81428571
2013-04-15,9.5,9,0,2.511,0.02,128.15,38.10571429,820.791,1320.869,1.6,6.9,15.02857143
2013-04-22,14,10.9,0,2.701,0.022,128.0628571,38.14428571,771.684,1288.845,10,10.51428571,17.22857143
2013-04-29,13.1,13.5,0,2.439,0.011,127.9785714,38.16428571,769.355,1276.435,29,11.94285714,18.67142857
2013-05-06,17.7,5.4,0,2.313,0.016,127.8714286,38.19428571,951.601,1140.511,0.3,13.58333333,19.77142857
2013-05-13,18.9,7,0,2.421,0.026,127.15,38.24,1106.424,1274.675,27.5,18.11428571,23.92857143
2013-05-20,14.3,12.5,0,2.571,0.046,126.0842857,38.23,1155.632,1320.679,40,18.02857143,25.22857143
2013-05-27,17.5,6.6,0,2.36,0.038,125.1714286,38.02714286,1056.758,1387.916,52.5,20.42857143,27.88571429
2013-06-03,20,2.8,0,2.419,0.021,125.0314286,38.11714286,1084.448,1552.88,10.4,19.52857143,25.45714286
2013-06-10,22.3,4.6,0,2.383,0.016,124.2071429,38.08142857,1189.637,1306.72,0,23.87142857,29.25714286
2013-06-17,22.6,3.1,0,2.062,0.018,122.74,38.08,1192.11,1275.325,6.6,22.82857143,28.3
2013-06-24,21.5,2.7,0,2.302,0.029,122.9285714,38.14428571,1190.237,2937.024,76.6,23.21428571,27.97142857
2013-07-01,25,4.9,0,2.188,0.045,122.5928571,38.10142857,1221.916,1917.986,32,24.31428571,29.25714286
2013-07-08,22.8,4.2,0,2.307,0.07,122.3285714,37.98142857,922.997,2664.416,66.5,24.74285714,27.64285714
2013-07-15,23.1,4.5,0,3.566,0.155,124.0714286,38.19857143,1077.355,4997.587,105.5,25,30.34285714
2013-07-22,21.2,6.4,0,,,134.9142857,37.36428571,5146.499,12384.307,244.7,25.64285714,30.52857143
2013-07-29,23.1,2.4,0,2.716,0.083,137.6914286,37.17142857,5114.883,9823.543,78.4,25.45714286,30.2
2013-08-05,26.8,2.7,0,2.834,0.173,136.0971429,38.10428571,2660.94,5699.931,84,25.67142857,31.21428571
2013-08-12,27.7,2.5,0,2.649,0.096,136.6271429,38.19,1021.564,2394.999,31.5,27.02857143,33.81428571
2013-08-19,27.9,6.9,0,1.987,0.055,136.6685714,38.13857143,889.956,1511.343,0.1,27.41428571,34.1
2013-08-26,26.9,5.3,0,2.285,0.095,136.4342857,38.14428571,865.637,1773.157,34.5,25.4,31.37142857
2013-09-02,25.5,3.9,55,2.281,0.075,136.4828571,38.02,751.794,1779.638,23.5,22.88571429,29.14285714
2013-09-09,23.1,3.5,0,2.228,0.041,136.2657143,38.08857143,699.946,1216.729,1,19.67142857,27.54285714
2013-09-16,23.4,4.2,0,2.844,0.148,136.2,38.09571429,701.738,2679.284,149.4,21.17142857,27.37142857
2013-09-23,22.8,3.9,0,2.488,0.049,136.8471429,38.08857143,700.609,1625.519,0,20.97142857,27.87142857
2013-09-30,22.5,2.8,0,2.532,0.056,136.6414286,38.05857143,701.823,1487.385,32.9,17.5,24.64285714
2013-10-07,22.4,1.8,46,2.313,0.04,136.9257143,38.08285714,712.474,1272.203,0.1,17.71428571,24.3
2013-10-14,19.6,1,0,2.141,0.03,136.9057143,38.08571429,706.256,1052.022,12,17.04285714,23.75714286
2013-10-21,20.2,1.3,0,2.395,0.019,136.7042857,38.10428571,700.142,900.712,0,11.6,20.32857143
2013-10-28,17.4,3.2,0,2.199,0.021,136.2685714,38.08857143,700.018,835.859,0,10.21428571,19.25714286
2013-11-04,15.1,1.8,0,2.308,0.021,135.7728571,38.04428571,619.534,784.699,5,10.25714286,18.7
2013-11-11,12.9,0.9,0,2.354,0.021,135.36,38.07142857,560.582,731.533,5,7.7,16.3
2013-11-18,8.6,1.6,0,2.196,0.017,134.8785714,38.14,701.375,796.191,5.5,3.557142857,12.4
2013-11-25,9,2.6,0,2.498,0.029,134.23,38.12142857,669.745,810.9,25.8,2.457142857,10.14285714
2013-12-02,7.8,1.6,0,2.486,0.032,133.7457143,38.12571429,636.124,886.522,9.6,-0.185714286,7.842857143
2013-12-09,7.1,1.5,0,2.655,0.029,133.3471429,38.09571429,457.485,670.6,14.6,2.357142857,9.757142857
2013-12-16,4.3,2.2,0,2.686,0.029,133.1957143,38.14,459.309,749.518,10.2,-4.628571429,5.214285714
2013-12-23,3.4,2.5,0,2.692,0.024,132.9485714,38.09857143,460.576,672.252,1.1,-2.328571429,4.657142857
2013-12-30,,,,,,132.5385714,38.12714286,578.786,722.815,1.2,-3.814285714,4.757142857
2014-01-06,4.7,4.4,0,2.427,0.018,131.9157143,38.14571429,706.41,836.678,0.05,0.614285714,6.542857143
2014-01-13,1.8,4,0,2.85,0.016,131.15,38.13428571,721.198,864.903,0,-3.7,4.357142857
2014-01-20,3,6.3,0,2.718,0.015,130.3342857,38.15428571,719.931,822.77,7.6,-3.542857143,4.371428571
2014-01-27,4.6,7.8,0,2.475,0.015,129.4928571,38.10714286,721.897,874.673,3.05,-2.571428571,6.542857143
2014-02-03,3.5,10.1,0,3.042,0.09,128.7028571,38.11428571,611.833,846.3,28.4,0.671428571,8.985714286
2014-02-10,4.3,5.8,0,2.557,0.024,128.4542857,38.09,430.443,654.673,5.7,-2.114285714,4.342857143
2014-02-17,5.5,6.2,0,2.491,0.026,128.1857143,38.02857143,421.041,625.378,0,1.028571429,6.071428571
2014-02-24,5,6,0,2.559,0.023,127.8242857,38.02857143,420.323,607.631,0,0.828571429,8.271428571
2014-03-03,7.3,10.5,0,2.394,0.027,127.42,38.02714286,420.669,595.925,0,5.242857143,11.32857143
2014-03-10,5.7,7.1,0,2.606,0.032,127.09,38.01857143,420.577,579.889,4.8,1.471428571,9.485714286
2014-03-17,10.2,14.7,0,2.752,0.033,126.7814286,38.02714286,420.324,661.344,8.05,5.671428571,12.24285714
2014-03-24,9.6,9.1,0,2.508,0.029,126.7957143,37.99714286,420.94,661.833,3.3,7.742857143,15.54285714
2014-03-31,,,,,,127.1028571,37.98428571,420.022,614.236,3.35,13.92857143,19.21428571
2014-04-07,8.9,9.1,0,2.219,0.028,127.09,38.10428571,888.045,969.012,5.7,9.528571429,18.24285714
2014-04-14,11.5,4.6,0,2.459,0.028,126.3257143,38.21428571,963.276,1039.335,1.7,13.24285714,19.27142857
2014-04-21,13.6,6,0,2.277,0.022,125.52,38.21142857,868.552,915.263,4,14.02857143,20.65714286
2014-04-28,13.1,4,0,2.01,0.025,124.7471429,38.14,669.054,730.581,41.4,15.48571429,22.65714286
2014-05-05,13.9,3.3,0,1.984,0.021,124.4157143,38.17285714,741.201,803.187,2.15,13.88571429,21.85714286
2014-05-12,15.2,3.6,0,2.09,0.02,123.8542857,38.20857143,775.593,812.309,50.1,14.88571429,22.67142857
2014-05-19,17.4,3,0,1.894,0.031,122.99,38.20571429,720.432,792.821,0,18.62857143,25.67142857
2014-05-26,17.7,5.5,0,2.096,0.034,122.0928571,38.16571429,702.208,753.511,10.2,19.95714286,27.1
2014-06-02,19.1,4.4,0,2.002,0.03,121.0942857,38.00285714,680.283,884.158,1.2,22.62857143,29.08571429
2014-06-09,19.1,4.8,0,2.09,0.035,120.1171429,38.09571429,633.402,724.912,27.4,21.51428571,26.61428571
2014-06-16,20,15.3,0,2.146,0.06,119.2728571,38.09714286,632.424,756.197,10.2,21.21428571,26.85714286
2014-06-23,21.5,10.5,0,1.995,0.053,118.5442857,38.04142857,497.089,657.181,24.85,22.32857143,27.97142857
2014-06-30,23.6,15.7,0,1.728,0.047,118.0571429,38.04857143,499.371,731.017,2.1,23.38571429,28.94285714
2014-07-07,21.5,11,0,1.923,0.041,117.5442857,38.03857143,496.625,635.461,7.7,24.18571429,28.75714286
2014-07-14,24.5,19.2,0,1.704,0.03,116.9814286,38.02142857,498.463,613.439,6.3,25.81428571,29.82857143
2014-07-21,24.7,21.2,0,1.558,0.058,116.3714286,38.05714286,383.741,643.293,6.75,25.77142857,30.57142857
2014-07-28,26,6.5,0,2.023,0.067,115.9785714,38.06714286,364.764,735.737,68.3,24.07142857,30.51428571
2014-08-04,25.5,5.4,0,1.677,0.044,115.8028571,38.03,384.396,607.837,49,26.22857143,31.08571429
2014-08-11,24.3,4.4,0,2.415,0.103,116.9585714,38.17714286,399.851,1092.366,62.9,23.8,30.25714286
2014-08-18,22.3,3.7,0,2.228,0.079,120.2442857,38.22857143,400.754,955.704,24.4,22.71428571,29.18571429
2014-08-25,23.3,1,0,2.56,0.067,125.2328571,38.21857143,559.192,2040.302,59.4,23.5,27.88571429
2014-09-01,23.6,3,0,2.203,0.04,127.9428571,38.24,689.482,1053.574,0.05,22.64285714,27.77142857
2014-09-08,22.9,0.8,0,2.137,0.027,128.8957143,38.26,666.55,1097.733,64.7,22.18571429,27.61428571
2014-09-15,22.4,1.8,0,2.844,0.043,129.5471429,38.18285714,666.854,782.397,0,20.52857143,27.47142857
2014-09-22,21,1.6,0,2.349,0.021,129.1757143,38.16428571,666.565,784.018,0,18.24285714,26.07142857
2014-09-29,20.8,2.1,0,2.487,0.048,129.1928571,38.17714286,666.368,1184.879,38.1,19.32857143,25.65714286
2014-10-06,19.1,1,0,2.762,0.03,129.0871429,38.13,653.31,924.2,0.6,16.1,24.24285714
2014-10-13,18.5,0.5,0,2.217,0.026,128.5557143,38.16857143,651.11,746.932,0,15.4,23.98571429
2014-10-20,15.9,1,0,2.87,0.115,128.0642857,38.14,653.36,800.393,41.95,11.5,20.81428571
2014-10-27,16.5,0.5,0,2.862,0.055,129.5085714,38.27714286,652.185,1746.399,57.4,11.38571429,20.07142857
2014-11-03,14,0.7,0,2.682,0.041,130.1657143,38.20428571,643.018,1046.394,11.8,9.971428571,18.38571429
2014-11-10,13.2,0.5,0,2.636,0.027,130.52,38.18714286,630.682,948.314,0.2,8.4,16.04285714
2014-11-17,10.6,0.5,0,2.727,0.02,130.3228571,38.17285714,629.861,814.968,4.8,4.5,13.35714286
2014-11-24,10.8,1.3,0,2.514,0.009,129.8957143,38.17,630.038,771.135,2.9,5.085714286,13.71428571
2014-12-01,5.9,0.1,0,2.597,0.011,129.3671429,38.17285714,630.03,774.522,20.3,6.385714286,12.38571429
2014-12-08,4.8,0.4,0,2.423,0.021,128.8371429,38.17,640.976,767.838,3.2,-4.371428571,4.057142857
2014-12-15,4.3,1.1,0,2.602,0.021,128.1857143,38.15428571,630.341,749.521,7.45,-3.057142857,4.585714286
2014-12-22,2.5,2,0,2.65,0.019,127.4885714,38.11285714,630.228,750.419,8,-6.885714286,2.642857143
2014-12-29,3.5,0.9,0,2.546,0.011,126.7371429,38.07571429,629.662,756.886,0,-3.385714286,5.671428571
2015-01-05,3.5,1.5,0,2.819,0.012,125.9971429,38.04857143,578.828,724.708,2.4,-3.342857143,4.414285714
2015-01-12,3.3,1.7,0,2.749,0.013,125.3128571,38.04142857,553.258,717.574,3.7,-3.471428571,5.257142857
2015-01-19,,,,,,124.6057143,38.03714286,552.567,690.801,5.55,-0.942857143,6.357142857
2015-01-26,4.6,3.4,0,2.805,0.015,123.8585714,38.03428571,553.453,721.22,11.6,0.671428571,7.071428571
2015-02-02,2.9,1.6,0,2.793,0.015,123.0985714,38.03857143,552.092,714.594,0,-2.957142857,5.657142857
2015-02-09,,,,,,122.34,38.03428571,552.043,693.471,0.8,-2.485714286,5.585714286
2015-02-16,3.6,3.6,0,2.86,0.015,121.5571429,38.04142857,552.618,666.873,12.4,1.242857143,7.014285714
2015-02-23,5.5,2.3,0,3.018,0.025,120.8514286,38.02857143,553.187,712.243,13.2,1.842857143,8.642857143
2015-03-02,5.6,1.2,0,2.864,0.017,120.2757143,38.02714286,563.54,769.998,0.7,1.7,7.371428571
2015-03-09,6.6,2.2,0,2.509,0.014,119.5628571,38.03428571,596.008,744.535,0.9,2.042857143,9.114285714
2015-03-16,7.4,1.7,0,2.803,0.015,118.7157143,38.02428571,624.46,736.359,2.8,2.8,10.72857143
2015-03-23,8.8,5,0,2.817,0.024,118.0785714,38.03571429,644.656,874.469,17.5,9.414285714,16.27142857
2015-03-30,11.3,4.6,0,2.455,0.014,117.9185714,38.02285714,551.567,700.517,0,8.257142857,16.44285714
2015-04-06,11.1,6.2,0,3.236,0.036,117.8457143,38.07,588.842,864.855,38.9,10.97142857,18.15714286
2015-04-13,11.4,4.7,0,2.492,0.019,118.6014286,38.02142857,600.246,891.521,2.4,10.17142857,16.38571429
2015-04-20,12,7,0,2.66,0.04,118.5657143,38.04857143,598.392,883.283,65.2,10.24285714,18.67142857
2015-04-27,16.2,6.2,0,2.436,0.022,118.9042857,38.05571429,599.989,945.405,0,14.81428571,22.57142857
2015-05-04,17.6,4.4,0,2.305,0.026,118.8457143,38.01714286,649.318,840.431,10.1,18.41428571,25.2
2015-05-11,17.1,3.3,0,2.296,0.021,118.1728571,38.02428571,688.13,803.609,14.4,16.18571429,24.02857143
2015-05-18,17.3,2.9,0,2.261,0.027,117.3414286,38.02571429,689.377,826.832,10.9,17.8,24.51428571
2015-05-25,20.9,2.1,0,2.091,0.024,116.5357143,38.02285714,529.279,619.848,0.7,18.35714286,26.8
2015-06-01,22.5,7.5,0,1.885,0.045,115.92,38.02142857,386.589,421.001,1.1,21.2,29.22857143
2015-06-08,22.3,40.1,0,1.995,0.029,115.4714286,38.02142857,261.789,273.043,0.8,21.14285714,29.3
2015-06-15,25.6,59.5,0,1.713,0.037,115.1928571,38.01714286,210.292,212.739,16.4,23.27142857,28.64285714
2015-06-22,25.2,34,0,1.881,0.044,114.9714286,38.02142857,212.918,315.892,58.55,22.32857143,28.15714286
2015-06-29,25.6,33.9,0,1.851,0.034,114.9857143,38.04857143,232.599,461.174,24.3,23.5,27.42857143
2015-07-06,27.5,26.3,120,1.294,0.041,115.3771429,38.01,194.449,299.124,0.05,23.07142857,28.1
2015-07-13,25.7,10.2,0,1.569,0.036,115.6328571,38.02142857,79.701,269.837,35.05,24.08571429,27.77142857
2015-07-20,26.2,18.7,0,1.414,0.033,116.5857143,38.01285714,151.481,268.009,2.7,24.12857143,29.35714286
2015-07-27,26,2.3,0,2.837,0.081,118.0057143,38.08285714,56.078,989.742,143,26.14285714,29.41428571
2015-08-03,28,38.2,60,2.597,0.206,121.1942857,38.12142857,98.432,795.449,46.4,26.87142857,31.55714286
2015-08-10,27.9,23.9,0,2.012,0.104,122.2257143,38.01428571,175.645,533.556,5.9,27.2,32.65714286
2015-08-17,27.6,38.4,487,1.533,0.044,122.5814286,38.00142857,191.017,384.654,17.8,25.1,29.91428571
2015-08-24,25.9,18.4,299,1.43,0.04,122.7842857,38.00142857,185.809,355.853,3.15,24.72857143,29.21428571
2015-08-31,26.7,33.3,0,1.276,0.042,124.5514286,37.99857143,179.191,333.887,13.6,22.61428571,28.01428571
2015-09-07,24.7,25.9,0,1.448,0.03,125.4628571,37.99571429,199.922,338.067,9.8,22.15714286,27.38571429
2015-09-14,21.9,25.4,0,1.438,0.036,125.7542857,37.99571429,204.782,310.396,6.5,19.48571429,26.61428571
2015-09-21,23.3,25.2,0,1.512,0.021,125.8214286,37.99571429,211.691,282.905,0,19.48571429,26.11428571
2015-09-28,21.2,17.1,0,1.72,0.03,125.7371429,37.99857143,211.012,276.068,0,19.61428571,25.92857143
2015-10-05,18.9,25.1,0,1.779,0.029,125.75,37.99428571,99.012,284.915,23.3,16.67142857,24.01428571
2015-10-12,17.7,7.7,0,1.669,0.03,125.8814286,37.98285714,160.093,244.774,10.3,13.95714286,22.35714286
2015-10-19,20,4.1,0,1.68,0.021,125.8114286,37.98857143,205.383,274.106,0,14.52857143,22.74285714
2015-10-26,17,4.6,0,1.776,0.028,125.5528571,37.99714286,299.766,377.994,4.75,14.98571429,22.04285714
2015-11-02,11.7,2.2,0,1.928,0.022,125.2671429,37.99285714,288.728,391.391,18,7.214285714,16.48571429
2015-11-09,13.3,2.4,0,2.017,0.025,125.0942857,37.99714286,141.677,298.811,53.4,9.771428571,17.37142857
2015-11-16,14.1,3.8,0,2.928,0.079,125.5685714,37.99857143,130.341,352.162,55.2,10.8,15.87142857
2015-11-23,11.8,5.4,0,2.475,0.049,126.8214286,38.00142857,35.024,409.238,22.3,9.585714286,14.14285714
2015-11-30,6.5,2,0,2.673,0.03,127.7942857,38.00285714,105.241,365.437,16.8,1.685714286,8.342857143
2015-12-07,6,3.3,0,3.021,0.044,128.45,37.98571429,80.977,374.156,27.4,0.771428571,8.328571429
2015-12-14,6.3,5.8,0,2.784,0.018,129.03,38.00428571,95.073,340.02,6.6,3.328571429,9.728571429
2015-12-21,3.4,2.2,0,3.112,0.012,129.5428571,38.00857143,90.031,311.246,4.2,-1.314285714,6.4
2015-12-28,,,,,,129.8485714,38.00714286,114.994,291.019,0.9,-0.128571429,6.928571429
2016-01-04,4.3,7.6,0,3.18,0.018,129.94,38.01285714,204.817,312.42,1,0.257142857,6.228571429
2016-01-11,,,,,,129.8728571,38.00857143,269.844,371.665,0,-1.871428571,4.485714286
2016-01-18,2.2,7.5,0,2.706,0.013,129.7057143,38.00142857,264.844,378.131,3,-3.342857143,3.185714286
2016-01-25,,,,,,129.4,38.01,389.81,457.026,0,-10.04285714,0.157142857
2016-02-01,,,,,,128.9657143,38.01857143,419.874,496.077,0.6,-2.442857143,4.071428571
2016-02-08,,,,,,128.44,38.00714286,453.319,530.716,0.8,-3.042857143,4.742857143
2016-02-15,4.7,17.9,0,2.605,0.027,128.0185714,38.01142857,374.837,532.928,31.75,2.057142857,9.257142857
2016-02-22,4,14.1,0,3.197,0.027,128.1828571,38.00142857,179.848,292.576,1,0.5,6.1
2016-02-29,,,,,,128.1071429,38.00714286,299.85,401.832,18.7,-0.214285714,7.371428571
2016-03-07,8.4,18.1,0,3.696,0.204,127.7914286,38.06428571,573.216,848.372,58.2,5.714285714,11.25714286
2016-03-14,6.2,9.6,0,2.87,0.022,128.2157143,38.02,566.221,900.394,0,1.914285714,11.08571429
2016-03-21,10.1,9.4,0,2.582,0.02,127.9885714,38.00142857,566.379,779.494,0,8.6,15.07142857
2016-03-28,9.4,9.5,0,2.469,0.021,127.5614286,37.98571429,566.236,729.69,0,6.914285714,14.82857143
2016-04-04,10.3,8.3,0,2.166,0.018,126.9128571,38.05285714,839.404,836.141,0.1,12.27142857,18.17142857
2016-04-11,10.3,14.8,0,2.061,0.019,125.8457143,38.25285714,1044.64,975.253,17.1,13.04285714,19.34285714
2016-04-18,12.6,5.4,0,2.469,0.031,125.1842857,38.25285714,1044.172,1107.883,52.4,13.04285714,20.34285714
2016-04-25,14,6.9,0,2.505,0.025,125.5871429,38.21857143,1044.507,1351.785,16.7,14.24285714,21.32857143
2016-05-02,12.1,7.2,0,2.24,0.018,125.0157143,38.20857143,1588.805,1543.712,10.6,16.77142857,22.21428571
2016-05-09,15.1,4.3,0,2.347,0.019,123.3914286,38.22571429,1707.858,1649.282,27.9,16.84285714,23
2016-05-16,18.2,8.7,0,2.329,0.028,122.1071429,38.18,911.67,1113.927,36.5,16.88571429,24.08571429
2016-05-23,19.6,11,0,2.206,0.04,121.4971429,38.08285714,699.806,881.216,0,21.02857143,26.97142857
2016-05-30,21.4,7.9,0,2.229,0.04,121.1285714,38.00857143,421.434,664.97,23.4,19.7,27
2016-06-06,22.4,13.6,0,2.302,0.05,120.7371429,38.00571429,401.706,476.809,0.05,21.52857143,28.2
2016-06-13,23.2,25.8,0,2.008,0.05,120.2257143,38.02142857,441.977,454.476,0.15,23.4,28.25714286
2016-06-20,23.7,23.9,0,1.947,0.035,119.7428571,38.01428571,422.073,515.262,2.15,23.18571429,28.52857143
2016-06-27,23.5,39.6,0,1.9,0.038,119.3742857,37.99857143,300.617,413.728,16.7,23.65714286,28.07142857
2016-07-04,22.2,11.2,0,2.088,0.066,119.7214286,38.10142857,256.486,1001.194,124.7,23.57142857,27.92857143
2016-07-11,,,,,,131.17,38.16571429,4488.07,9850.296,33.4,25.51428571,28.21428571
2016-07-18,21.2,3.6,0,2.919,0.057,128.9885714,38.22,3298.314,4743.646,90.7,23.88571429,28.9
2016-07-25,23.5,19.3,0,2.691,0.04,129.24,38.21285714,1602.848,2165.526,0.3,27.1,29.27142857
2016-08-01,22.5,9.7,0,2.602,0.056,129.0242857,38.14142857,911.408,1146.933,35.05,26.97142857,31.57142857
2016-08-08,26.4,15.3,0,2.452,0.032,128.6314286,38.17714286,861.77,959.71,0,28.57142857,32.24285714
2016-08-15,25.8,11.6,0,2.596,0.034,127.9528571,38.16571429,842.25,840.215,2.9,28.91428571,33.48571429
2016-08-22,25,10.3,0,2.563,0.03,127.0457143,38.19857143,842.192,752.032,0.05,28.78571429,32.07142857
2016-08-29,21.1,13.8,0,2.428,0.03,126.05,38.20857143,840.947,729.253,37.6,23.41428571,30.87142857
2016-09-05,22.8,9.7,0,2.458,0.029,126.0385714,38.20428571,741.84,737.992,23.7,22.38571429,28.35714286
2016-09-12,24.5,10.4,0,2.401,0.013,126.2428571,38.11571429,526.207,603.437,1.65,23.11428571,28.44285714
2016-09-19,22.2,11,0,1.978,0.028,126.5271429,38.01142857,146.229,365.899,34.6,21.74285714,26.7
2016-09-26,22.5,30.7,0,1.581,0.026,127.0614286,38.00714286,182.999,345.567,0,19.05714286,25.35714286
2016-10-03,20.9,4.6,0,2.009,0.034,127.2171429,38.02285714,219.909,354.472,18.35,19.5,24.44285714
2016-10-10,18.8,5.7,0,2.075,0.04,127.4028571,38.05714286,270.437,496.294,21.9,16.3,23.75714286
2016-10-17,18.5,2.5,0,2.261,0.025,127.57,38.10142857,490.83,610.9,2.5,14.38571429,21.65714286
2016-10-24,17.4,1.7,0,2.323,0.026,127.1571429,38.14285714,590.885,593.344,3.6,14.58571429,20.88571429
2016-10-31,14,1.3,0,2.391,0.027,127,38.08571429,435.57,633.949,45.1,10.01428571,17.3
2016-11-07,13.7,0.8,0,2.279,0.019,126.9528571,38.01857143,280.734,417.099,3.15,8.942857143,14.14285714
2016-11-14,11.6,1,0,2.338,0.014,126.9228571,38.02714286,270.644,400.432,9.4,7.628571429,13.48571429
2016-11-21,11.6,2.3,0,2.244,0.015,126.8514286,38.02,260.856,377.113,2.7,7.7,14.25714286
2016-11-28,6.4,1.9,0,2.146,0.009,126.7585714,38.04428571,260.814,360.388,2.2,0.385714286,8.657142857
2016-12-05,6.2,3.1,0,2.364,0.02,126.5585714,38.10285714,285.315,279.217,0.5,2.557142857,8.685714286
2016-12-12,4.8,2.1,0,2.564,0.012,126.3814286,38.02142857,240.155,326.445,3.2,-0.914285714,6.685714286
2016-12-19,3.8,2.7,0,2.614,0.012,126.21,38.03428571,245.31,295.947,1.2,0.185714286,6.314285714
2016-12-26,4.6,3.4,0,2.972,0.022,126.38,38.11,215.289,309.895,53.9,2.328571429,7.714285714
2017-01-02,4.6,2.6,0,2.475,0.015,126.7871429,38.19714286,470.333,426.557,0.9,-1.485714286,5.3
2017-01-09,6,2.7,0,2.587,0.014,126.6914286,38.09571429,370.113,389.55,0,3.314285714,7.528571429
2017-01-16,,,,,,126.4757143,38.09142857,385.157,384.669,0.1,-4.914285714,2.942857143
2017-01-23,,,,,,126.1771429,38.13285714,375.162,319.122,0.15,-5.285714286,3.242857143
2017-01-30,,,,,,125.8128571,38.04571429,410.177,428.224,8.55,-4.371428571,3.657142857
2017-02-06,,,,,,125.4628571,38.04714286,355.274,334.689,0.4,-1.985714286,4.457142857
2017-02-13,,,,,,125.1557143,38.02285714,315.291,357.936,0,-3.328571429,4.171428571
2017-02-20,4.7,10.1,0,2.723,0.018,124.8457143,38.02142857,315.226,384.774,9.3,1,7.442857143
2017-02-27,5.6,14.4,0,2.719,0.023,124.7414286,38.00428571,230.174,420.279,11.2,1.014285714,7.042857143
2017-03-06,6.7,10.4,0,2.784,0.021,124.5371429,38.01714286,415.73,539.259,5.65,3.314285714,10.25714286
2017-03-13,7,9.3,0,2.499,0.017,124.0014286,38.02,515.903,603.429,0,4.042857143,10.65714286
2017-03-20,9.3,14.3,0,2.42,0.025,123.5271429,38.01714286,345.824,434.902,0,6.928571429,14.55714286
2017-03-27,9.1,13.6,0,2.469,0.024,123.2771429,38.01714286,315.519,389.873,2,6.785714286,14.35714286
2017-04-03,10,8.5,0,2.728,0.026,123.1014286,38.02,380.134,453.105,6,7.828571429,15.27142857
2017-04-10,13.4,14.1,0,2.491,0.027,123.1328571,38.02,415.184,561.226,22.5,13.17142857,18.77142857
2017-04-17,11.8,7.2,0,2.302,0.021,123.4442857,38.10285714,865.057,900.404,13.05,13.55714286,19.2
2017-04-24,12.5,4.5,0,2.367,0.018,122.9885714,38.13,895.019,982.475,6.8,12.72857143,19.57142857
2017-05-01,17.2,8.6,0,2.247,0.028,123.0685714,38.01714286,392.076,451.276,0,16.02857143,22.25714286
2017-05-08,16.5,8.1,0,1.952,0.022,122.9214286,38.01428571,433.96,447.394,0.05,18.04285714,24.94285714
2017-05-15,16.1,8.1,0,2.049,0.023,122.4985714,38.02142857,469.117,503.135,18.7,15.92857143,24.88571429
2017-05-22,18.1,6,0,2.132,0.023,121.9657143,38.02428571,478.912,515.412,0,19.15714286,26.72857143
2017-05-29,18.4,6.2,0,1.959,0.023,121.3514286,38.01714286,469.023,498.4,4.5,19.5,27.55714286
2017-06-05,19.8,5.3,0,1.99,0.023,120.7328571,38.01,433.374,475.117,0,21.22857143,27.74285714
2017-06-12,20.4,4.9,0,1.993,0.017,120.1757143,38.00571429,420.007,440.942,18.15,19.65714286,27.07142857
2017-06-19,22.5,7,0,1.941,0.025,119.5985714,38.00857143,420.105,433.774,0.05,22.75714286,28.97142857
2017-06-26,22.4,4.3,0,1.789,0.023,118.9614286,38.00571429,404.889,408.173,24.6,24,30.37142857
2017-07-03,,,,,,118.7,38.07142857,210.1,539.543,70.5,24.3,29.02857143
2017-07-10,,,,,,126.7728571,38.10285714,69.802,2330.35,156.6,25.25714286,29.51428571
2017-07-17,,,,,,134.2057143,38.32,363.444,7654.545,106.3,25.12857143,31.57142857
2017-07-24,19.7,4.7,0,2.978,0.1,137.1571429,38.23,2049.816,3263.199,84.1,26.91428571,32.41428571
2017-07-31,20.4,3.2,0,2.586,0.098,136.4785714,38.2,2449,5120.047,41.9,25.5,31.42857143
2017-08-07,23.9,12.2,0,2.876,0.061,135.3457143,38.24,2348.858,3688.342,2.2,28.05714286,32.12857143
2017-08-14,23,8.4,0,2.759,0.061,134.6742857,38.32285714,1049.923,1691.265,33.15,24.47142857,31.3
2017-08-21,23.4,6.6,0,3.015,0.15,135.8857143,38.27142857,1350.311,2925.898,174.5,23.07142857,28.97142857
2017-08-28,21.8,3.4,0,3.018,0.078,137.69,38.23714286,5995.048,9462.188,94,23.42857143,29.12857143
2017-09-04,22.7,2.3,0,3.048,0.052,136.1142857,38.35285714,2450.023,3168.943,0,19.85714286,27.52857143
2017-09-11,22.1,19.2,0,2.562,0.042,135.7,38.09571429,700.088,991.167,12.05,20.5,27.48571429
2017-09-18,21.9,12.4,0,2.475,0.03,135.47,38.05285714,699.872,951.079,0,19.74285714,26.27142857
2017-09-25,21.7,10.2,0,2.625,0.035,135.0871429,38.13714286,700.069,837.382,14.2,18.95714286,26.41428571
2017-10-02,,,,,,134.6514286,38.15571429,640.537,733.617,15,17.84285714,24.41428571
2017-10-09,21.6,4.5,0,2.543,0.037,134.3514286,38.06714286,491.998,662.65,0.8,18.21428571,22.47142857
2017-10-16,17.7,5,0,2.478,0.041,134.0585714,38.05428571,501.181,612.318,4.4,13.98571429,21.04285714
2017-10-23,17.2,3.1,0,2.446,0.034,133.7171429,38.04285714,521.97,611.798,0.2,13.65714286,20.57142857
2017-10-30,16.3,2.8,0,2.564,0.028,133.1957143,38.07142857,581.985,654.954,0,10.9,19.31428571
2017-11-06,13,1.6,0,2.478,0.033,132.7928571,38.02142857,443.477,556.193,3.1,8.757142857,16.28571429
2017-11-13,11,1.4,0,2.329,0.021,132.35,38.01857143,470.429,557.618,5.4,7.171428571,14.77142857
2017-11-20,6.9,1.3,0,2.702,0.014,131.9457143,38.01428571,421.156,542.818,0.1,1.128571429,9.685714286
2017-11-27,8.2,2.7,0,3.151,0.024,131.4842857,38.03285714,489.079,572.715,20.1,0.6,8.885714286
2017-12-04,7.2,2.3,0,2.768,0.011,130.9314286,38.01714286,575.046,679.295,3.35,0.614285714,7.7
2017-12-11,5.5,2.7,0,2.73,0.016,130.3014286,38.02,574.822,698.976,8,-2.485714286,4.2
2017-12-18,2.3,2.9,0,2.586,0.015,129.6214286,38.01285714,544.914,621.009,1.8,-6.885714286,1.757142857
2017-12-25,3.9,3.6,0,2.808,0.018,129.0714286,38.01428571,432.948,560.543,14.25,-1.583333333,4.857142857
2018-01-01,3,3.7,0,2.62,0.011,128.5985714,38.02,413.041,521.937,2.9,-2.285714286,3.3
2018-01-08,2.3,3.8,0,2.758,0.016,128.1642857,38.00857143,365.06,478.743,1.5,-3.2,2.457142857
2018-01-15,1,4,0,2.678,0.015,127.7271429,38.00428571,365.077,428.526,1.2,-5.5,1.814285714
2018-01-22,3.5,4.4,0,2.613,0.013,127.3057143,38.01,364.97,460.839,5.4,0.757142857,5.5
2018-01-29,,,,,,126.8671429,38.00428571,364.726,420.204,0,-10.48571429,-1.285714286
2018-02-05,,,,,,126.3942857,38.01,365.058,439.499,0.7,-5.657142857,1.185714286
2018-02-12,,,,,,125.9,38.01571429,364.912,444.15,1.2,-6.071428571,1.7
2018-02-19,,,,,,125.4114286,38.01,365.022,430.269,0.1,-1.214285714,5.685714286
2018-02-26,,,,,,124.8928571,38.00714286,365.014,466.288,3.6,1.214285714,8.314285714
2018-03-05,7.2,12.4,0,2.878,0.038,124.4957143,38.05285714,365.028,581.478,55.4,3.328571429,10.02857143
2018-03-12,7.2,12.9,0,3.342,0.044,124.4757143,38.08142857,364.987,675.345,10.8,4.4,9.9
2018-03-19,9,11.2,0,3.266,0.03,124.5871429,38.10857143,364.982,674.728,31.9,8.8,14.85714286
2018-03-26,8.8,7.2,0,3.314,0.028,125.4585714,38.12428571,364.915,749.376,1.2,6.085714286,13.18571429
2018-04-02,13.1,17.9,0,2.953,0.039,125.8828571,38.00285714,405.119,600.523,0,14.28571429,18.54285714
2018-04-09,9,7.7,0,3.272,0.036,126.3057143,38.16571429,605.44,900.59,45.6,8.414285714,15.55714286
2018-04-16,10.6,11.2,0,2.525,0.028,127.1557143,38.17571429,735.423,1039.606,26.3,11.35714286,18.17142857
2018-04-23,13,12.4,0,2.439,0.026,127.5071429,38.15428571,750.325,1013.485,67.8,13.94285714,20.9
2018-04-30,13.3,9,0,2.517,0.027,128.6514286,38.15571429,981.619,1154.809,6.1,14.27142857,20.45714286
2018-05-07,11.4,10.1,0,2.721,0.026,127.9814286,38.24428571,2101.886,2075.907,39.8,15.27142857,21.58571429
2018-05-14,14,7.2,0,3.261,0.055,125.9071429,38.22,2601.904,2897.704,31.9,15.47142857,22.97142857
2018-05-21,14.7,3.3,0,3.614,0.108,125.9257143,38.22714286,2102.822,4113.538,72.7,18.12857143,24.68571429
2018-05-28,15.5,4.9,0,3.2,0.068,127.3428571,38.25,2491.709,2725.849,14.7,18.75714286,25.54285714
2018-06-04,19.1,12.1,0,3.158,0.076,124.38,38.15571429,2475.516,2576.008,30.1,21.14285714,27.57142857
2018-06-11,20.4,27.5,0,2.922,0.062,122.65,38.16571429,912.356,989.532,0.2,21.7,27.37142857
2018-06-18,21.1,24.1,0,2.76,0.064,121.4214286,38.02142857,632.102,801.937,7.35,21.32857143,27.62857143
2018-06-25,22.6,37.1,0,2.709,0.05,120.5985714,38.02,632.022,743.433,0,23.84285714,29.91428571
2018-07-02,20.9,15,0,3.224,0.622,120.8171429,38.22,962.069,3184.598,219.8,22.71428571,28.15714286
2018-07-09,19.4,4,0,3.484,0.124,128.7471429,38.22428571,1998.951,3784.699,77.5,23.15714286,28.28571429
2018-07-16,23.3,10.3,0,2.977,0.056,129.8771429,38.28571429,1602.182,1986.651,11.4,26.57142857,31.08571429
2018-07-23,25.9,17.5,0,2.804,0.046,129.7971429,38.04714286,702.153,911.447,0,28.8,34.2
2018-07-30,26,18.8,0,2.446,0.046,129.3428571,38.03428571,702.143,802.936,17.2,29.77142857,35.48571429
2018-08-06,25.4,20,255,2.513,0.032,128.6342857,38.03714286,702.147,774.629,2.15,30.34285714,35.84285714
2018-08-13,26.2,22.7,480,2.34,0.036,127.8957143,38.01714286,702.121,820.736,35.95,28.65714286,34.81428571
2018-08-20,24.5,8.7,90,2.778,0.03,127.25,38.01714286,702.167,784.132,0,26.82857143,34.02857143
2018-08-27,22.3,14.4,0,2.46,0.063,126.86,38.09857143,667.901,913.375,106.9,24.44285714,32.04285714
2018-09-03,22.5,3.8,,3.286,0.132,134.6457143,38.14428571,1294.751,5975.224,209.5,23.84285714,29.57142857
2018-09-10,20.6,3.5,0,2.916,0.094,138.81,38.24428571,7029.008,10688.994,2.1,21.1,27.47142857
2018-09-17,21.3,7.5,0,2.924,0.052,137.0571429,38.21428571,1002.957,1139.349,11.25,20.61428571,26.48571429
2018-09-24,19.5,3.3,0,2.724,0.041,136.9142857,38.23,1002.775,1362.322,55.6,18.55714286,24.95714286
2018-10-01,19.5,3.6,0,2.556,0.037,137.1028571,38.18857143,937.99,1119.703,0,16.04285714,23.37142857
2018-10-08,17.8,5.4,0,2.427,0.105,137.47,38.17571429,731.508,1523.97,91.3,15.08571429,22.08571429
2018-10-15,16.8,2.8,0,2.567,0.038,139.1257143,38.26571429,870.24,1128.237,1.4,10.64285714,19.04285714
2018-10-22,16.4,9.5,0,2.611,0.029,138.9671429,38.14285714,869.99,1021.205,5.8,10.18571429,19.05714286
2018-10-29,13.7,4.7,0,2.793,0.03,138.5942857,38.13571429,870.111,991.752,17.8,8.642857143,17.28571429
2018-11-05,12.8,2.3,0,2.705,0.023,138.2757143,38.09428571,564.385,798.515,0.1,7.414285714,15.54285714
2018-11-12,12.1,3.1,0,2.802,0.037,138.56,38.16428571,395.818,806.707,60.1,10,16.05714286
2018-11-19,10.3,4.6,0,2.618,0.024,139.5257143,38.03857143,329.534,653.986,0,6.242857143,13.41428571
2018-11-26,8.4,2.7,0,2.874,0.018,139.6714286,38.02714286,440.712,695.181,14.6,2.314285714,10.12857143
2018-12-03,8,3,0,3.035,0.016,139.6257143,38.19285714,440.402,508.981,17.7,3.228571429,10.6
2018-12-10,3.1,2.1,0,3.193,0.025,139.7528571,38.12571429,440.189,672.596,10.7,-2.1,5.057142857
2018-12-17,3.2,1.3,0,3.049,0.014,139.8714286,38.08,380.493,608.265,1.4,-3.228571429,4.685714286
2018-12-24,5.3,1,0,3.419,0.019,139.9371429,38.01857143,300.235,529.663,0,1.3,6.657142857
2018-12-31,,,,,,139.9128571,38.02142857,300.292,499.29,0,-6.657142857,1.342857143
2019-01-07,,,,,,139.55,38.14142857,733.076,714.082,0,-4.9,3.528571429
2019-01-14,,,,,,138.9642857,38.14571429,733.008,758.877,0,-2.228571429,4.314285714
2019-01-21,4.1,3.9,0,2.99,0.033,138.3514286,38.15571429,732.915,767.407,0.5,-1.942857143,4.514285714
2019-01-28,4.1,3.3,0,2.903,0.014,137.7228571,38.12571429,732.805,738.057,0.8,-1.028571429,5.242857143
2019-02-04,4.9,4.8,0,3.005,0.017,137.0728571,38.15285714,732.923,752.302,23.1,-0.671428571,5.485714286
2019-02-11,3.3,4.1,0,3.027,0.015,136.4671429,38.15,733.176,769.096,0,-2.028571429,5.471428571
2019-02-18,4,4.3,0,3.068,0.018,135.8,38.05142857,733.224,820.686,1.1,-1.385714286,6.385714286
2019-02-25,6.3,4,0,3.032,0.021,135.1114286,38.02571429,733.235,861.414,9.9,2.142857143,9.628571429
2019-03-04,7.3,8.4,0,2.844,0.02,134.4114286,38.02428571,749.123,862.374,0,5.957142857,11.74285714
2019-03-11,7,9.7,0,2.963,0.023,133.6714286,38.02,761.012,864.266,0.2,6.5,12.45714286
2019-03-18,7.1,5.3,0,2.993,0.021,132.9257143,38.07571429,761.155,816.022,5.9,4.142857143,12
2019-03-25,7.8,8.3,0,3.146,0.029,132.3285714,38.05,760.987,906.396,27.9,5.666666667,14.44285714
2019-04-01,7.2,7.2,0,2.77,0.02,131.9328571,38.07,890.424,920.292,6.2,7.614285714,14.87142857
2019-04-08,8.3,4,0,2.515,0.017,130.3957143,38.32714286,1666.497,1517.437,0.2,9.028571429,15.9
2019-04-15,8.2,4.3,0,2.366,0.015,128.5628571,38.26857143,1607.217,1786.509,26.2,8.871428571,16.57142857
2019-04-22,11.5,4.1,0,2.448,0.017,127.4357143,38.20571429,1289.874,1174.009,0.35,14.5,20.52857143
2019-04-29,10.6,4.5,0,2.689,0.021,126.18,38.23285714,1277.836,1246.234,22.1,13.32857143,20.45714286
2019-05-06,15.4,13.8,0,2.254,0.037,125.5614286,38.07142857,642.304,841.548,0,16.61428571,22.8
2019-05-13,16.7,10.7,0,2.399,0.037,125.2428571,38.02428571,548.268,637.377,0,17.32857143,24.44285714
2019-05-20,16.8,8.8,0,2.272,0.033,124.7314286,38.03142857,500.288,595.397,11.1,20.27142857,27.12857143
2019-05-27,18.6,8.5,0,2.108,0.032,124.18,38.03285714,492.284,595.454,6.9,20.5,27.14285714
2019-06-03,18.4,8.8,0,2.014,0.032,123.5985714,38.02142857,486.161,573.588,0,19.55714286,26.47142857
2019-06-10,20.2,6.4,0,1.888,0.035,123.0814286,38.03428571,478.972,710.325,54.9,21.18571429,27.98571429
2019-06-17,20.4,16.3,0,2.1,0.03,122.8,38.02428571,478.444,606.9,10.5,21.12857143,27.34285714
2019-06-24,20.6,24.6,0,1.921,0.038,122.5328571,38.01714286,478.53,563.346,7.1,22.38333333,27.71428571
2019-07-01,20,11.8,0,1.864,0.033,122.07,38.02,478.422,558.645,6,23.67142857,28.71428571
2019-07-08,22.1,14.6,0,1.871,0.031,121.5042857,38.01142857,477.996,519.538,6,24.32857143,30.32857143
2019-07-15,22,16.4,0,2.005,0.022,121.2042857,38.02428571,424.016,470.328,33.1,22.9,28.87142857
2019-07-22,22.3,9.3,0,1.897,0.035,121.2742857,38.02428571,352.196,567.837,23.3,25.97142857,29.98571429
2019-07-29,23.9,7.3,0,2.765,0.103,122.9457143,38.14142857,292.023,1334.753,155,26.67142857,30.85714286
2019-08-05,27.5,31,0,2.612,0.073,125.28,38.06285714,268.485,856.775,67.4,28.28571429,33.02857143
2019-08-12,27.7,14.7,420,2.104,0.055,127.29,38.07428571,282.572,817.704,41.3,27.67142857,33.04285714
2019-08-19,25.1,45.3,194,1.973,0.064,129.1657143,38.04285714,367.261,649.711,17,25.84285714,31.88571429
2019-08-26,23.3,15.3,302,1.894,0.028,130.2014286,38.02571429,375.384,550.562,0,24.57142857,30.32857143
2019-09-02,22.3,18.7,0,1.822,0.029,130.1342857,38.03571429,465.632,633.241,11.4,22.65714286,28.5
2019-09-09,24,15.8,0,1.871,0.05,129.9814286,38.12428571,475.707,845.194,91.9,23.51428571,27.4
2019-09-16,23.4,5.6,20,2.287,0.042,130.5928571,38.09285714,466.453,1048.363,85.4,22.21428571,27.62857143
2019-09-23,18.5,10.4,0,2.136,0.086,131.2142857,38.07571429,482.639,981.479,63.8,18.25714286,25.38571429
2019-09-30,21.5,2.7,0,2.382,0.04,133.6185714,38.06285714,456.906,917.191,0,18.9,25.17142857
2019-10-07,19.5,2.9,0,2.796,0.076,135.6257143,38.18428571,511.67,1407.782,77.8,18.68571429,23.92857143
2019-10-14,17.7,1.8,0,2.515,0.036,137.22,38.08142857,586.879,796.857,0,14.3,20.95714286
2019-10-21,17.4,2.2,0,2.425,0.028,137.1828571,38.01285714,586.951,744.052,0.05,13.15714286,20.08571429
2019-10-28,15.5,3.4,0,2.473,0.025,136.9042857,38.02857143,587.052,725.178,0.05,12.8,19.81428571
2019-11-04,15.6,2.2,0,2.58,0.025,136.53,38.05714286,552.29,664.028,1.85,11.02857143,18.38571429
2019-11-11,12.7,2.7,0,2.374,0.02,136.1985714,38.08142857,526.197,608.052,11.6,7.1,16.01428571
2019-11-18,11.6,2.9,0,3.1,0.036,135.8871429,38.15,526.173,808.77,69.8,4.742857143,12.94285714
2019-11-25,11,1.8,0,3.242,0.031,136.0942857,38.20857143,526.501,965.113,1.1,4.2,11.7
2019-12-02,,,,2.741,0.017,135.9914286,38.14142857,526.124,655.365,4.8,3.342857143,9.314285714
2019-12-09,4.8,1.6,0,3.012,0.018,135.7242857,38.11428571,526.017,640.221,1.8,-2.442857143,6.214285714
2019-12-16,6.5,2.1,0,2.932,0.014,135.3785714,38.11,525.982,610.084,2.85,2.285714286,8.571428571
2019-12-23,6.1,3.1,0,2.7,0.016,135,38.11142857,526.016,596.612,5.3,1.242857143,7.614285714
2019-12-30,5.1,2.9,0,2.978,0.014,134.5942857,38.09571429,525.943,623.373,4.3,-0.457142857,6.385714286
2020-01-06,4.2,2.9,0,3.006,0.018,134.1671429,38.09285714,525.867,630.882,4.4,-1.642857143,5.742857143
2020-01-13,4.3,2.5,0,3.714,0.028,134.7028571,38.23714286,497.733,1292.78,65.4,0.8,5.771428571
2020-01-20,3.8,2.4,0,3.576,0.018,135.1457143,38.06,525.927,836.966,0.5,-1.328571429,4.871428571
2020-01-27,5.6,4.3,0,3.35,0.016,134.98,38.11285714,526.138,673.249,2.15,2.371428571,7.714285714
2020-02-03,5.5,6.9,0,3.114,0.016,134.7214286,38.09571429,525.927,657.257,0.2,3.3,7.314285714
2020-02-10,3.9,3.8,0,3.394,0.018,134.3985714,38.09571429,525.874,661.282,1.7,-1.9,5.228571429
2020-02-17,6.1,7.4,0,2.946,0.022,134.0842857,38.03428571,525.798,719.567,23.2,3.4,9.957142857
2020-02-24,5.7,3.8,0,3.46,0.018,134.0085714,38.06714286,525.866,711.986,6.6,2.6,8.914285714
2020-03-02,7.4,5.6,0,3.406,0.032,134.2014286,38.23285714,517.303,893.191,28.15,5.314285714,11.32857143
2020-03-09,7.8,4.9,0,3.24,0.024,134.44,38.16714286,526.053,631.666,0.05,4.928571429,11.02857143
2020-03-16,8,8.3,0,2.912,0.026,134.5514286,38.19571429,525.901,550.913,8.7,5.271428571,12.25714286
2020-03-23,10.7,9.1,0,2.918,0.024,134.5771429,38.19,525.972,482.901,0.2,9.028571429,15.27142857
2020-03-30,10.5,15.1,0,2.756,0.03,134.5542857,38.11142857,525.986,609.511,11.5,10.6,17
2020-04-06,10.6,6.5,0,2.48,0.024,134.43,38.14428571,722.626,697.468,0,9.585714286,17.54285714
2020-04-13,10.4,4.3,0,2.618,0.02,133.9428571,38.15142857,755.327,705.808,0,9.8,17.5
2020-04-20,10.6,4,0,2.422,0.02,133.4128571,38.15,755.297,704.327,26.1,12.44285714,18.9
2020-04-27,11.8,5.1,0,2.264,0.02,132.9928571,38.14857143,755.414,707.133,2.25,9.8,17.51428571
2020-05-04,14.6,3.6,0,2.274,0.022,132.4228571,38.16428571,811.802,715.871,0.05,18.1,23.71428571
2020-05-11,,,,1.948,0.022,131.6142857,38.19428571,854.035,760.318,35.3,16.78571429,24.25714286
2020-05-18,16.1,3.8,0,2.19,0.024,130.9628571,38.20857143,854.329,795.925,62.45,17.35714286,23.27142857
2020-05-25,16,4.3,0,2.25,0.038,131.5785714,38.18571429,854.156,1330.883,17.65,16.3,22.94285714
2020-06-01,17.7,5,0,2.13,0.029,131.6728571,38.19714286,842.093,831.449,0.7,19.58571429,26
2020-06-08,19.4,4.2,0,2.081,0.03,131.0471429,38.15142857,768.937,731.793,0.5,22.91428571,28.61428571
2020-06-15,20.4,15.5,0,1.928,0.034,130.2942857,38.21285714,769.119,833.443,20,24.82857143,29.81428571
2020-06-22,21,5.6,0,2.039,0.026,129.4542857,38.15857143,769.007,745.025,0,24.32857143,29.31428571
2020-06-29,19.7,8.7,0,2.028,0.025,128.5571429,38.19,768.93,770.499,44.95,23.04285714,29.25714286
2020-07-06,20.3,13.1,0,1.938,0.029,128.1771429,38.26857143,771.212,1029.921,35.2,22.34285714,28.54285714
2020-07-13,,,,2.133,0.026,127.6242857,38.20142857,771.668,926.056,66.45,23.28571429,29.14285714
2020-07-20,20.4,9.8,0,2.296,0.03,128.19,38.21857143,771.578,1578.134,33.5,23.01428571,27.68571429
2020-07-27,,,,2.649,0.076,130.04,38.21,633.751,2699.65,168.1,23.12857143,28.35714286
2020-08-03,,,,,,136.6328571,38.38,3445.492,12369.737,381.75,24.35714286,29.25714286
2020-08-10,,,,,,136.8,39.20285714,20579.931,30177.435,186.8,24.84285714,29.25714286
2020-08-17,,,,3.052,0.076,133.7171429,38.27714286,8675.539,14687.084,96.25,26.87142857,31.18571429
2020-08-24,,,,2.822,0.066,133.04,38.28285714,2452.279,3544.363,10.5,26.05714286,33.27142857
2020-08-31,,,,2.984,0.294,130.6728571,38.23428571,1753.505,4227.332,84.5,27.3,31.55714286
2020-09-07,,,,2.856,0.156,130.8985714,38.22428571,6446.931,10755.95,139.1,21.97142857,29.11428571
2020-09-14,21.6,2.9,0,2.806,0.076,134.0842857,38.32857143,1686.61,3949.34,41.45,20.68571429,26.62857143
2020-09-21,20.3,6.5,0,2.617,0.058,135.7042857,38.24857143,701.667,1236.808,11.4,19.44285714,25.35714286
2020-09-28,20.3,7.2,0,2.521,0.043,135.98,38.14857143,701.711,945.251,0,18.12857143,23.87142857
2020-10-05,19.9,8.9,0,2.779,0.034,136.3,38.06571429,349.618,631.327,7.15,17.3,23.41428571
2020-10-12,18.1,5.8,0,2.562,0.026,136.4942857,38.03714286,348.773,557.047,0,14.58571429,21.44285714
2020-10-19,15.9,2.9,0,2.519,0.027,136.4485714,38.02142857,348.747,494.645,0.05,10.71428571,19.68571429
2020-10-26,13.2,2.2,0,2.425,0.027,136.3257143,38.02428571,348.821,497.623,0,10.04285714,18.27142857
2020-11-02,14.3,3.3,0,2.553,0.021,136.16,38.02428571,348.719,469.879,1.25,10.62857143,17.02857143
2020-11-09,12.5,2.4,0,2.421,0.021,135.9614286,38.03,348.699,467.929,1.15,7.585714286,14.38571429
2020-11-16,12.5,2.7,0,2.29,0.015,135.64,38.03714286,529.521,610.076,0,7.757142857,15.54285714
2020-11-23,11.4,3.6,0,2.564,0.03,135.24,38.05714286,558.679,793.535,37.45,8.757142857,14.85714286
2020-11-30,7.7,2.2,0,2.697,0.022,134.8542857,38.02857143,558.726,692.423,0,1.742857143,8.914285714
2020-12-07,7.7,3.4,0,2.773,0.019,134.3385714,38.02857143,611.655,696.006,0,0.9,7.271428571
2020-12-14,,,,2.656,0.026,133.6028571,38.05714286,803.793,880.472,3.7,-0.157142857,6.828571429
2020-12-21,,,,2.878,0.026,132.7742857,38.04571429,706.554,812.463,0.6,-5.571428571,2.257142857
2020-12-28,5.4,2.2,0,3.158,0.02,132.1114286,38.07285714,576.663,646.405,0.45,0.871428571,5.528571429
2021-01-04,,,,2.976,0.018,131.4457143,38.03,581.782,687.108,0.65,-5.542857143,0.942857143
2021-01-11,,,,,,130.7342857,38.03714286,550.59,653.381,1.1,-10.71428571,-1.471428571
2021-01-18,,,,,,130.06,38.03714286,524.233,628.952,3.25,-2.1,4.414285714
2021-01-25,4.9,2.5,0,2.562,0.016,129.4085714,38.03428571,524.247,634.935,6.4,1.685714286,6.314285714
2021-02-01,2.6,3.4,0,3.63,0.022,128.7814286,38.06714286,513.339,602.031,8.1,-0.328571429,6.428571429
2021-02-08,4.3,5.4,0,2.668,0.017,128.2414286,38.02571429,404.618,527.07,4,-0.528571429,7.157142857
2021-02-15,5.9,10.7,0,2.573,0.019,127.8357143,38.03,345.062,445.402,0.6,3.342857143,10.08571429
2021-02-22,5.8,12.1,0,2.744,0.026,127.3728571,38.01428571,419.925,513.946,2.7,0.871428571,8.157142857
2021-03-01,6.2,16.7,0,3.047,0.133,126.9014286,38.01,370.371,478.654,71.25,4.285714286,11.52857143
2021-03-08,7,19.6,0,2.952,0.039,126.8171429,38.06571429,492.736,901.718,0.6,4.8,12.14285714
2021-03-15,9.4,12.3,0,2.518,0.028,126.6785714,38.02285714,487.824,673.489,2.2,8.585714286,14.97142857
2021-03-22,10.3,19.3,0,2.725,0.031,126.6057143,38.02714286,487.891,646.701,5.75,9.185714286,16.11428571
2021-03-29,9.8,13.6,0,2.814,0.032,126.4285714,38.02285714,424.264,571.775,22.7,10.6,17.1
2021-04-05,11.2,13.1,0,3.049,0.069,126.8928571,38.11857143,585.056,873.814,48,12.92857143,18.75714286
2021-04-12,12.4,12.5,0,2.592,0.027,128.8557143,38.15857143,784.917,1059.571,19.9,12.64285714,17.88571429
2021-04-19,11.1,20.5,0,2.557,0.027,129.3871429,38.05428571,546.431,799.651,3.8,10.27142857,18.57142857
2021-04-26,16.1,21.9,0,2.401,0.036,129.9385714,37.98142857,352.002,483.565,0.05,17.42857143,22.82857143
2021-05-03,14,17,0,2.436,0.031,129.7742857,38.03,631.756,722.522,26.2,13.34285714,20.81428571
2021-05-10,14.3,13.1,0,2.323,0.028,129.58,38.03285714,652.907,829.003,29.2,13.7,22.38571429
2021-05-17,,,,2.346,0.051,129.4085714,38.09428571,652.981,978.908,58.2,19.08571429,24.12857143
2021-05-24,17.3,4,0,2.648,0.045,131.7485714,38.20857143,652.912,1195.064,16.9,18.08571429,24.28571429
2021-05-31,16.8,5,0,2.581,0.039,132.4071429,38.14571429,652.946,940.874,57.05,16.12857143,24.54285714
2021-06-07,17.5,5.1,0,2.435,0.032,132.43,38.25,981.774,1226.932,13.1,20.28571429,26.85714286
2021-06-14,19.5,13,0,2.272,0.033,132.1071429,38.19285714,981.827,1112.936,17.95,23.81428571,28.34285714
2021-06-21,,,,2.297,0.023,130.9242857,38.29571429,1471.743,1361.373,2.75,22.28571429,27.87142857
2021-06-28,18.6,8.4,0,2.416,0.033,129.5485714,38.28285714,1261.817,1394.367,5.5,22.55714286,27.3
2021-07-05,,,,2.678,0.083,129.0457143,38.22428571,1417.098,1656.502,92,23.35714286,28.58571429
2021-07-12,,,,3.072,0.231,132.2914286,38.23571429,825.584,3929.057,48.55,25.07142857,29.58571429
2021-07-19,,,,2.62,0.073,135.22,38.25142857,1074.722,1708.838,3.7,27.02857143,32.65714286
2021-07-26,22.1,2.9,0,2.426,0.027,134.7914286,38.29714286,1461.655,1371.912,0,28.45714286,33.61428571
2021-08-02,,,,2.282,0.041,133.6742857,38.23142857,1149.647,1243.515,11.5,28.22857143,33.6
2021-08-09,23.6,9.3,0,2.317,0.055,133.1328571,38.16714286,869.245,1132.131,21.6,27.28571429,32.72857143
2021-08-16,23.9,5.8,0,2.283,0.032,132.5485714,38.11571429,869.245,983.294,10.9,25.17142857,30.94285714
2021-08-23,22.7,10.7,0,2.343,0.042,132.0414286,38.14142857,869.042,998.486,57.65,23.6,29.82857143
2021-08-30,21.8,2.5,0,2.614,0.069,132.9442857,38.27428571,897.383,2147.655,26.75,22.84285714,28.5
2021-09-06,,,,2.602,0.056,136.13,38.26857143,2162.295,4670.628,141.55,21.08571429,26.8
2021-09-13,22.4,1.6,0,2.514,0.039,137.0128571,38.28857143,1401.42,1969.402,23.1,21.75714286,27.3
2021-09-20,21.2,8.1,0,,,136.4962857,38.20285714,1401.386,1640.537,1.1,21.17142857,26.57142857
2021-09-27,21.6,1.5,0,2.559,0.05,135.8797143,38.25857143,1091.781,1872.107,79.7,20.11428571,25.81428571
2021-10-04,21.6,2.9,0,2.493,0.034,135.652,38.19,769.662,1070.087,26.15,20.14285714,25.84285714
2021-10-11,20.5,2.2,0,2.688,0.045,135.48,38.12285714,702.115,944.272,28.7,19.8,24.74285714
2021-10-18,16.3,0.7,0,2.652,0.035,135.3214286,38.09142857,702.147,956.519,2.25,13.64285714,19.61428571
2021-10-25,15.8,1.1,0,2.548,0.022,135.2071429,38.08,702.195,895.371,4,8.357142857,16.48571429
2021-11-01,16.5,1.1,0,2.4,0.018,134.8271429,38.06,687.33,836.184,0.05,10.75714286,18.71428571
2021-11-08,,,,2.367,0.02,134.44,38.05285714,545.574,664.875,26.4,10.2,17.37142857
2021-11-15,12,0.9,0,2.558,0.02,134.2005714,38.02142857,524.359,765.605,8.35,5.757142857,12.82857143
2021-11-22,12.2,1.1,0,2.502,0.016,133.9124286,38.07571429,524.364,652.672,1.95,7.957142857,14.57142857
2021-11-29,8.2,0.9,0,2.54,0.011,133.5628571,38.03285714,524.133,645.105,0.8,2.571428571,9.5
2021-12-06,7,1.1,0,2.618,0.014,133.249,37.76571429,524.361,878.931,28.75,1.571428571,9.228571429
2021-12-13,7.9,1.6,0,2.752,0.013,132.9404286,37.6,524.322,749.667,0.3,2.8,10.35714286
2021-12-20,5.5,2,0,2.931,0.011,132.56,37.40857143,524.353,520.779,4.45,0.242857143,5.285714286
2021-12-27,,,,,,132.1061429,37.42857143,524.297,541.973,0.45,-3.285714286,4.857142857
2022-01-03,,,,2.972,0.017,131.5307143,37.43428571,580.166,599.444,0.1,-3.885714286,3.128571429
2022-01-10,,,,,,130.9227143,37.43142857,543.965,540.659,0.15,-1.985714286,4.657142857
2022-01-17,,,,2.988,0.013,130.3168571,37.40857143,524.049,544.344,1.8,-4.785714286,2.271428571
2022-01-24,,,,3.036,0.015,129.7114286,37.21,508.993,620.285,1.5,-2.585714286,4.2
2022-01-31,,,,,,129.0828571,37.21428571,543.973,695.985,2.4,-1.171428571,5.557142857
2022-02-07,,,,2.608,0.011,128.4031429,37.19714286,544.013,706.805,1.2,-3.428571429,3.585714286
2022-02-14,4.8,5.1,0,2.983,0.016,127.6904286,37.02571429,543.982,761.576,0.6,1.228571429,7.142857143
2022-02-21,,,,,,126.9547143,37.03,543.959,750.667,0.2,-3.728571429,4.214285714
2022-02-28,4.9,4.9,0,2.817,0.018,126.1861429,37.60142857,544.002,596.63,3.5,0.757142857,7.242857143
2022-03-07,5.3,7.6,0,2.574,0.018,125.437,38.05285714,482.541,522.557,4,3.871428571,11.28571429
2022-03-14,9.2,12.8,0,2.638,0.026,124.8638571,38.04428571,441.839,532.693,40.7,8.842857143,15.67142857
2022-03-21,7.7,10.1,0,3,0.03,124.7864286,38.10142857,378.125,636.979,21.2,6.371428571,13.85714286
2022-03-28,9.8,8.7,0,3.497,0.041,124.9634,38.15428571,367.57,683.458,35.3,7.957142857,14.8
2022-04-04,11,12.5,0,3.042,0.027,125.8975143,38.13571429,439.582,669.889,3.2,9.028571429,15.52857143
2022-04-11,14.1,10.7,0,2.616,0.03,125.9422857,38.09142857,493.618,615.258,0.15,14.08571429,19.97142857
2022-04-18,12.9,16.6,0,2.568,0.033,125.8026857,38.13,493.552,659.377,15.4,13.04285714,20.75714286
2022-04-25,14.2,6.5,0,2.439,0.024,125.6650286,38.08571429,493.546,595.292,1.4,16.17142857,22.81428571
2022-05-02,14.4,6.7,0,2.415,0.03,125.3841571,38.10428571,521.958,617.709,28.4,14.81428571,22.45714286
2022-05-09,14.1,3.4,0,2.233,0.021,124.9806429,38.08857143,592.923,666.723,2.9,16.38571429,23.38571429
2022-05-16,14.8,3.3,0,2.092,0.024,124.3551429,38.07428571,592.975,673.52,0.1,17.28571429,23.85714286
2022-05-23,17.5,3.3,0,2.295,0.021,123.6091,38.06857143,592.969,661.426,0.3,20.1,27.41428571
2022-05-30,18.3,2,0,2.169,0.022,122.7718,38.06428571,592.985,657.21,4.4,20.72857143,28.55714286
2022-06-06,16.3,1.4,0,2.239,0.02,121.8857143,38.04571429,580.353,637.68,19.3,20.71428571,27.47142857
2022-06-13,19.1,2.7,0,2.159,0.023,121.0085857,38.05428571,578.337,635.306,0.35,21.45714286,26.28571429
2022-06-20,18.3,4,0,2.104,0.021,120.1942857,38.06857143,551.817,635.134,25.8,21.44285714,27.8
2022-06-27,22.4,6.9,0,2.255,0.049,119.9464143,38.13171429,504.069,908.712,62,25.9,30.17142857
2022-07-04,24.8,4,0,3.367,0.082,123.0638571,38.21428571,556.094,2637.532,131.6,26.68571429,30.28571429
2022-07-11,,,,2.515,0.045,125.7956286,38.22514286,595.088,1269.038,31.35,27.3,31.75714286
2022-07-18,25.5,2.2,0,2.993,0.096,131.1394857,38.29971429,651.147,3222.532,161.35,24.67142857,30.3
2022-07-25,,,,2.859,0.094,133.9219857,38.27857143,813.79,1714.796,69.4,24.77142857,30.55714286
2022-08-01,24.1,7.2,0,2.721,0.045,134.8933714,38.29,1578.003,2055.978,38.4,27.45714286,32.12857143
2022-08-08,,,,2.827,0.043,134.3116857,38.32857143,2991.666,3796.471,104.3,28.05714286,32.08571429
2022-08-15,,,,2.748,0.118,137.5182,38.62742857,13462.352,26896.087,305.5,25.55714286,30.82857143
2022-08-22,,,,2.935,0.096,135.7789714,38.27285714,5829.659,9111.759,16.8,26.1,30.68571429
2022-08-29,,,,2.843,0.054,134.1089143,38.28142857,2769.339,3620.353,4.9,21.62857143,28.48571429
2022-09-05,,,,2.926,0.068,131.8536571,38.29714286,6412.629,8801.794,187.45,21.31428571,26.65714286
2022-09-12,,,,3.14,0.074,135.0614857,38.29885714,1749.921,6402.987,64.5,21.18571429,27.1
2022-09-19,22,6,0,2.709,0.05,134.9756,38.29714286,1897.929,2349.317,0.15,24.35714286,27.22857143
2022-09-26,19.9,19.7,0,2.819,0.029,134.7644571,38.05,369.548,744.693,0.6,16.85714286,24.72857143
2022-10-03,,,,2.728,0.031,134.9509714,38.05142857,377.023,636.355,29.9,17.88571429,25.84285714
2022-10-10,15.8,3.8,0,2.944,0.06,135.8126286,38.216,457.841,1205.747,53.6,14.44285714,20.77142857
2022-10-17,18.2,3.6,0,2.629,0.029,136.4504286,38.126,457.904,791.302,0,13.38571429,20.74285714
2022-10-24,15.9,2.6,0,2.503,0.022,136.4871571,38.07771429,457.842,697.469,0,10.18571429,17.95714286
2022-10-31,15.4,2.9,0,2.452,0.014,136.3529286,38.04542857,458.161,654.415,0,11.31428571,17.54285714
2022-11-07,11.6,1.4,0,2.725,0.012,136.1445143,38.043,455.067,628.312,0,7.342857143,16.72857143
2022-11-14,14.2,7.3,0,2.83,0.07,135.9040571,38.08804286,455.128,684.556,25.3,10.85714286,17.22857143
2022-11-21,12.3,1.2,0,2.801,0.025,135.7522286,38.05492857,411.372,615.803,2.6,7.857142857,15.45714286
2022-11-28,10.2,2.2,0,2.771,0.018,135.6101714,38.03155714,351.406,513.694,17.6,7.628571429,13.52857143
2022-12-05,5,2,0,3.092,0.017,135.6675286,38.05741429,351.528,668.483,2.2,-1.342857143,7.128571429
2022-12-12,5,1.8,0,3.126,0.017,135.6802429,38.02388571,351.362,556.342,3.5,0.314285714,6.5
2022-12-19,,,,,,135.5710286,38.03505714,351.511,534.18,5.8,-6.4,1.557142857
2022-12-26,,,,,,135.3773143,38.04364286,351.499,491.074,5.2,-7.914285714,1
2023-01-02,,,,,,135.1514286,38.05284286,371.611,496.224,0.3,-4.314285714,3
2023-01-09,,,,,,134.8614286,38.04948571,400.932,500.526,3.5,-2.328571429,4.9
2023-01-16,,,,3.32,0.069,134.6216571,38.15765714,396.941,561.08,38.55,1.1,8.228571429
2023-01-23,,,,,,134.6453143,38.1361,322.763,496.04,0.65,-2.671428571,2.428571429
2023-01-30,,,,,,134.5302857,38.11038571,322.817,440.764,1.3,-7.242857143,-0.142857143
2023-02-06,,,,,,134.3513143,38.10532857,346.133,432.626,0,-0.328571429,5.628571429
2023-02-13,,,,3.013,0.02,134.1344571,38.10494286,350.032,427.129,0.6,2.157142857,9.257142857
2023-02-20,5.2,17.6,0,2.988,0.025,133.9022,38.07221429,350.034,426.36,0,2.328571429,8.3
2023-02-27,5.3,18.1,0,3.015,0.025,133.6459571,38.03414286,350.073,467.225,0,1.585714286,8.342857143
2023-03-06,6.7,13.9,0,,,133.2588143,38.0861,535.462,599.061,0,5.042857143,13.05714286
2023-03-13,7.8,15.4,0,,,132.7203714,38.09024286,566.311,577.619,3.85,10.04285714,17.67142857
2023-03-20,8.3,10.7,0,,,132.2233571,38.08714286,566.3,611.529,0,7.5,14.98571429
2023-03-27,11.2,10.6,0,,,131.6878714,38.0813,566.353,591.751,0.8,12.18571429,18.3
2023-04-03,12.1,11.2,0,2.558,0.029,131.1483,38.11584286,589.126,601.705,0,13.62857143,20.34285714
2023-04-10,10.1,9.3,0,2.514,0.028,130.68,38.12908571,619.663,623.659,37.9,10.91428571,18.3
2023-04-17,10.3,6.3,0,2.494,0.022,130.4205429,38.093,619.696,696.686,9.1,12.1,19.22857143
2023-04-24,12.7,15,0,2.388,0.025,129.9486857,38.1178,619.579,698.503,2.4,16.1,21.01428571
2023-05-01,13.5,10.1,0,2.42,0.019,129.3617143,38.0756,639.011,675.237,7.3,12.5,20.21428571
2023-05-08,,,,2.712,0.075,129.0557429,38.20648571,755.38,1356.924,80.5,15.74285714,22.3
2023-05-15,15.8,12.7,0,2.498,0.034,130.5492286,38.16012857,660.264,961.589,0,17.91428571,23.94285714
2023-05-22,15.4,6.9,0,2.335,0.031,130.2117857,38.08285714,755.368,905.238,8.1,20.41428571,26.42857143
2023-05-29,16.2,7.6,0,2.486,0.064,129.4917429,38.16102857,755.3,1128.037,64.9,19.84285714,25.58571429
2023-06-05,18,10.7,0,2.427,0.032,129.0299143,38.13284286,755.225,1145.004,15.6,21.67142857,26.85714286
2023-06-12,18.1,3.3,0,2.174,0.033,128.2069571,38.11611429,823.051,1075.606,13.85,21.57142857,27.98571429
2023-06-19,19,4.4,0,2.079,0.024,127.3868,38.08272857,770.082,1026.67,1.3,23.74285714,29.05714286
2023-06-26,,,,2.254,0.031,126.6119,38.15792857,844.259,1168.948,94.3,23.6,28.9
2023-07-03,,,,2.257,0.046,128.8343429,38.26454286,2651.473,4685.084,46.6,26.24285714,29.65714286
2023-07-10,,,,2.672,0.194,130.4756571,38.28142857,2297.773,4447.904,92.25,24.88571429,30.34285714
2023-07-17,,,,,,133.0707286,39.75422857,17145.661,31973.642,285.8,24.32857143,29
2023-07-24,,,,2.632,0.109,131.1156857,38.24064286,5018.46,9062.638,71.4,25.94285714,30.37142857
2023-07-31,,,,2.206,0.054,131.7961714,38.32467143,1050.112,1851.025,97.8,27.72857143,31.74285714
2023-08-07,26.6,10.1,0,1.868,0.042,132.0072714,38.14064286,860.9,1163.053,23.7,28.77142857,33.5
2023-08-14,,,,2.55,0.082,132.5752714,38.2935,2465.845,4778.28,110.3,25.51428571,31.71428571
2023-08-21,26,20.8,0,2.152,0.041,134.4881429,38.17,838.646,1208.518,0.05,27.8,31.65714286
2023-08-28,,,,2.199,0.071,134.7599571,38.21675714,1995.215,3261.921,86.5,25.05714286,30.45714286
2023-09-04,,,,2.452,0.061,136.2933143,38.3035,3345.006,4477.478,42.3,23.41428571,28.57142857
2023-09-11,24.9,16.4,0,2.028,0.036,136.0423429,38.15,849.347,1255.847,0,24.31428571,29.31428571
2023-09-18,,,,2.595,0.1,135.8878857,38.27428571,1602.686,2773.338,57.75,22.72857143,27.47142857
2023-09-25,,,,2.473,0.06,137.1753714,38.26571429,3134.455,5511.356,63.9,19.77142857,26.45714286
2023-10-02,18.7,2.4,0,2.746,0.035,136.1655429,38.32507143,2253.288,3792.106,37.4,19.18571429,24.57142857
2023-10-09,,,,2.446,0.036,136.6374286,38.29285714,925.021,1352.726,18.75,14.45714286,21.97142857
2023-10-16,18.8,3.8,0,2.572,0.024,136.1476571,38.24857143,895.924,1192.144,1.4,14.42857143,21.41428571
2023-10-23,16.7,2,0,2.46,0.018,135.8055429,38.19,706.321,941.504,17.1,11.27142857,19.22857143
2023-10-30,16.9,2.5,0,2.323,0.024,135.4109,38.17142857,707.023,912.955,1.5,12.21428571,20.12857143
2023-11-06,,,,2.745,0.098,135.022,38.1661,643.448,885.243,78.4,16.11428571,19.87142857
2023-11-13,9.9,0.8,0,2.633,0.024,135.1982286,38.11571429,512.234,1051.461,1.8,4.942857143,13.27142857
2023-11-20,7.4,1.1,0,2.835,0.022,135.3519429,38.05142857,350.438,641.246,6.4,3.814285714,10.68571429
2023-11-27,,,,2.815,0.015,135.3458857,38.05285714,350.003,596.528,8,3.671428571,10.05714286
2023-12-04,4.7,1.3,0,3.163,0.015,135.2782857,38.04428571,310.066,558.583,0.6,-0.571428571,7.614285714
2023-12-11,9.1,4.9,0,3.191,0.02,135.2341143,38.04428571,280.152,470.216,19.5,6.914285714,11.94285714
2023-12-18,,,,4.258,0.16,136.2984571,38.16155714,245.181,1587.606,57.9,0.442857143,7.314285714
2023-12-25,,,,,,138.1940571,38.06285714,220.164,842.162,2.7,-6.8,0.557142857
