Date,WT_HGDG,Chla_HGDG,Cyanocell_HGDG,TN_HGDG,TP_HGDG,WL_UP_HGDG,WL_HGDG,Discharge_UP_HGDG,Discharge_HGDG,Prec_HGDG,Temp_HGDG,Forecast_Temp_HGDG
2012-01-09,1.2,15.7,0.0,4.917,0.263,0,0,0,0,0.5,-3.857142857,4.0
2012-01-16,3.3,40.1,0.0,5.586,0.239,0,0,0,0,0.05,-2.485714286,4.357142857
2012-01-23,1.8,50.3,0.0,6.092,0.352,0,0,0,0,0.8,2.54e-16,5.814285714
2012-01-30,0.8,52.0,0.0,6.034,0.303,0,0,0,0,1.7,-4.214285714,1.657142857
2012-02-06,1.9,56.1,0.0,6.124,0.343,0,0,0,0,4.4,-6.114285714,1.528571429
2012-02-13,2.2,50.1,0.0,5.041,0.276,0,0,0,0,0.1,-3.642857143,2.471428571
2012-02-20,4.1,46.3,0.0,4.699,0.21,0,0,0,0,0.0,-2.7,4.157142857
2012-02-27,5.3,42.9,0.0,4.902,0.224,0,0,0,0,0.3,2.242857143,8.214285714
2012-03-05,6.0,20.8,0.0,4.551,0.245,0,0,0,0,7.35,5.928571429,8.885714286
2012-03-12,6.3,12.5,0.0,4.035,0.201,0,0,0,0,8.55,1.614285714,9.071428571
2012-03-19,8.1,30.4,0.0,3.605,0.197,0,0,0,0,6.05,5.571428571,10.55714286
2012-03-26,8.2,32.7,0.0,3.745,0.173,0,0,0,0,25.55,4.428571429,10.22857143
2012-04-02,8.2,27.8,0.0,3.652,0.095,0,0,0,0,22.2,7.914285714,13.41428571
2012-04-09,10.9,10.1,0.0,4.345,0.13,0,0,0,0,35.0,8.114285714,14.22857143
2012-04-16,13.0,35.6,0.0,3.586,0.121,0,0,0,0,13.5,11.55714286,18.68571429
2012-04-23,12.9,14.3,0.0,3.455,0.121,0,0,0,0,56.55,13.98571429,19.51428571
2012-04-30,18.0,52.7,84.0,3.472,0.115,0,0,0,0,30.0,17.38571429,21.78571429
2012-05-07,18.8,24.7,0.0,3.379,0.135,0,0,0,0,0.6,20.11428571,24.07142857
2012-05-14,20.2,22.8,0.0,3.873,0.241,0,0,0,0,6.5,18.58571429,23.9
2012-05-21,20.5,27.1,0.0,3.448,0.206,0,0,0,0,0.6,18.85714286,24.38571429
2012-05-28,20.0,10.8,0.0,3.387,0.183,0,0,0,0,0.4,20.8,27.25714286
2012-06-04,22.9,29.6,0.0,3.74,0.152,0,0,0,0,0.25,22.1,27.17142857
2012-06-11,23.7,35.2,0.0,3.915,0.186,0,0,0,0,2.05,23.11428571,28.12857143
2012-06-18,25.3,17.6,0.0,3.041,0.174,0,0,0,0,0.4,23.78571429,27.85714286
2012-06-25,26.1,31.4,0.0,3.852,0.245,0,0,0,0,0.05,25.98571429,28.6
2012-07-02,24.6,23.2,0.0,3.089,0.188,0,0,0,0,89.55,24.01428571,27.5
2012-07-09,22.7,8.4,0.0,3.798,0.119,0,0,0,0,199.8,23.94285714,27.98571429
2012-07-16,21.4,4.8,0.0,3.229,0.089,0,0,0,0,134.05,23.45714286,27.42857143
2012-07-23,26.1,20.0,0.0,3.327,0.104,0,0,0,0,97.05,26.22857143,28.91428571
2012-07-30,27.8,18.6,0.0,3.215,0.119,0,0,0,0,18.05,28.25714286,33.22857143
2012-08-06,28.6,26.9,2730.0,3.0,0.106,0,0,0,0,0.1,30.98571429,33.15714286
2012-08-13,23.9,7.8,327.0,2.503,0.079,0,0,0,0,19.3,28.17142857,31.45714286
2012-08-20,22.0,1.3,0.0,2.509,0.09,0,0,0,0,218.55,26.34285714,30.05714286
2012-08-27,22.3,0.2,24.0,2.565,0.235,0,0,0,0,173.15,24.94285714,30.25714286
2012-09-03,22.2,2.2,45.0,2.533,0.204,0,0,0,0,54.0,24.58571429,29.14285714
2012-09-10,21.2,2.1,0.0,2.809,0.099,0,0,0,0,94.0,21.81428571,27.27142857
2012-09-17,20.5,4.2,0.0,2.869,0.117,0,0,0,0,104.0,20.28571429,25.28571429
2012-09-24,21.4,18.6,0.0,3.289,0.106,0,0,0,0,0.05,20.72857143,25.14285714
2012-10-01,20.8,22.3,0.0,3.382,0.139,0,0,0,0,14.0,18.87142857,24.74285714
2012-10-08,18.6,16.0,95.0,3.435,0.124,0,0,0,0,0.0,19.2,24.07142857
2012-10-15,17.4,18.1,0.0,3.937,0.167,0,0,0,0,13.0,15.65714286,21.92857143
2012-10-22,16.4,6.6,0.0,3.332,0.124,0,0,0,0,42.0,14.8,20.62857143
2012-10-29,14.4,6.5,0.0,2.968,0.126,0,0,0,0,44.15,13.51428571,18.34285714
2012-11-05,12.3,13.6,0.0,3.289,0.098,0,0,0,0,12.3,8.285714286,14.37142857
2012-11-12,9.9,6.0,0.0,3.377,0.126,0,0,0,0,36.0,8.814285714,13.74285714
2012-11-19,9.2,2.9,0.0,3.884,0.155,0,0,0,0,16.6,4.142857143,10.94285714
2012-11-26,7.3,3.8,0.0,3.552,0.13,0,0,0,0,1.8,3.342857143,10.18571429
2012-12-03,3.2,5.1,0.0,3.56,0.095,0,0,0,0,6.9,1.9,7.085714286
2012-12-10,2.7,5.5,0.0,4.602,0.164,0,0,0,0,7.8,-6.414285714,3.685714286
2012-12-17,1.9,2.9,0.0,3.963,0.151,0,0,0,0,19.0,-0.642857143,5.028571429
2012-12-24,1.2,4.2,0.0,4.082,0.101,0,0,0,0,1.9,-5.5,2.571428571
2012-12-31,0.2,5.3,0.0,3.425,0.1,0,0,0,0,7.45,-6.214285714,0.942857143
2013-01-07,0.7,3.5,0.0,5.45,0.186,0,0,0,0,3.1,-8.385714286,-0.085714286
2013-01-14,2.6,7.0,0.0,5.29,0.24,0,0,0,0,0.15,-3.957142857,3.157142857
2013-01-21,1.7,7.9,0.0,4.19,0.162,0,0,0,0,16.8,-1.514285714,3.9
2013-01-28,2.2,15.9,0.0,4.826,0.196,0,0,0,0,2.1,-3.485714286,3.371428571
2013-02-04,1.4,8.0,0.0,4.179,0.153,0,0,0,0,61.5,2.457142857,6.628571429
2013-02-11,2.5,7.5,0.0,4.416,0.177,0,0,0,0,7.85,-5.957142857,2.385714286
2013-02-18,2.5,13.4,0.0,3.856,0.112,0,0,0,0,0.1,-0.714285714,4.8
2013-02-25,4.1,25.4,0.0,3.81,0.138,0,0,0,0,3.95,-0.728571429,5.9
2013-03-04,5.8,16.5,0.0,3.824,0.144,0,0,0,0,4.05,2.628571429,9.714285714
2013-03-11,7.3,14.4,0.0,3.41,0.148,0,0,0,0,0.5,6.671428571,14.37142857
2013-03-18,7.8,15.9,0.0,2.998,0.084,0,0,0,0,23.5,6.314285714,13.0
2013-03-25,9.1,26.2,0.0,3.008,0.112,0,0,0,0,0.1,4.142857143,13.07142857
2013-04-01,9.6,9.8,0.0,3.224,0.11,0,0,0,0,0.7,6.428571429,13.85714286
2013-04-08,9.5,8.3,0.0,3.836,0.124,0,0,0,0,24.5,8.985714286,15.81428571
2013-04-15,12.1,9.6,0.0,3.704,0.158,0,0,0,0,6.0,7.257142857,15.02857143
2013-04-22,12.5,14.3,0.0,3.272,0.176,0,0,0,0,9.5,11.01428571,17.22857143
2013-04-29,,,0.0,,,0,0,0,0,31.2,12.4,18.67142857
2013-05-06,17.5,15.8,40.0,2.982,0.086,0,0,0,0,2.05,13.48571429,19.77142857
2013-05-13,18.6,15.5,0.0,2.99,0.086,0,0,0,0,25.5,18.4,23.92857143
2013-05-20,20.4,16.6,10.0,2.612,0.082,0,0,0,0,34.0,18.64285714,25.22857143
2013-05-27,18.7,13.9,0.0,2.708,0.148,0,0,0,0,56.5,21.3,27.88571429
2013-06-03,22.3,9.8,0.0,2.808,0.086,0,0,0,0,14.0,20.28571429,25.45714286
2013-06-10,22.2,13.0,0.0,3.173,0.189,0,0,0,0,0.2,25.65714286,29.25714286
2013-06-17,23.0,14.3,0.0,2.916,0.086,0,0,0,0,14.0,23.02857143,28.3
2013-06-24,23.6,27.7,20.0,2.674,0.146,0,0,0,0,12.4,24.27142857,27.97142857
2013-07-01,24.8,17.5,0.0,2.67,0.132,0,0,0,0,1.75,26.02857143,29.25714286
2013-07-08,22.6,6.0,0.0,2.648,0.133,0,0,0,0,156.0,24.91428571,27.64285714
2013-07-15,,,0.0,,,0,0,0,0,287.0,24.68571429,30.34285714
2013-07-22,20.4,0.3,0.0,2.058,0.12,0,0,0,0,132.5,26.17142857,30.52857143
2013-07-29,22.2,0.7,0.0,2.767,0.117,0,0,0,0,82.75,25.84285714,30.2
2013-08-05,24.3,2.9,0.0,2.136,0.09,0,0,0,0,37.1,27.57142857,31.21428571
2013-08-12,25.8,3.1,0.0,2.554,0.07,0,0,0,0,47.05,28.51428571,33.81428571
2013-08-19,26.8,12.2,60.0,2.349,0.094,0,0,0,0,23.55,28.6,34.1
2013-08-26,25.6,9.5,0.0,2.266,0.068,0,0,0,0,35.05,27.41428571,31.37142857
2013-09-02,23.7,89.7,0.0,2.767,0.112,0,0,0,0,24.0,24.64285714,29.14285714
2013-09-09,23.5,7.8,0.0,2.616,0.129,0,0,0,0,0.1,21.92857143,27.54285714
2013-09-16,22.2,3.4,0.0,2.756,0.213,0,0,0,0,110.0,22.2,27.37142857
2013-09-23,21.5,15.6,0.0,4.001,0.206,0,0,0,0,0.05,23.68571429,27.87142857
2013-09-30,,,0.0,,,0,0,0,0,28.5,18.85714286,24.64285714
2013-10-07,20.7,24.8,0.0,3.785,0.169,0,0,0,0,0.05,19.75714286,24.3
2013-10-14,17.9,26.9,0.0,3.239,0.137,0,0,0,0,9.5,18.81428571,23.75714286
2013-10-21,16.6,16.7,,3.591,0.158,0,0,0,0,3.5,13.81428571,20.32857143
2013-10-28,15.4,17.1,,4.105,0.201,0,0,0,0,0.0,12.5,19.25714286
2013-11-04,14.2,11.4,0.0,4.24,0.165,0,0,0,0,8.05,12.25714286,18.7
2013-11-11,11.2,8.1,0.0,3.292,0.13,0,0,0,0,6.65,9.342857143,16.3
2013-11-18,8.3,2.5,0.0,4.09,0.178,0,0,0,0,6.05,5.2,12.4
2013-11-25,6.5,5.9,0.0,3.374,0.118,0,0,0,0,23.55,4.128571429,10.14285714
2013-12-02,6.5,5.3,0.0,4.438,0.168,0,0,0,0,3.3,1.614285714,7.842857143
2013-12-09,6.1,3.2,0.0,4.51,0.166,0,0,0,0,14.2,4.985714286,9.757142857
2013-12-16,4.3,3.2,0.0,3.926,0.108,0,0,0,0,7.8,-3.471428571,5.214285714
2013-12-23,3.5,4.1,0.0,4.672,0.166,0,0,0,0,1.15,-1.7,4.657142857
2013-12-30,,,,,,0,0,0,0,1.7,-2.371428571,4.757142857
2014-01-06,3.2,14.2,,5.664,0.182,0,0,0,0,0.05,1.642857143,6.542857143
2014-01-13,2.0,26.2,,5.286,0.204,0,0,0,0,0.2,-2.757142857,4.357142857
2014-01-20,2.6,18.5,,4.716,0.164,0,0,0,0,5.35,-1.928571429,4.371428571
2014-01-27,3.2,14.8,,5.412,0.19,0,0,0,0,3.7,-0.7,6.542857143
2014-02-03,3.0,19.5,,4.828,0.164,0,0,0,0,15.5,2.185714286,8.985714286
2014-02-10,4.1,11.1,,6.664,0.14,0,0,0,0,4.75,-1.8,4.342857143
2014-02-17,4.5,13.8,,4.15,0.19,0,0,0,0,0.05,2.242857143,6.071428571
2014-02-24,7.0,10.4,,5.252,0.25,0,0,0,0,0.0,2.3,8.271428571
2014-03-03,5.7,9.2,,4.194,0.216,0,0,0,0,0.0,6.314285714,11.32857143
2014-03-10,6.8,15.1,,4.65,0.228,0,0,0,0,2.3,1.757142857,9.485714286
2014-03-17,9.0,18.3,,4.08,0.178,0,0,0,0,0.75,7.242857143,12.24285714
2014-03-24,11.8,11.5,,4.3,0.174,0,0,0,0,0.85,8.771428571,15.54285714
2014-03-31,12.6,20.7,0.0,3.854,0.206,0,0,0,0,3.65,14.92857143,19.21428571
2014-04-07,13.6,20.6,0.0,3.57,0.194,0,0,0,0,0.55,10.25714286,18.24285714
2014-04-14,15.6,9.5,0.0,4.278,0.176,0,0,0,0,0.0,13.72857143,19.27142857
2014-04-21,17.6,8.7,0.0,3.61,0.174,0,0,0,0,3.0,14.45714286,20.65714286
2014-04-28,17.6,6.8,0.0,5.208,0.382,0,0,0,0,22.0,16.95714286,22.65714286
2014-05-05,17.5,9.7,0.0,3.534,0.238,0,0,0,0,6.75,14.21428571,21.85714286
2014-05-12,19.2,11.2,0.0,3.416,0.162,0,0,0,0,39.0,16.55714286,22.67142857
2014-05-19,23.1,11.8,0.0,4.782,0.27,0,0,0,0,0.3,19.47142857,25.67142857
2014-05-26,22.9,2.9,0.0,3.688,0.26,0,0,0,0,22.5,20.81428571,27.1
2014-06-02,22.8,5.7,,3.766,0.218,0,0,0,0,2.0,24.04285714,29.08571429
2014-06-09,23.4,11.0,0.0,3.952,0.27,0,0,0,0,33.0,22.37142857,26.61428571
2014-06-16,24.2,12.9,0.0,3.332,0.232,0,0,0,0,24.65,22.31428571,26.85714286
2014-06-23,24.6,14.0,0.0,2.908,0.324,0,0,0,0,38.55,23.34285714,27.97142857
2014-06-30,25.8,30.0,0.0,5.008,0.338,0,0,0,0,0.05,24.05714286,28.94285714
2014-07-07,26.7,27.5,35.0,3.104,0.21,0,0,0,0,22.5,25.65714286,28.75714286
2014-07-14,26.5,26.7,,2.842,0.332,0,0,0,0,0.7,26.65714286,29.82857143
2014-07-21,24.3,14.0,,4.238,0.452,0,0,0,0,1.7,26.8,30.57142857
2014-07-28,28.0,17.7,,2.352,0.148,0,0,0,0,181.5,24.72857143,30.51428571
2014-08-04,26.9,28.5,,2.864,0.186,0,0,0,0,21.05,28.31428571,31.08571429
2014-08-11,25.1,19.8,1057.5,4.282,0.236,0,0,0,0,53.25,25.05714286,30.25714286
2014-08-18,24.0,13.4,1601.0,2.694,0.094,0,0,0,0,15.05,24.22857143,29.18571429
2014-08-25,25.3,27.7,85.0,3.866,0.228,0,0,0,0,67.15,24.51428571,27.88571429
2014-09-01,25.1,28.5,114.0,3.814,0.162,0,0,0,0,19.5,24.72857143,27.77142857
2014-09-08,24.5,33.4,188.0,3.418,0.176,0,0,0,0,63.5,23.38571429,27.61428571
2014-09-15,23.8,13.2,488.0,3.61,0.16,0,0,0,0,0.1,22.78571429,27.47142857
2014-09-22,22.8,16.4,0.0,3.946,0.192,0,0,0,0,0.05,20.95714286,26.07142857
2014-09-29,22.6,21.3,0.0,4.292,0.218,0,0,0,0,23.05,21.28571429,25.65714286
2014-10-06,20.3,31.6,39.0,4.088,0.216,0,0,0,0,9.0,17.55714286,24.24285714
2014-10-13,18.5,10.4,0.0,4.36,0.216,0,0,0,0,0.0,18.34285714,23.98571429
2014-10-20,17.3,4.2,92.0,2.872,0.144,0,0,0,0,24.0,14.47142857,20.81428571
2014-10-27,15.7,10.0,13.0,3.892,0.172,0,0,0,0,19.0,14.21428571,20.07142857
2014-11-03,15.2,3.1,0.0,4.666,0.178,0,0,0,0,2.7,12.87142857,18.38571429
2014-11-10,11.4,5.1,0.0,3.106,0.218,0,0,0,0,0.5,10.9,16.04285714
2014-11-17,11.4,2.1,0.0,4.974,0.228,0,0,0,0,9.55,5.185714286,13.35714286
2014-11-24,10.9,1.8,0.0,5.194,0.194,0,0,0,0,4.0,8.514285714,13.71428571
2014-12-01,6.5,1.2,,5.024,0.184,0,0,0,0,25.5,8.1,12.38571429
2014-12-08,4.0,4.6,,4.612,0.182,0,0,0,0,1.0,-4.357142857,4.057142857
2014-12-15,4.2,3.8,,5.312,0.19,0,0,0,0,13.15,-2.142857143,4.585714286
2014-12-22,1.9,4.1,,5.544,0.25,0,0,0,0,3.3,-5.542857143,2.642857143
2014-12-29,,,,,,0,0,0,0,0.2,-0.728571429,5.671428571
2015-01-05,2.4,4.7,,5.474,0.16,0,0,0,0,0.5,-1.457142857,4.414285714
2015-01-12,2.5,6.7,,5.816,0.222,0,0,0,0,3.0,-2.757142857,5.257142857
2015-01-19,3.8,6.7,,5.692,0.206,0,0,0,0,4.4,0.114285714,6.357142857
2015-01-26,3.5,3.5,,5.776,0.202,0,0,0,0,3.5,2.328571429,7.071428571
2015-02-02,3.7,3.8,,6.222,0.226,0,0,0,0,0.0,-2.885714286,5.657142857
2015-02-09,3.3,5.4,,5.608,0.204,0,0,0,0,0.2,-1.857142857,5.585714286
2015-02-16,4.1,9.4,,5.502,0.216,0,0,0,0,10.5,2.214285714,7.014285714
2015-02-23,5.3,13.6,,5.65,0.256,0,0,0,0,11.05,2.885714286,8.642857143
2015-03-02,6.1,23.6,,6.344,0.254,0,0,0,0,1.05,2.342857143,7.371428571
2015-03-09,5.6,12.2,,5.978,0.196,0,0,0,0,5.5,2.485714286,9.114285714
2015-03-16,9.7,23.2,,5.87,0.178,0,0,0,0,0.1,3.471428571,10.72857143
2015-03-23,10.4,40.1,,5.28,0.186,0,0,0,0,1.55,10.25714286,16.27142857
2015-03-30,12.5,22.9,0.0,5.898,0.268,0,0,0,0,0.0,8.9,16.44285714
2015-04-06,11.8,8.9,0.0,4.208,0.218,0,0,0,0,37.05,12.21428571,18.15714286
2015-04-13,13.0,5.6,0.0,4.356,0.18,0,0,0,0,6.55,11.18571429,16.38571429
2015-04-20,13.5,6.9,0.0,3.758,0.204,0,0,0,0,36.05,11.47142857,18.67142857
2015-04-27,21.0,22.7,0.0,4.786,0.19,0,0,0,0,0.05,15.72857143,22.57142857
2015-05-04,18.2,33.1,0.0,4.336,0.168,0,0,0,0,7.55,19.22857143,25.2
2015-05-11,19.6,20.8,0.0,4.21,0.202,0,0,0,0,14.0,16.84285714,24.02857143
2015-05-18,20.5,15.2,0.0,4.69,0.196,0,0,0,0,9.55,17.78571429,24.51428571
2015-05-25,23.7,36.4,0.0,4.548,0.198,0,0,0,0,1.0,18.88571429,26.8
2015-06-01,23.7,21.9,0.0,3.862,0.218,0,0,0,0,0.4,22.34285714,29.22857143
2015-06-08,24.0,8.2,0.0,3.974,0.208,0,0,0,0,1.0,22.55714286,29.3
2015-06-15,25.2,31.3,26.0,3.628,0.234,0,0,0,0,24.0,23.91428571,28.64285714
2015-06-22,25.9,44.6,465.0,4.478,0.364,0,0,0,0,57.0,23.38571429,28.15714286
2015-06-29,26.0,51.4,5181.5,3.93,0.365,0,0,0,0,14.55,24.64285714,27.42857143
2015-07-06,25.7,26.9,16823.0,5.346,0.333,0,0,0,0,3.0,24.1,28.1
2015-07-13,25.7,20.9,8068.0,4.095,0.385,0,0,0,0,39.55,26.14285714,27.77142857
2015-07-20,26.8,30.9,7798.5,6.685,0.3,0,0,0,0,5.5,25.6,29.35714286
2015-07-27,26.3,8.1,324.0,2.952,0.129,0,0,0,0,176.5,26.21428571,29.41428571
2015-08-03,26.5,21.5,487.0,2.433,0.132,0,0,0,0,20.6,27.64285714,31.55714286
2015-08-10,28.7,37.0,276.0,3.65,0.195,0,0,0,0,18.6,27.8,32.65714286
2015-08-17,27.3,37.0,2327.0,4.355,0.27,0,0,0,0,29.15,26.71428571,29.91428571
2015-08-24,26.4,41.6,6539.5,4.9,0.235,0,0,0,0,3.0,26.2,29.21428571
2015-08-31,26.6,23.2,7633.0,5.835,0.273,0,0,0,0,5.95,23.81428571,28.01428571
2015-09-07,24.4,22.9,7806.0,4.375,0.28,0,0,0,0,23.5,23.6,27.38571429
2015-09-14,23.9,9.6,2963.0,6.52,0.275,0,0,0,0,2.5,21.42857143,26.61428571
2015-09-21,24.3,34.7,2865.0,5.985,0.23,0,0,0,0,0.0,22.1,26.11428571
2015-09-28,,,6720.0,,,0,0,0,0,0.05,22.62857143,25.92857143
2015-10-05,21.3,46.5,2847.5,5.421,0.315,0,0,0,0,35.0,18.57142857,24.01428571
2015-10-12,19.2,20.7,12027.0,6.495,0.16,0,0,0,0,7.0,15.78571429,22.35714286
2015-10-19,19.5,25.0,1993.5,6.66,0.282,0,0,0,0,0.0,17.45714286,22.74285714
2015-10-26,16.2,14.0,612.5,6.98,0.345,0,0,0,0,12.5,17.12857143,22.04285714
2015-11-02,15.3,14.3,431.0,6.575,0.365,0,0,0,0,27.0,8.471428571,16.48571429
2015-11-09,14.0,10.5,432.0,8.52,0.44,0,0,0,0,43.0,11.87142857,17.37142857
2015-11-16,13.6,3.8,30.0,4.625,0.19,0,0,0,0,31.5,12.28571429,15.87142857
2015-11-23,10.0,4.2,35.0,6.72,0.27,0,0,0,0,15.5,10.12857143,14.14285714
2015-11-30,7.7,4.1,0.0,6.415,0.2,0,0,0,0,14.65,1.314285714,8.342857143
2015-12-07,8.1,10.0,0.0,6.125,0.165,0,0,0,0,20.6,2.214285714,8.328571429
2015-12-14,8.0,15.5,0.0,6.312,0.156,0,0,0,0,2.8,5.357142857,9.728571429
2015-12-21,5.8,33.5,0.0,8.1,0.135,0,0,0,0,2.15,-0.085714286,6.4
2015-12-28,4.1,45.4,0.0,8.868,0.156,0,0,0,0,1.15,-0.114285714,6.928571429
2016-01-04,5.6,86.1,0.0,11.028,0.216,0,0,0,0,2.5,1.885714286,6.228571429
2016-01-11,3.6,153.7,0.0,10.461,0.198,0,0,0,0,0.0,-2.385714286,4.485714286
2016-01-18,1.0,73.5,0.0,12.605,0.255,0,0,0,0,0.75,-2.614285714,3.185714286
2016-01-25,0.1,43.5,0.0,13.185,0.25,0,0,0,0,0.05,-10.47142857,0.157142857
2016-02-01,1.1,36.2,0.0,12.44,0.345,0,0,0,0,0.3,-1.757142857,4.071428571
2016-02-08,3.7,48.8,0.0,12.22,0.33,0,0,0,0,0.0,-2.185714286,4.742857143
2016-02-15,5.0,17.0,0.0,8.71,0.16,0,0,0,0,41.65,3.157142857,9.257142857
2016-02-22,4.3,26.6,0.0,8.08,0.12,0,0,0,0,0.85,0.7,6.1
2016-02-29,8.8,47.6,0.0,12.755,0.25,0,0,0,0,5.3,-0.014285714,7.371428571
2016-03-07,5.4,32.7,0.0,4.715,0.11,0,0,0,0,40.35,7.0,11.25714286
2016-03-14,9.3,25.0,0.0,6.355,0.135,0,0,0,0,0.1,1.685714286,11.08571429
2016-03-21,10.5,35.4,0.0,5.24,0.115,0,0,0,0,0.0,9.614285714,15.07142857
2016-03-28,12.7,39.0,0.0,6.525,0.12,0,0,0,0,0.0,7.714285714,14.82857143
2016-04-04,14.2,27.7,0.0,6.04,0.105,0,0,0,0,2.1,12.8,18.17142857
2016-04-11,15.1,19.0,0.0,5.465,0.125,0,0,0,0,10.5,12.51428571,19.34285714
2016-04-18,15.0,13.5,0.0,3.6,0.08,0,0,0,0,46.5,13.42857143,20.34285714
2016-04-25,16.1,31.2,0.0,4.19,0.105,0,0,0,0,17.55,14.21428571,21.32857143
2016-05-02,16.1,16.3,0.0,3.681,0.135,0,0,0,0,16.8,18.21428571,22.21428571
2016-05-09,18.0,16.5,0.0,3.285,0.085,0,0,0,0,44.05,17.12857143,23.0
2016-05-16,20.8,22.0,0.0,2.58,0.065,0,0,0,0,61.5,17.25714286,24.08571429
2016-05-23,21.1,8.5,320.0,3.13,0.15,0,0,0,0,0.0,23.14285714,26.97142857
2016-05-30,23.5,30.7,0.0,3.39,0.085,0,0,0,0,38.55,20.3,27.0
2016-06-06,24.3,6.4,470.0,4.39,0.18,0,0,0,0,0.05,22.78571429,28.2
2016-06-13,22.8,13.1,8.0,3.71,0.135,0,0,0,0,4.6,23.28571429,28.25714286
2016-06-20,25.0,26.2,654.0,3.696,0.096,0,0,0,0,15.65,23.24285714,28.52857143
2016-06-27,24.9,28.8,892.0,3.591,0.105,0,0,0,0,34.1,24.24285714,28.07142857
2016-07-04,19.4,14.2,8.0,2.885,0.305,0,0,0,0,142.2,23.91428571,27.92857143
2016-07-11,22.0,13.4,75.0,3.345,0.065,0,0,0,0,100.65,25.9,28.21428571
2016-07-18,22.1,10.6,52.0,2.84,0.075,0,0,0,0,53.85,24.74285714,28.9
2016-07-25,24.6,16.8,0.0,2.673,0.048,0,0,0,0,1.0,28.31428571,29.27142857
2016-08-01,27.7,13.2,70.0,2.706,0.054,0,0,0,0,60.9,28.02857143,31.57142857
2016-08-08,30.0,7.1,17.0,3.822,0.081,0,0,0,0,2.0,29.97142857,32.24285714
2016-08-15,29.6,9.7,1701.0,3.45,0.084,0,0,0,0,1.25,29.68571429,33.48571429
2016-08-22,29.2,15.1,321.0,4.431,0.096,0,0,0,0,12.45,29.92857143,32.07142857
2016-08-29,23.6,11.5,145.0,4.278,0.111,0,0,0,0,34.1,24.87142857,30.87142857
2016-09-05,25.5,25.5,1130.0,4.104,0.093,0,0,0,0,22.55,23.08571429,28.35714286
2016-09-12,,,550.0,,,0,0,0,0,7.0,24.02857143,28.44285714
2016-09-19,23.6,16.7,93.0,5.75,0.105,0,0,0,0,7.0,23.74285714,26.7
2016-09-26,23.2,20.8,273.0,5.427,0.096,0,0,0,0,0.0,21.85714286,25.35714286
2016-10-03,22.6,25.8,370.0,3.62,0.125,0,0,0,0,39.0,20.65714286,24.44285714
2016-10-10,19.1,34.3,140.0,5.085,0.095,0,0,0,0,8.0,17.55714286,23.75714286
2016-10-17,19.9,15.5,2850.0,4.983,0.132,0,0,0,0,1.5,16.65714286,21.65714286
2016-10-24,17.5,6.7,235.0,4.704,0.138,0,0,0,0,2.5,16.88571429,20.88571429
2016-10-31,13.7,8.9,501.0,5.169,0.081,0,0,0,0,37.85,11.14285714,17.3
2016-11-07,12.4,6.1,0.0,6.447,0.09,0,0,0,0,5.9,9.828571429,14.14285714
2016-11-14,12.7,4.1,0.0,6.828,0.105,0,0,0,0,6.9,8.614285714,13.48571429
2016-11-21,9.6,3.6,0.0,6.363,0.084,0,0,0,0,0.1,8.871428571,14.25714286
2016-11-28,8.7,3.3,0.0,6.249,0.069,0,0,0,0,3.05,0.614285714,8.657142857
2016-12-05,7.3,4.6,0.0,6.58,0.065,0,0,0,0,2.5,4.185714286,8.685714286
2016-12-12,6.8,4.9,0.0,6.594,0.096,0,0,0,0,6.05,0.528571429,6.685714286
2016-12-19,8.1,3.4,0.0,7.49,0.08,0,0,0,0,0.25,1.014285714,6.314285714
2016-12-26,5.3,4.7,0.0,4.089,0.048,0,0,0,0,52.65,2.8,7.714285714
2017-01-02,5.4,2.5,0.0,6.837,0.054,0,0,0,0,1.15,-0.814285714,5.3
2017-01-09,6.3,4.2,0.0,6.663,0.075,0,0,0,0,0.1,3.957142857,7.528571429
2017-01-16,2.8,8.6,0.0,5.835,0.06,0,0,0,0,0.65,-4.928571429,2.942857143
2017-01-23,1.2,9.9,0.0,7.115,0.055,0,0,0,0,6.2,-4.357142857,3.242857143
2017-01-30,2.9,5.9,0.0,6.245,0.065,0,0,0,0,7.9,-3.1,3.657142857
2017-02-06,3.6,5.4,0.0,6.705,0.06,0,0,0,0,0.5,-1.457142857,4.457142857
2017-02-13,4.2,4.1,0.0,6.52,0.06,0,0,0,0,0.0,-3.285714286,4.171428571
2017-02-20,4.7,6.2,0.0,7.235,0.06,0,0,0,0,5.55,0.942857143,7.442857143
2017-02-27,6.7,7.8,0.0,6.732,0.06,0,0,0,0,5.1,1.242857143,7.042857143
2017-03-06,6.4,24.9,0.0,6.395,0.06,0,0,0,0,6.0,3.814285714,10.25714286
2017-03-13,8.2,39.0,0.0,6.245,0.07,0,0,0,0,0.15,4.142857143,10.65714286
2017-03-20,10.4,63.9,0.0,5.855,0.075,0,0,0,0,0.0,8.085714286,14.55714286
2017-03-27,11.3,54.4,0.0,6.26,0.075,0,0,0,0,0.4,7.757142857,14.35714286
2017-04-03,12.6,20.5,0.0,6.705,0.1,0,0,0,0,2.5,9.214285714,15.27142857
2017-04-10,14.2,26.3,0.0,4.35,0.08,0,0,0,0,41.5,13.61428571,18.77142857
2017-04-17,15.0,15.7,0.0,3.815,0.06,0,0,0,0,11.55,14.67142857,19.2
2017-04-24,16.5,51.7,0.0,4.5,0.08,0,0,0,0,7.6,13.58571429,19.57142857
2017-05-01,19.9,33.2,102.0,5.19,0.065,0,0,0,0,0.0,16.51428571,22.25714286
2017-05-08,19.2,8.0,0.0,5.11,0.07,0,0,0,0,0.0,19.07142857,24.94285714
2017-05-15,20.3,4.7,0.0,5.695,0.065,0,0,0,0,11.1,17.14285714,24.88571429
2017-05-22,22.0,29.2,0.0,4.94,0.06,0,0,0,0,0.0,20.2,26.72857143
2017-05-29,22.6,12.2,0.0,4.925,0.105,0,0,0,0,5.1,20.32857143,27.55714286
2017-06-05,22.2,5.7,0.0,5.511,0.15,0,0,0,0,0.1,22.44285714,27.74285714
2017-06-12,23.5,19.6,0.0,4.335,0.09,0,0,0,0,32.6,20.67142857,27.07142857
2017-06-19,26.1,21.7,475.0,4.725,0.18,0,0,0,0,0.05,23.6,28.97142857
2017-06-26,26.2,28.7,850.0,4.875,0.145,0,0,0,0,34.1,24.97142857,30.37142857
2017-07-03,25.8,7.7,416.0,4.445,0.15,0,0,0,0,160.05,25.37142857,29.02857143
2017-07-10,24.0,2.0,0.0,3.605,0.175,0,0,0,0,232.5,26.34285714,29.51428571
2017-07-17,26.2,5.3,129.0,4.22,0.36,0,0,0,0,73.6,26.77142857,31.57142857
2017-07-24,23.1,9.3,251.0,3.39,0.115,0,0,0,0,139.5,28.14285714,32.41428571
2017-07-31,23.5,6.7,228.0,2.87,0.07,0,0,0,0,15.55,27.35714286,31.42857143
2017-08-07,26.6,30.7,505.0,4.19,0.125,0,0,0,0,7.05,29.92857143,32.12857143
2017-08-14,24.3,7.5,464.0,2.835,0.075,0,0,0,0,10.05,26.61428571,31.3
2017-08-21,23.3,3.9,478.0,2.915,0.15,0,0,0,0,225.6,24.48571429,28.97142857
2017-08-28,22.0,4.5,718.0,3.309,0.066,0,0,0,0,54.55,24.95714286,29.12857143
2017-09-04,22.5,15.4,715.0,3.522,0.066,0,0,0,0,0.0,22.41428571,27.52857143
2017-09-11,23.0,34.6,508.0,4.535,0.07,0,0,0,0,26.55,22.45714286,27.48571429
2017-09-18,23.0,14.4,109.0,4.925,0.07,0,0,0,0,0.0,22.21428571,26.27142857
2017-09-25,23.0,29.5,115.0,4.705,0.065,0,0,0,0,8.1,21.51428571,26.41428571
2017-10-02,,,,,,0,0,0,0,6.05,20.65714286,24.41428571
2017-10-09,19.2,13.1,241.0,4.34,0.09,0,0,0,0,0.6,19.9,22.47142857
2017-10-16,18.4,16.2,0.0,5.39,0.07,0,0,0,0,20.4,15.41428571,21.04285714
2017-10-23,17.7,13.9,0.0,5.355,0.065,0,0,0,0,0.1,16.32857143,20.57142857
2017-10-30,15.7,10.6,0.0,4.5,0.05,0,0,0,0,0.0,13.8,19.31428571
2017-11-06,14.7,9.2,0.0,5.485,0.055,0,0,0,0,2.5,11.45714286,16.28571429
2017-11-13,10.6,7.7,0.0,5.845,0.085,0,0,0,0,12.1,9.471428571,14.77142857
2017-11-20,7.9,5.2,0.0,6.02,0.065,0,0,0,0,0.1,1.514285714,9.685714286
2017-11-27,6.8,7.0,0.0,5.535,0.065,0,0,0,0,25.75,2.128571429,8.885714286
2017-12-04,5.0,12.1,0.0,6.085,0.055,0,0,0,0,4.7,1.514285714,7.7
2017-12-11,3.1,9.0,0.0,6.235,0.05,0,0,0,0,5.4,-1.928571429,4.2
2017-12-18,1.8,6.7,0.0,6.333,0.042,0,0,0,0,3.45,-5.957142857,1.757142857
2017-12-25,3.3,4.9,0.0,6.159,0.099,0,0,0,0,20.2,0.228571429,4.857142857
2018-01-01,3.6,3.4,0.0,6.125,0.045,0,0,0,0,1.8,-1.557142857,3.3
2018-01-08,1.2,2.5,0.0,7.55,0.05,0,0,0,0,0.9,-2.357142857,2.457142857
2018-01-15,1.8,4.8,0.0,6.105,0.036,0,0,0,0,1.45,-4.585714286,1.814285714
2018-01-22,4.1,3.9,0.0,6.249,0.045,0,0,0,0,3.4,1.985714286,5.5
2018-01-29,1.6,2.7,,6.54,0.051,0,0,0,0,0.0,-11.34285714,-1.285714286
2018-02-05,1.1,3.6,,6.975,0.039,0,0,0,0,3.45,-5.785714286,1.185714286
2018-02-12,1.4,6.3,,6.102,0.03,0,0,0,0,0.1,-4.928571429,1.7
2018-02-19,3.9,7.2,,7.205,0.06,0,0,0,0,0.0,-0.1,5.685714286
2018-02-26,5.1,10.3,,6.507,0.042,0,0,0,0,4.1,1.842857143,8.314285714
2018-03-05,6.4,10.5,,6.18,0.08,0,0,0,0,40.55,4.442857143,10.02857143
2018-03-12,11.1,21.7,,6.075,0.07,0,0,0,0,4.5,5.571428571,9.9
2018-03-19,8.1,30.5,,5.43,0.07,0,0,0,0,28.5,10.24285714,14.85714286
2018-03-26,14.0,51.1,,6.89,0.075,0,0,0,0,1.0,6.571428571,13.18571429
2018-04-02,13.6,20.9,0.0,6.74,0.09,0,0,0,0,0.0,15.07142857,18.54285714
2018-04-09,13.5,19.2,0.0,4.835,0.07,0,0,0,0,38.8,8.657142857,15.55714286
2018-04-16,15.1,55.4,13.0,4.16,0.06,0,0,0,0,14.0,12.24285714,18.17142857
2018-04-23,14.8,18.7,0.0,3.97,0.06,0,0,0,0,74.5,14.45714286,20.9
2018-04-30,15.4,6.1,9.0,3.635,0.07,0,0,0,0,3.0,15.44285714,20.45714286
2018-05-07,16.8,18.5,12.0,3.655,0.055,0,0,0,0,35.05,16.41428571,21.58571429
2018-05-14,17.7,18.2,24.0,3.33,0.165,0,0,0,0,32.5,16.12857143,22.97142857
2018-05-21,18.1,5.6,85.0,4.48,0.08,0,0,0,0,134.55,19.3,24.68571429
2018-05-28,19.5,14.8,0.0,4.295,0.06,0,0,0,0,19.0,19.68571429,25.54285714
2018-06-04,21.7,24.0,0.0,3.43,0.06,0,0,0,0,1.05,22.32857143,27.57142857
2018-06-11,21.1,13.1,0.0,3.51,0.045,0,0,0,0,6.0,22.28571429,27.37142857
2018-06-18,24.4,17.9,0.0,4.415,0.055,0,0,0,0,45.6,22.38571429,27.62857143
2018-06-25,23.1,13.9,0.0,3.085,0.08,0,0,0,0,0.0,24.37142857,29.91428571
2018-07-02,21.9,5.6,,3.0,0.13,0,0,0,0,263.0,23.07142857,28.15714286
2018-07-09,22.7,14.2,58.0,3.335,0.09,0,0,0,0,14.6,24.52857143,28.28571429
2018-07-16,26.8,41.9,468.0,3.805,0.06,0,0,0,0,20.55,27.04285714,31.08571429
2018-07-23,28.8,44.3,305.0,4.335,0.065,0,0,0,0,0.0,29.8,34.2
2018-07-30,29.8,41.0,740.0,4.79,0.085,0,0,0,0,7.5,30.71428571,35.48571429
2018-08-06,30.4,47.6,2629.0,4.325,0.07,0,0,0,0,8.5,32.08571429,35.84285714
2018-08-13,30.7,47.3,9031.0,3.89,0.14,0,0,0,0,8.0,30.44285714,34.81428571
2018-08-20,29.2,35.8,3874.0,2.525,0.07,0,0,0,0,1.05,29.21428571,34.02857143
2018-08-27,22.7,3.3,708.0,3.01,0.205,0,0,0,0,37.0,26.02857143,32.04285714
2018-09-03,22.6,4.8,101.0,3.67,0.305,0,0,0,0,182.6,24.81428571,29.57142857
2018-09-10,22.7,21.1,17.0,5.395,0.095,0,0,0,0,1.5,22.87142857,27.47142857
2018-09-17,22.5,33.7,253.0,4.12,0.065,0,0,0,0,2.8,22.74285714,26.48571429
2018-09-24,21.1,56.5,,3.97,0.08,0,0,0,0,29.75,20.04285714,24.95714286
2018-10-01,20.3,31.1,98.0,5.29,0.055,0,0,0,0,0.05,18.11428571,23.37142857
2018-10-08,17.0,11.6,17.0,3.75,0.12,0,0,0,0,92.0,16.94285714,22.08571429
2018-10-15,17.1,22.8,128.0,4.585,0.09,0,0,0,0,7.05,12.68571429,19.04285714
2018-10-22,16.6,32.9,0.0,5.53,0.075,0,0,0,0,0.0,13.35714286,19.05714286
2018-10-29,13.5,11.4,0.0,5.4,0.055,0,0,0,0,21.55,10.7,17.28571429
2018-11-05,13.8,7.9,0.0,5.135,0.05,0,0,0,0,0.1,9.6,15.54285714
2018-11-12,12.7,10.0,0.0,4.85,0.06,0,0,0,0,67.1,11.0,16.05714286
2018-11-19,10.3,7.7,0.0,4.27,0.035,0,0,0,0,0.0,7.8,13.41428571
2018-11-26,8.4,9.1,0.0,4.125,0.035,0,0,0,0,12.1,4.314285714,10.12857143
2018-12-03,8.6,7.1,,4.12,0.075,0,0,0,0,9.55,6.214285714,10.6
2018-12-10,4.1,6.4,,4.075,0.03,0,0,0,0,5.05,-2.314285714,5.057142857
2018-12-17,4.4,5.1,,4.953,0.027,0,0,0,0,1.9,-1.3,4.685714286
2018-12-24,4.9,6.0,,5.451,0.039,0,0,0,0,0.0,3.228571429,6.657142857
2018-12-31,1.1,4.8,,5.625,0.036,0,0,0,0,0.0,-5.9,1.342857143
2019-01-07,2.7,6.2,,5.874,0.042,0,0,0,0,0.0,-3.142857143,3.528571429
2019-01-14,3.4,11.7,,6.835,0.05,0,0,0,0,0.0,-0.142857143,4.314285714
2019-01-21,2.6,13.3,,6.063,0.036,0,0,0,0,0.2,-0.8,4.514285714
2019-01-28,3.2,9.1,,5.488,0.036,0,0,0,0,0.05,0.171428571,5.242857143
2019-02-04,3.9,13.2,,5.358,0.048,0,0,0,0,16.35,0.228571429,5.485714286
2019-02-11,2.5,15.8,,5.709,0.036,0,0,0,0,0.5,-1.957142857,5.471428571
2019-02-18,5.0,14.2,,6.82,0.065,0,0,0,0,2.45,-1.085714286,6.385714286
2019-02-25,6.1,8.7,,6.102,0.057,0,0,0,0,4.65,3.9,9.628571429
2019-03-04,8.5,35.3,,6.048,0.066,0,0,0,0,0.0,7.614285714,11.74285714
2019-03-11,8.2,31.8,,6.53,0.095,0,0,0,0,0.05,7.685714286,12.45714286
2019-03-18,9.8,17.4,,6.43,0.06,0,0,0,0,3.65,5.085714286,12.0
2019-03-25,10.5,35.2,,5.05,0.05,0,0,0,0,21.5,6.514285714,14.44285714
2019-04-01,10.2,22.4,0.0,4.865,0.05,0,0,0,0,1.85,8.1,14.87142857
2019-04-08,12.2,23.9,0.0,3.84,0.055,0,0,0,0,0.85,9.771428571,15.9
2019-04-15,12.4,26.9,0.0,4.03,0.06,0,0,0,0,24.7,10.02857143,16.57142857
2019-04-22,15.4,18.3,0.0,4.98,0.045,0,0,0,0,1.55,15.0,20.52857143
2019-04-29,14.3,21.5,0.0,3.835,0.045,0,0,0,0,20.4,14.14285714,20.45714286
2019-05-06,17.6,43.6,0.0,3.845,0.075,0,0,0,0,0.05,17.15714286,22.8
2019-05-13,21.4,33.6,0.0,4.27,0.06,0,0,0,0,0.05,17.94285714,24.44285714
2019-05-20,21.1,17.8,0.0,4.32,0.115,0,0,0,0,30.75,20.85714286,27.12857143
2019-05-27,21.6,10.0,0.0,3.425,0.065,0,0,0,0,7.1,21.24285714,27.14285714
2019-06-03,23.3,31.2,0.0,3.75,0.07,0,0,0,0,0.05,20.02857143,26.47142857
2019-06-10,23.5,6.5,0.0,3.865,0.06,0,0,0,0,54.8,21.24285714,27.98571429
2019-06-17,23.5,20.9,0.0,3.95,0.11,0,0,0,0,2.15,21.94285714,27.34285714
2019-06-24,26.0,34.4,0.0,4.375,0.05,0,0,0,0,14.2,23.05714286,27.71428571
2019-07-01,25.7,49.6,1506.0,4.575,0.09,0,0,0,0,3.05,24.6,28.71428571
2019-07-08,25.2,15.7,1281.0,4.58,0.09,0,0,0,0,0.05,26.14285714,30.32857143
2019-07-15,26.6,29.3,527.0,4.225,0.11,0,0,0,0,19.15,23.97142857,28.87142857
2019-07-22,26.7,13.5,279.0,3.695,0.065,0,0,0,0,14.45,26.51428571,29.98571429
2019-07-29,24.2,5.9,13.0,2.83,0.175,0,0,0,0,97.4,26.85714286,30.85714286
2019-08-05,26.6,21.8,173.0,3.669,0.144,0,0,0,0,102.0,28.11428571,33.02857143
2019-08-12,28.0,14.4,0.0,3.285,0.115,0,0,0,0,70.95,29.38571429,33.04285714
2019-08-19,27.7,17.5,0.0,3.945,0.085,0,0,0,0,22.75,27.02857143,31.88571429
2019-08-26,25.8,13.5,567.0,4.22,0.125,0,0,0,0,1.3,26.25714286,30.32857143
2019-09-02,25.4,23.5,472.0,3.96,0.12,0,0,0,0,57.1,24.2,28.5
2019-09-09,24.5,23.6,4185.0,3.042,0.096,0,0,0,0,64.45,24.38571429,27.4
2019-09-16,23.5,23.3,117.0,4.05,0.08,0,0,0,0,75.1,23.35714286,27.62857143
2019-09-23,22.7,30.0,1171.0,4.575,0.08,0,0,0,0,0.4,20.25714286,25.38571429
2019-09-30,22.4,22.9,1056.0,3.115,0.055,0,0,0,0,0.0,22.17142857,25.17142857
2019-10-07,19.3,21.9,99.0,4.7,0.08,0,0,0,0,53.7,20.15714286,23.92857143
2019-10-14,18.7,31.9,82.0,5.335,0.11,0,0,0,0,0.0,15.97142857,20.95714286
2019-10-21,19.1,2.7,0.0,6.385,0.125,0,0,0,0,0.0,16.01428571,20.08571429
2019-10-28,16.9,19.4,0.0,6.355,0.095,0,0,0,0,1.75,14.85714286,19.81428571
2019-11-04,16.1,16.3,0.0,6.645,0.055,0,0,0,0,0.1,13.64285714,18.38571429
2019-11-11,12.1,7.6,0.0,6.67,0.085,0,0,0,0,12.9,10.01428571,16.01428571
2019-11-18,9.6,4.0,0.0,4.2,0.09,0,0,0,0,62.1,6.157142857,12.94285714
2019-11-25,9.2,3.6,0.0,5.485,0.07,0,0,0,0,3.85,5.485714286,11.7
2019-12-02,6.7,3.1,,5.59,0.1,0,0,0,0,3.3,3.328571429,9.314285714
2019-12-09,5.7,2.2,,5.487,0.06,0,0,0,0,0.8,-1.128571429,6.214285714
2019-12-16,6.3,6.0,,5.433,0.042,0,0,0,0,2.95,4.514285714,8.571428571
2019-12-23,5.7,4.9,,5.28,0.042,0,0,0,0,13.7,1.842857143,7.614285714
2019-12-30,5.5,3.1,,6.195,0.039,0,0,0,0,2.1,1.528571429,6.385714286
2020-01-06,4.3,4.7,,5.973,0.039,0,0,0,0,1.95,-0.514285714,5.742857143
2020-01-13,3.9,5.4,,3.92,0.042,0,0,0,0,57.9,0.414285714,5.771428571
2020-01-20,4.0,6.7,,4.914,0.054,0,0,0,0,0.6,-0.628571429,4.871428571
2020-01-27,5.6,7.6,,6.321,0.054,0,0,0,0,0.1,3.671428571,7.714285714
2020-02-03,4.9,12.5,,5.628,0.042,0,0,0,0,0.15,3.657142857,7.314285714
2020-02-10,4.3,16.3,,5.679,0.045,0,0,0,0,1.9,-2.085714286,5.228571429
2020-02-17,5.6,17.0,,6.14,0.055,0,0,0,0,23.1,4.471428571,9.957142857
2020-02-24,6.2,22.3,,5.883,0.09,0,0,0,0,7.3,3.1,8.914285714
2020-03-02,6.8,23.1,,4.845,0.06,0,0,0,0,21.3,5.8,11.32857143
2020-03-09,8.7,37.6,,5.19,0.1,0,0,0,0,0.05,5.642857143,11.02857143
2020-03-16,9.3,42.5,,5.2,0.07,0,0,0,0,12.3,4.728571429,12.25714286
2020-03-23,12.5,48.0,,5.115,0.06,0,0,0,0,0.05,9.842857143,15.27142857
2020-03-30,12.8,57.1,0.0,5.07,0.08,0,0,0,0,3.8,11.02857143,17.0
2020-04-06,12.5,55.8,0.0,5.485,0.1,0,0,0,0,0.0,9.7,17.54285714
2020-04-13,14.7,62.3,0.0,4.705,0.06,0,0,0,0,0.0,10.25714286,17.5
2020-04-20,12.8,58.1,0.0,4.755,0.075,0,0,0,0,16.9,12.92857143,18.9
2020-04-27,16.0,53.8,0.0,4.77,0.06,0,0,0,0,0.05,9.928571429,17.51428571
2020-05-04,19.6,26.7,0.0,4.48,0.055,0,0,0,0,0.1,18.34285714,23.71428571
2020-05-11,18.5,9.8,0.0,4.245,0.065,0,0,0,0,31.4,17.3,24.25714286
2020-05-18,18.8,12.3,0.0,2.855,0.065,0,0,0,0,45.05,17.24285714,23.27142857
2020-05-25,21.1,28.5,0.0,3.264,0.057,0,0,0,0,33.65,16.72857143,22.94285714
2020-06-01,22.8,15.0,90.0,3.819,0.063,0,0,0,0,2.95,19.5,26.0
2020-06-08,25.6,17.3,0.0,3.735,0.048,0,0,0,0,2.2,22.44285714,28.61428571
2020-06-15,24.9,24.2,0.0,2.991,0.063,0,0,0,0,7.4,25.31428571,29.81428571
2020-06-22,25.1,24.4,136.0,2.85,0.072,0,0,0,0,0.1,25.2,29.31428571
2020-06-29,25.0,13.6,36.0,2.36,0.059,0,0,0,0,65.0,23.72857143,29.25714286
2020-07-06,26.3,40.7,142.0,2.776,0.066,0,0,0,0,66.45,23.5,28.54285714
2020-07-13,25.2,10.4,82.0,2.031,0.042,0,0,0,0,52.75,24.22857143,29.14285714
2020-07-20,23.5,8.6,0.0,2.255,0.092,0,0,0,0,44.25,24.08571429,27.68571429
2020-07-27,23.3,11.2,53.0,2.727,0.12,0,0,0,0,119.85,23.75714286,28.35714286
2020-08-03,,,,,,0,0,0,0,225.2,24.97142857,29.25714286
2020-08-10,,,,,,0,0,0,0,212.15,25.35714286,29.25714286
2020-08-17,23.7,6.1,0.0,2.843,0.072,0,0,0,0,166.4,26.94285714,31.18571429
2020-08-24,23.3,10.1,0.0,2.51,0.061,0,0,0,0,45.1,26.61428571,33.27142857
2020-08-31,23.3,4.4,0.0,3.054,0.126,0,0,0,0,79.05,27.78571429,31.55714286
2020-09-07,20.9,3.9,,3.24,0.147,0,0,0,0,130.55,23.01428571,29.11428571
2020-09-14,21.5,8.8,0.0,3.21,0.09,0,0,0,0,12.2,21.81428571,26.62857143
2020-09-21,20.8,15.4,183.0,2.952,0.048,0,0,0,0,0.6,21.18571429,25.35714286
2020-09-28,20.7,21.9,47.0,2.664,0.068,0,0,0,0,0.0,20.07142857,23.87142857
2020-10-05,18.7,8.2,250.0,3.715,0.049,0,0,0,0,38.45,18.14285714,23.41428571
2020-10-12,17.1,18.5,0.0,3.634,0.048,0,0,0,0,0.0,16.37142857,21.44285714
2020-10-19,15.4,10.1,0.0,4.827,0.045,0,0,0,0,0.0,13.1,19.68571429
2020-10-26,14.8,13.2,0.0,5.064,0.045,0,0,0,0,0.05,12.11428571,18.27142857
2020-11-02,12.7,3.6,592.0,4.238,0.05,0,0,0,0,15.3,12.65714286,17.02857143
2020-11-09,12.1,5.4,0.0,4.662,0.03,0,0,0,0,0.6,8.814285714,14.38571429
2020-11-16,11.6,5.6,0.0,3.189,0.09,0,0,0,0,0.0,10.8,15.54285714
2020-11-23,9.5,4.2,0.0,3.831,0.036,0,0,0,0,104.25,8.957142857,14.85714286
2020-11-30,7.9,3.8,,4.524,0.04,0,0,0,0,0.05,2.328571429,8.914285714
2020-12-07,7.1,4.5,,4.752,0.039,0,0,0,0,0.0,1.942857143,7.271428571
2020-12-14,4.9,5.3,,4.572,0.038,0,0,0,0,2.95,0.8,6.828571429
2020-12-21,2.9,3.6,,5.18,0.046,0,0,0,0,0.25,-4.771428571,2.257142857
2020-12-28,4.3,4.2,,5.342,0.036,0,0,0,0,1.4,3.285714286,5.528571429
2021-01-04,1.4,3.6,,5.326,0.042,0,0,0,0,0.3,-5.428571429,0.942857143
2021-01-11,2.1,7.3,,6.348,0.093,0,0,0,0,2.35,-9.842857143,-1.471428571
2021-01-18,1.9,4.7,,6.057,0.081,0,0,0,0,3.2,-1.414285714,4.414285714
2021-01-25,5.0,6.3,,6.291,0.06,0,0,0,0,9.3,3.771428571,6.314285714
2021-02-01,3.6,8.9,,5.854,0.058,0,0,0,0,4.9,0.314285714,6.428571429
2021-02-08,3.0,7.8,,5.028,0.058,0,0,0,0,3.55,-0.528571429,7.157142857
2021-02-15,2.7,8.5,,6.075,0.039,0,0,0,0,1.45,4.685714286,10.08571429
2021-02-22,5.3,12.1,,5.517,0.039,0,0,0,0,1.55,1.4,8.157142857
2021-03-01,6.6,19.9,,3.968,0.074,0,0,0,0,67.5,5.328571429,11.52857143
2021-03-08,9.3,31.9,,4.776,0.064,0,0,0,0,0.1,6.1,12.14285714
2021-03-15,10.9,26.5,,4.416,0.06,0,0,0,0,1.75,9.285714286,14.97142857
2021-03-22,12.6,34.8,,5.812,0.092,0,0,0,0,6.7,9.442857143,16.11428571
2021-03-29,11.9,23.7,0.0,5.388,0.138,0,0,0,0,34.9,10.81428571,17.1
2021-04-05,14.5,20.5,0.0,3.346,0.054,0,0,0,0,56.85,14.21428571,18.75714286
2021-04-12,14.6,68.8,0.0,3.796,0.116,0,0,0,0,22.0,13.71428571,17.88571429
2021-04-19,16.9,61.1,0.0,3.882,0.074,0,0,0,0,8.75,10.48571429,18.57142857
2021-04-26,16.7,75.3,0.0,4.032,0.128,0,0,0,0,0.1,18.07142857,22.82857143
2021-05-03,17.1,8.0,0.0,3.432,0.09,0,0,0,0,46.3,13.21428571,20.81428571
2021-05-10,19.4,16.1,0.0,3.632,0.082,0,0,0,0,28.55,14.42857143,22.38571429
2021-05-17,18.8,13.1,0.0,2.794,0.062,0,0,0,0,85.0,20.47142857,24.12857143
2021-05-24,18.2,19.0,0.0,2.83,0.069,0,0,0,0,8.0,18.57142857,24.28571429
2021-05-31,19.5,17.8,0.0,2.718,0.042,0,0,0,0,51.95,16.87142857,24.54285714
2021-06-07,22.0,28.8,0.0,2.869,0.053,0,0,0,0,21.35,20.84285714,26.85714286
2021-06-14,21.7,19.6,0.0,2.616,0.057,0,0,0,0,10.8,24.22857143,28.34285714
2021-06-21,23.4,17.0,0.0,2.365,0.048,0,0,0,0,8.25,22.5,27.87142857
2021-06-28,24.3,14.7,0.0,2.901,0.051,0,0,0,0,50.35,23.32857143,27.3
2021-07-05,23.9,11.5,0.0,2.587,0.07,0,0,0,0,95.4,24.12857143,28.58571429
2021-07-12,26.0,10.6,0.0,2.975,0.111,0,0,0,0,16.55,26.12857143,29.58571429
2021-07-19,29.0,31.2,0.0,2.887,0.067,0,0,0,0,67.5,28.78571429,32.65714286
2021-07-26,29.9,13.5,80.0,3.31,0.095,0,0,0,0,0.05,30.74285714,33.61428571
2021-08-02,28.5,8.7,0.0,2.716,0.072,0,0,0,0,25.75,29.28571429,33.6
2021-08-09,28.8,21.3,696.0,3.56,0.089,0,0,0,0,12.75,28.21428571,32.72857143
2021-08-16,27.3,25.1,86.0,3.781,0.099,0,0,0,0,0.15,26.97142857,30.94285714
2021-08-23,25.8,17.9,3116.0,2.887,0.099,0,0,0,0,85.2,24.77142857,29.82857143
2021-08-30,22.6,5.9,5375.0,2.615,0.162,0,0,0,0,13.35,23.97142857,28.5
2021-09-06,23.2,14.0,45.0,2.771,0.108,0,0,0,0,90.2,22.61428571,26.8
2021-09-13,23.8,47.4,1380.0,3.103,0.062,0,0,0,0,31.2,23.12857143,27.3
2021-09-20,,,725.0,,,0,0,0,0,0.0,23.7,26.57142857
2021-09-27,22.7,16.5,113.0,3.358,0.081,0,0,0,0,72.65,21.47142857,25.81428571
2021-10-04,21.8,16.2,693.0,3.184,0.111,0,0,0,0,31.3,21.28571429,25.84285714
2021-10-11,20.8,20.3,38.0,3.129,0.054,0,0,0,0,29.45,19.51428571,24.74285714
2021-10-18,17.0,25.0,0.0,3.724,0.077,0,0,0,0,5.7,14.58571429,19.61428571
2021-10-25,16.5,18.3,0.0,3.749,0.054,0,0,0,0,4.4,10.78571429,16.48571429
2021-11-01,16.0,13.6,0.0,3.992,0.051,0,0,0,0,0.75,13.5,18.71428571
2021-11-08,12.6,5.6,0.0,4.358,0.078,0,0,0,0,25.75,12.38571429,17.37142857
2021-11-15,13.0,7.8,0.0,4.744,0.052,0,0,0,0,2.35,6.8,12.82857143
2021-11-22,10.2,6.5,0.0,4.64,0.064,0,0,0,0,7.25,9.185714286,14.57142857
2021-11-29,7.1,6.9,,4.002,0.07,0,0,0,0,0.1,4.028571429,9.5
2021-12-06,7.9,7.4,,4.678,0.036,0,0,0,0,27.7,2.471428571,9.228571429
2021-12-13,6.0,9.2,,4.434,0.04,0,0,0,0,0.7,4.571428571,10.35714286
2021-12-20,5.6,5.6,,6.026,0.044,0,0,0,0,6.4,1.485714286,5.285714286
2021-12-27,1.1,5.8,,5.328,0.036,0,0,0,0,0.25,-3.085714286,4.857142857
2022-01-03,1.8,3.4,,5.562,0.042,0,0,0,0,0.6,-3.114285714,3.128571429
2022-01-10,3.0,3.1,,5.69,0.036,0,0,0,0,1.0,-1.0,4.657142857
2022-01-17,1.5,5.4,,5.904,0.038,0,0,0,0,0.8,-5.014285714,2.271428571
2022-01-24,3.2,6.1,,5.73,0.036,0,0,0,0,1.7,-1.671428571,4.2
2022-01-31,,,,,,0,0,0,0,1.9,-0.971428571,5.557142857
2022-02-07,1.9,6.5,,6.128,0.036,0,0,0,0,1.75,-3.757142857,3.585714286
2022-02-14,3.4,7.0,,5.616,0.042,0,0,0,0,1.7,2.471428571,7.142857143
2022-02-21,2.5,9.2,,5.826,0.038,0,0,0,0,0.3,-4.128571429,4.214285714
2022-02-28,6.7,10.3,,5.552,0.046,0,0,0,0,1.1,0.914285714,7.242857143
2022-03-07,8.0,20.6,,5.782,0.06,0,0,0,0,2.3,4.071428571,11.28571429
2022-03-14,9.2,19.8,,4.668,0.07,0,0,0,0,53.4,9.471428571,15.67142857
2022-03-21,8.6,18.8,,4.35,0.06,0,0,0,0,15.9,7.071428571,13.85714286
2022-03-28,11.1,18.5,,3.888,0.058,0,0,0,0,30.7,8.8,14.8
2022-04-04,13.0,49.2,0.0,3.696,0.062,0,0,0,0,0.4,9.814285714,15.52857143
2022-04-11,14.7,37.4,71.0,4.584,0.084,0,0,0,0,0.5,14.48571429,19.97142857
2022-04-18,15.9,29.3,77.0,4.502,0.066,0,0,0,0,1.8,14.47142857,20.75714286
2022-04-25,18.8,22.1,0.0,4.236,0.052,0,0,0,0,1.6,16.91428571,22.81428571
2022-05-02,19.2,30.3,63.0,3.928,0.052,0,0,0,0,16.55,15.97142857,22.45714286
2022-05-09,20.5,7.6,0.0,3.91,0.046,0,0,0,0,2.5,17.52857143,23.38571429
2022-05-16,20.4,13.4,0.0,4.028,0.07,0,0,0,0,0.1,18.44285714,23.85714286
2022-05-23,22.5,18.3,0.0,4.208,0.054,0,0,0,0,1.5,20.55714286,27.41428571
2022-05-30,22.3,17.2,0.0,4.028,0.074,0,0,0,0,3.65,21.25714286,28.55714286
2022-06-06,23.1,21.4,0.0,3.15,0.054,0,0,0,0,4.35,22.4,27.47142857
2022-06-13,21.9,33.3,0.0,2.994,0.092,0,0,0,0,21.85,22.34285714,26.28571429
2022-06-20,24.5,48.3,0.0,3.0,0.068,0,0,0,0,19.3,21.95714286,27.8
2022-06-27,21.9,17.4,0.0,2.564,0.212,0,0,0,0,128.2,25.51428571,30.17142857
2022-07-04,24.6,22.5,0.0,3.538,0.1,0,0,0,0,220.35,26.9,30.28571429
2022-07-11,24.3,5.8,278.0,2.502,0.128,0,0,0,0,27.05,27.97142857,31.75714286
2022-07-18,23.7,7.6,105.0,3.31,0.122,0,0,0,0,149.45,25.8,30.3
2022-07-25,25.7,24.9,0.0,3.114,0.05,0,0,0,0,27.8,25.72857143,30.55714286
2022-08-01,26.4,25.5,655.0,3.138,0.104,0,0,0,0,78.2,29.32857143,32.12857143
2022-08-08,,,274.0,,,0,0,0,0,228.8,28.08571429,32.08571429
2022-08-15,23.2,5.1,,2.676,0.062,0,0,0,0,177.4,26.18571429,30.82857143
2022-08-22,22.8,9.1,243.0,2.91,0.058,0,0,0,0,69.45,26.77142857,30.68571429
2022-08-29,22.5,12.1,104.0,2.736,0.056,0,0,0,0,23.6,23.04285714,28.48571429
2022-09-05,20.9,6.2,,2.828,0.078,0,0,0,0,189.65,22.17142857,26.65714286
2022-09-12,22.4,14.5,1229.0,3.274,0.048,0,0,0,0,25.4,23.14285714,27.1
2022-09-19,22.1,27.2,172.0,4.122,0.06,0,0,0,0,19.1,25.3,27.22857143
2022-09-26,22.0,29.9,72.0,3.628,0.06,0,0,0,0,3.3,19.24285714,24.72857143
2022-10-03,19.3,6.9,0.0,3.098,0.056,0,0,0,0,91.8,20.58571429,25.84285714
2022-10-10,17.9,12.9,0.0,3.832,0.064,0,0,0,0,32.4,14.77142857,20.77142857
2022-10-17,16.6,13.6,81.0,3.55,0.05,0,0,0,0,0.0,14.9,20.74285714
2022-10-24,16.2,12.7,0.0,4.032,0.052,0,0,0,0,0.0,12.35714286,17.95714286
2022-10-31,15.2,15.4,0.0,4.116,0.044,0,0,0,0,0.0,13.65714286,17.54285714
2022-11-07,14.2,8.0,0.0,4.48,0.036,0,0,0,0,0.1,9.414285714,16.72857143
2022-11-14,13.0,3.8,0.0,3.99,0.036,0,0,0,0,57.9,12.81428571,17.22857143
2022-11-21,13.1,8.7,0.0,4.706,0.038,0,0,0,0,1.6,10.88571429,15.45714286
2022-11-28,11.6,8.3,,4.996,0.04,0,0,0,0,21.3,9.657142857,13.52857143
2022-12-05,6.8,4.7,,4.834,0.028,0,0,0,0,4.9,-1.557142857,7.128571429
2022-12-12,5.0,4.4,,5.02,0.03,0,0,0,0,5.65,2.885714286,6.5
2022-12-19,1.8,4.5,,4.596,0.026,0,0,0,0,3.2,-6.1,1.557142857
2022-12-26,0.7,5.8,,4.948,0.04,0,0,0,0,3.6,-5.8,1.0
2023-01-02,2.0,9.3,,5.448,0.042,0,0,0,0,0.25,-2.357142857,3.0
2023-01-09,4.4,9.9,,5.514,0.038,0,0,0,0,4.0,-0.271428571,4.9
2023-01-16,2.4,11.1,,4.394,0.062,0,0,0,0,42.2,2.885714286,8.228571429
2023-01-23,1.0,16.3,,5.368,0.042,0,0,0,0,1.15,-2.171428571,2.428571429
2023-01-30,1.3,23.3,,5.432,0.052,0,0,0,0,0.95,-6.857142857,-0.142857143
2023-02-06,3.7,24.0,,5.424,0.042,0,0,0,0,0.0,0.542857143,5.628571429
2023-02-13,5.1,27.5,,5.488,0.048,0,0,0,0,0.65,3.685714286,9.257142857
2023-02-20,5.6,41.8,,5.634,0.075,0,0,0,0,0.45,2.757142857,8.3
2023-02-27,6.5,32.2,,5.932,0.054,0,0,0,0,0.0,1.942857143,8.342857143
2023-03-06,,,,,,0,0,0,0,0.0,6.0,13.05714286
2023-03-13,,,,,,0,0,0,0,10.5,10.28571429,17.67142857
2023-03-20,,,,,,0,0,0,0,0.0,7.871428571,14.98571429
2023-03-27,,,,,,0,0,0,0,0.05,12.72857143,18.3
2023-04-03,13.7,16.5,0.0,4.498,0.148,0,0,0,0,0.0,14.94285714,20.34285714
2023-04-10,15.1,21.4,0.0,4.266,0.076,0,0,0,0,59.9,11.42857143,18.3
2023-04-17,16.0,42.5,0.0,3.838,0.062,0,0,0,0,7.6,12.67142857,19.22857143
2023-04-24,16.4,17.8,15.0,3.954,0.048,0,0,0,0,2.0,16.34285714,21.01428571
2023-05-01,17.7,19.6,0.0,3.004,0.042,0,0,0,0,27.55,12.88571429,20.21428571
2023-05-08,18.4,36.3,0.0,2.942,0.05,0,0,0,0,77.7,16.9,22.3
2023-05-15,19.4,48.9,0.0,3.604,0.062,0,0,0,0,0.05,18.54285714,23.94285714
2023-05-22,22.0,8.2,0.0,3.254,0.07,0,0,0,0,1.55,21.47142857,26.42857143
2023-05-29,22.6,17.4,0.0,2.554,0.06,0,0,0,0,76.45,20.77142857,25.58571429
2023-06-05,23.0,6.9,0.0,2.853,0.057,0,0,0,0,0.05,22.22857143,26.85714286
2023-06-12,24.0,42.4,46.0,2.562,0.072,0,0,0,0,36.25,21.84285714,27.98571429
2023-06-19,24.1,29.8,96.0,3.158,0.116,0,0,0,0,30.65,23.94285714,29.05714286
2023-06-26,24.0,20.9,0.0,2.124,0.062,0,0,0,0,61.65,24.41428571,28.9
2023-07-03,23.8,12.2,0.0,2.474,0.086,0,0,0,0,67.35,26.4,29.65714286
2023-07-10,,,,,,0,0,0,0,136.1,25.88571429,30.34285714
2023-07-17,,,,,,0,0,0,0,236.7,24.81428571,29.0
2023-07-24,24.7,10.3,0.0,2.536,0.082,0,0,0,0,55.2,27.08571429,30.37142857
2023-07-31,28.0,38.4,601.0,2.946,0.074,0,0,0,0,31.95,28.55714286,31.74285714
2023-08-07,29.3,19.1,870.0,2.876,0.05,0,0,0,0,4.9,29.94285714,33.5
2023-08-14,27.1,33.9,190.0,3.292,0.098,0,0,0,0,134.5,26.18571429,31.71428571
2023-08-21,26.3,7.3,555.0,2.248,0.11,0,0,0,0,0.5,28.58571429,31.65714286
2023-08-28,24.6,6.9,78.0,2.46,0.104,0,0,0,0,100.1,25.6,30.45714286
2023-09-04,25.6,26.7,45.0,2.792,0.054,0,0,0,0,58.7,24.75714286,28.57142857
2023-09-11,24.4,9.6,1284.0,2.692,0.074,0,0,0,0,0.05,26.42857143,29.31428571
2023-09-18,22.9,7.3,832.0,2.298,0.076,0,0,0,0,59.7,23.82857143,27.47142857
2023-09-25,21.6,5.1,52.0,2.744,0.102,0,0,0,0,37.75,21.5,26.45714286
2023-10-02,19.7,10.0,176.0,2.996,0.064,0,0,0,0,36.7,20.21428571,24.57142857
2023-10-09,20.1,17.8,112.0,3.356,0.044,0,0,0,0,15.95,16.54285714,21.97142857
2023-10-16,18.4,14.0,631.0,3.724,0.054,0,0,0,0,5.8,16.45714286,21.41428571
2023-10-23,18.1,18.2,0.0,4.128,0.052,0,0,0,0,9.3,13.74285714,19.22857143
2023-10-30,18.5,13.4,0.0,3.6,0.042,0,0,0,0,0.05,15.61428571,20.12857143
2023-11-06,15.5,4.7,0.0,2.878,0.102,0,0,0,0,64.75,17.68571429,19.87142857
2023-11-13,11.4,5.4,0.0,4.448,0.048,0,0,0,0,5.15,4.842857143,13.27142857
2023-11-20,11.0,10.9,0.0,4.358,0.05,0,0,0,0,8.45,4.7,10.68571429
2023-11-27,6.6,18.1,0.0,4.418,0.04,0,0,0,0,3.75,4.885714286,10.05714286
2023-12-04,6.9,20.5,,4.638,0.048,0,0,0,0,0.15,-0.3,7.614285714
2023-12-11,7.8,12.3,,4.192,0.044,0,0,0,0,15.25,9.242857143,11.94285714
2023-12-18,4.0,9.2,,3.39,0.032,0,0,0,0,50.0,0.442857143,7.314285714
2023-12-25,3.4,3.8,,4.678,0.056,0,0,0,0,2.9,-6.3,0.557142857
