Date,Cyanocell_MSDG,WT_MSDG,Chla_MSDG,TN_MSDG,TP_MSDG,WL_UP_PDD,WL_MSDG,Discharge_UP_PDD,Discharge_MSDG,Prec_MSDG,Temp_MSDG,Forecast_Temp_MSDG
2012-01-09,0,2.3,16.8,2.534,0.038,24.87571429,0,1404.8,0,0.5,-3.857142857,4
2012-01-16,0,,,,,25.06857143,0,1010.8,0,0.05,-2.485714286,4.357142857
2012-01-23,0,,,,,25.21142857,0,979.6,0,0.8,2.54E-16,5.814285714
2012-01-30,0,,,,,25.14142857,0,971,0,1.7,-4.214285714,1.657142857
2012-02-06,0,,,,,25.14428571,0,1065.1,0,4.4,-6.114285714,1.528571429
2012-02-13,0,2.8,31,2.32,0.026,25.13571429,0,1157.4,0,0.1,-3.642857143,2.471428571
2012-02-20,0,,,,,25.11714286,0,1251.7,0,0,-2.7,4.157142857
2012-02-27,0,,,,,25.18,0,1274.1,0,0.3,2.242857143,8.214285714
2012-03-05,0,,,,,25.15,0,1398.1,0,7.35,5.928571429,8.885714286
2012-03-12,0,5.3,17,2.087,0.035,25.20142857,0,1403.4,0,8.55,1.614285714,9.071428571
2012-03-19,0,,,,,25.17714286,0,1453.6,0,6.05,5.571428571,10.55714286
2012-03-26,0,,,,,25.17285714,0,1818.4,0,25.55,4.428571429,10.22857143
2012-04-02,0,,,,,25.11857143,0,1889.7,0,22.2,7.914285714,13.41428571
2012-04-09,0,,,,,24.79571429,0,5355.9,0,35,8.114285714,14.22857143
2012-04-16,0,11.4,24.7,1.977,0.04,24.87285714,0,2982,0,13.5,11.55714286,18.68571429
2012-04-23,0,,,,,24.83,0,3779.1,0,56.55,13.98571429,19.51428571
2012-04-30,0,,,,,24.84,0,4530,0,30,17.38571429,21.78571429
2012-05-07,0,,,,,24.92571429,0,2826.2,0,0.6,20.11428571,24.07142857
2012-05-14,0,16.7,7.5,1.366,0.026,24.91857143,0,1970.1,0,6.5,18.58571429,23.9
2012-05-21,0,,,,,25.01857143,0,1639.5,0,0.6,18.85714286,24.38571429
2012-05-28,0,,,,,25.03285714,0,1713.8,0,0.4,20.8,27.25714286
2012-06-04,0,,,,,25.06571429,0,1441.2,0,0.25,22.1,27.17142857
2012-06-11,0,,,,,25.05142857,0,1040.6,0,2.05,23.11428571,28.12857143
2012-06-18,0,25,8.7,1.307,0.025,25.04714286,0,1360.7,0,0.4,23.78571429,27.85714286
2012-06-25,0,,,,,25.20714286,0,1242.7,0,0.05,25.98571429,28.6
2012-07-02,0,,,,,25.02,0,1924.6,0,89.55,24.01428571,27.5
2012-07-09,50,,,,,23.44714286,0,10107.1,0,199.8,23.94285714,27.98571429
2012-07-16,0,21.3,5.7,2.012,0.069,25.05285714,0,8412.7,0,134.05,23.45714286,27.42857143
2012-07-23,30,,,,,25.11714286,0,9206,0,97.05,26.22857143,28.91428571
2012-07-30,240,,,,,25.18857143,0,2333,0,18.05,28.25714286,33.22857143
2012-08-06,1180,,,,,25.16,0,1920.2,0,0.1,30.98571429,33.15714286
2012-08-13,400,,,,,25.07857143,0,3415,0,19.3,28.17142857,31.45714286
2012-08-20,50,,,,,25.19142857,0,9887.7,0,218.55,26.34285714,30.05714286
2012-08-27,100,23.4,4.2,2.407,0.046,25.03857143,0,18031.3,0,173.15,24.94285714,30.25714286
2012-09-03,30,,,,,25.01285714,0,11660.4,0,54,24.58571429,29.14285714
2012-09-10,90,,,,,25.11142857,0,10083.9,0,94,21.81428571,27.27142857
2012-09-17,90,19.6,8.4,1.649,0.051,25.06428571,0,7733.1,0,104,20.28571429,25.28571429
2012-09-24,20,,,,,25.17285714,0,4740.1,0,0.05,20.72857143,25.14285714
2012-10-01,60,,,,,25.18142857,0,3127.8,0,14,18.87142857,24.74285714
2012-10-08,20,,,,,25.23428571,0,1912.6,0,0,19.2,24.07142857
2012-10-15,120,,,,,25.29285714,0,1848.1,0,13,15.65714286,21.92857143
2012-10-22,6,15.8,10.3,1.902,0.026,25.21285714,0,1761.9,0,42,14.8,20.62857143
2012-10-29,20,,,,,25.20285714,0,2279.7,0,44.15,13.51428571,18.34285714
2012-11-05,0,,,,,25.32714286,0,1606.4,0,12.3,8.285714286,14.37142857
2012-11-12,0,10.7,9.5,1.716,0.038,25.33857143,0,1883.3,0,36,8.814285714,13.74285714
2012-11-19,0,,,,,25.30571429,0,2385.9,0,16.6,4.142857143,10.94285714
2012-11-26,0,,,,,25.29142857,0,1922.7,0,1.8,3.342857143,10.18571429
2012-12-03,0,,,,,25.19428571,0,2038.8,0,6.9,1.9,7.085714286
2012-12-10,0,3.6,3.4,1.614,0.025,25.20714286,0,1878.5,0,7.8,-6.414285714,3.685714286
2012-12-17,0,,,,,25.25285714,0,1959,0,19,-0.642857143,5.028571429
2012-12-24,0,,,,,25.30714286,0,1802,0,1.9,-5.5,2.571428571
2012-12-31,0,,,,,25.15857143,0,2053.3,0,7.45,-6.214285714,0.942857143
2013-01-07,0,,,,,25.09428571,0,1165.2,0,3.1,-8.385714286,-0.085714286
2013-01-14,0,,,,,25.32285714,0,1347,0,0.15,-3.957142857,3.157142857
2013-01-21,0,2.3,8,1.834,0.028,25.32428571,0,1222.6,0,16.8,-1.514285714,3.9
2013-01-28,0,,,,,25.23714286,0,1844.2,0,2.1,-3.485714286,3.371428571
2013-02-04,0,,,,,25.23571429,0,2836.8,0,61.5,2.457142857,6.628571429
2013-02-11,0,,,,,25.16,0,2114.9,0,7.85,-5.957142857,2.385714286
2013-02-18,0,3.4,8.9,2.763,0.018,25.17428571,0,2146.6,0,0.1,-0.714285714,4.8
2013-02-25,0,,,,,25.16142857,0,2209.1,0,3.95,-0.728571429,5.9
2013-03-04,0,,,,,25.16571429,0,2288.4,0,4.05,2.628571429,9.714285714
2013-03-11,0,,,,,25.17285714,0,2020.1,0,0.5,6.671428571,14.37142857
2013-03-18,0,8.1,19.4,2.444,0.01,25.06285714,0,2938.6,0,23.5,6.314285714,13
2013-03-25,0,,,,,25.11428571,0,3132.7,0,0.1,4.142857143,13.07142857
2013-04-01,0,,,,,25.08571429,0,3098.2,0,0.7,6.428571429,13.85714286
2013-04-08,0,,,,,25.02571429,0,3220.1,0,24.5,8.985714286,15.81428571
2013-04-15,0,10.6,19.3,2.175,0.326,25.07857143,0,2121,0,6,7.257142857,15.02857143
2013-04-22,0,,,,,25.09,0,2174,0,9.5,11.01428571,17.22857143
2013-04-29,70,,,,,25.11857143,0,2026.9,0,31.2,12.4,18.67142857
2013-05-06,0,,,,,25.15428571,0,2485.6,0,2.05,13.48571429,19.77142857
2013-05-13,20,,,,,25.13428571,0,2546.8,0,25.5,18.4,23.92857143
2013-05-20,0,17,20.1,1.983,0.028,25.17428571,0,2589.1,0,34,18.64285714,25.22857143
2013-05-27,0,,,,,25.13,0,2794.6,0,56.5,21.3,27.88571429
2013-06-03,0,,,,,25.07714286,0,3586.3,0,14,20.28571429,25.45714286
2013-06-10,80,,,,,25.11857143,0,2628.8,0,0.2,25.65714286,29.25714286
2013-06-17,0,21.3,9.2,1.823,0.008,25.14142857,0,2273.7,0,14,23.02857143,28.3
2013-06-24,90,,,,,25.12571429,0,4072.8,0,12.4,24.27142857,27.97142857
2013-07-01,40,,,,,25.18857143,0,3023.5,0,1.75,26.02857143,29.25714286
2013-07-08,10,,,,,24.93857143,0,4185.3,0,156,24.91428571,27.64285714
2013-07-15,0,,,,,24.68142857,0,27197,0,287,24.68571429,30.34285714
2013-07-22,0,,,,,24.89285714,0,32338.1,0,132.5,26.17142857,30.52857143
2013-07-29,0,,,,,25.02857143,0,21945,0,82.75,25.84285714,30.2
2013-08-05,0,,,,,25.11714286,0,14205.1,0,37.1,27.57142857,31.21428571
2013-08-12,30,,,,,25.17,0,9667.8,0,47.05,28.51428571,33.81428571
2013-08-19,30,,,,,25.15142857,0,3769.9,0,23.55,28.6,34.1
2013-08-26,420,24.6,5.3,1.697,0.033,25.15285714,0,4178.4,0,35.05,27.41428571,31.37142857
2013-09-02,70,,,,,25.20857143,0,3079.3,0,24,24.64285714,29.14285714
2013-09-09,160,23.1,15.5,3.005,0.198,25.21142857,0,1762.9,0,0.1,21.92857143,27.54285714
2013-09-16,0,,,,,25.17285714,0,7148.8,0,110,22.2,27.37142857
2013-09-23,220,,,,,25.26714286,0,2333.2,0,0.05,23.68571429,27.87142857
2013-09-30,50,,,,,25.16571429,0,1859.1,0,28.5,18.85714286,24.64285714
2013-10-07,20,,,,,25.15285714,0,2070,0,0.05,19.75714286,24.3
2013-10-14,230,,,,,25.13,0,1340.1,0,9.5,18.81428571,23.75714286
2013-10-21,,17.1,15.5,2.186,0.022,25.22,0,1779.3,0,3.5,13.81428571,20.32857143
2013-10-28,,,,,,25.21285714,0,1237.5,0,0,12.5,19.25714286
2013-11-04,10,,,,,25.15571429,0,1237.3,0,8.05,12.25714286,18.7
2013-11-11,0,11.2,7.3,1.971,0.033,25.15285714,0,1117,0,6.65,9.342857143,16.3
2013-11-18,0,,,,,25.17857143,0,1208.5,0,6.05,5.2,12.4
2013-11-25,0,,,,,25.18,0,1240.8,0,23.55,4.128571429,10.14285714
2013-12-02,0,,,,,25.24428571,0,1343,0,3.3,1.614285714,7.842857143
2013-12-09,0,5.1,4.9,2.417,0.023,25.16571429,0,1128.8,0,14.2,4.985714286,9.757142857
2013-12-16,0,,,,,25.23142857,0,1378.1,0,7.8,-3.471428571,5.214285714
2013-12-23,0,,,,,25.14857143,0,1009.4,0,1.15,-1.7,4.657142857
2013-12-30,0,,,,,25.19285714,0,945.5,0,1.7,-2.371428571,4.757142857
2014-01-06,0,,,,,25.24714286,0,966.1,0,0.05,1.642857143,6.542857143
2014-01-13,0,3.2,13.8,2.647,0.012,25.16857143,0,1061.6,0,0.2,-2.757142857,4.357142857
2014-01-20,0,,,,,25.14714286,0,1040.2,0,5.35,-1.928571429,4.371428571
2014-01-27,0,,,,,25.16714286,0,1052.4,0,3.7,-0.7,6.542857143
2014-02-03,0,,,,,25.16571429,0,1219.5,0,15.5,2.185714286,8.985714286
2014-02-10,0,3.2,7.8,2.312,0.036,25.13714286,0,1322.4,0,4.75,-1.8,4.342857143
2014-02-17,0,,,,,25.13142857,0,1252.3,0,0.05,2.242857143,6.071428571
2014-02-24,0,,,,,25.10428571,0,1208.8,0,0,2.3,8.271428571
2014-03-03,0,,,,,25.13,0,1214.3,0,0,6.314285714,11.32857143
2014-03-10,0,5.9,9.1,2.072,0.019,25.13285714,0,1315.1,0,2.3,1.757142857,9.485714286
2014-03-17,0,,,,,25.12428571,0,1282.2,0,0.75,7.242857143,12.24285714
2014-03-24,0,,,,,25.14857143,0,1238.5,0,0.85,8.771428571,15.54285714
2014-03-31,0,,,,,25.10428571,0,1277.2,0,3.65,14.92857143,19.21428571
2014-04-07,0,11.7,19.1,2.031,0.019,25.16142857,0,1286.4,0,0.55,10.25714286,18.24285714
2014-04-14,0,,,,,25.15571429,0,1580,0,0,13.72857143,19.27142857
2014-04-21,0,,,,,25.1,0,1408.7,0,3,14.45714286,20.65714286
2014-04-28,0,,,,,25.10428571,0,1079.8,0,22,16.95714286,22.65714286
2014-05-05,0,,,,,25.16428571,0,1280.7,0,6.75,14.21428571,21.85714286
2014-05-12,0,19.4,3.2,1.602,0.013,25.20714286,0,1300.6,0,39,16.55714286,22.67142857
2014-05-19,0,,,,,25.24,0,1432.9,0,0.3,19.47142857,25.67142857
2014-05-26,0,,,,,25.14428571,0,1103.5,0,22.5,20.81428571,27.1
2014-06-02,0,,,,,25.16,0,1123.9,0,2,24.04285714,29.08571429
2014-06-09,0,,,,,25.19714286,0,1115.3,0,33,22.37142857,26.61428571
2014-06-16,0,23.3,2.7,1.49,0.022,25.19,0,1295.6,0,24.65,22.31428571,26.85714286
2014-06-23,0,,,,,25.11142857,0,1659.5,0,38.55,23.34285714,27.97142857
2014-06-30,0,,,,,25.09,0,1366.5,0,0.05,24.05714286,28.94285714
2014-07-07,170,25.2,5.1,1.249,0.019,25.00142857,0,1228.9,0,22.5,25.65714286,28.75714286
2014-07-14,330,,,,,25.10714286,0,916.6,0,0.7,26.65714286,29.82857143
2014-07-21,300,,,,,25.17285714,0,1073.4,0,1.7,26.8,30.57142857
2014-07-28,210,,,,,25.03714286,0,2279.6,0,181.5,24.72857143,30.51428571
2014-08-04,1020,,,,,25.06428571,0,1487.1,0,21.05,28.31428571,31.08571429
2014-08-11,1300,24.2,6,1.762,0.045,25.15571429,0,2028.4,0,53.25,25.05714286,30.25714286
2014-08-18,535,,,,,25.19714286,0,1872.3,0,15.05,24.22857143,29.18571429
2014-08-25,0,,,,,25.11,0,5614.9,0,67.15,24.51428571,27.88571429
2014-09-01,55,,,,,25.17285714,0,1649.3,0,19.5,24.72857143,27.77142857
2014-09-08,25,,,,,25.04142857,0,2933.6,0,63.5,23.38571429,27.61428571
2014-09-15,0,23.5,5.3,1.849,0.021,25.22571429,0,1306.1,0,0.1,22.78571429,27.47142857
2014-09-22,260,,,,,25.18285714,0,1054.3,0,0.05,20.95714286,26.07142857
2014-09-29,25,,,,,25.06857143,0,1226.2,0,23.05,21.28571429,25.65714286
2014-10-06,0,,,,,25.18857143,0,1093.3,0,9,17.55714286,24.24285714
2014-10-13,15,17.8,5.5,2.128,0.029,25.22,0,954.8,0,0,18.34285714,23.98571429
2014-10-20,100,,,,,25.22857143,0,943.8,0,24,14.47142857,20.81428571
2014-10-27,0,,,,,25.24714286,0,2395.4,0,19,14.21428571,20.07142857
2014-11-03,0,,,,,25.19428571,0,1306.4,0,2.7,12.87142857,18.38571429
2014-11-10,0,12.3,6.9,2.103,0.021,25.08857143,0,1148.6,0,0.5,10.9,16.04285714
2014-11-17,0,,,,,25.16428571,0,1009.6,0,9.55,5.185714286,13.35714286
2014-11-24,0,,,,,25.28714286,0,934.2,0,4,8.514285714,13.71428571
2014-12-01,0,,,,,25.22857143,0,1005.1,0,25.5,8.1,12.38571429
2014-12-08,0,,,,,25.20142857,0,1000.7,0,1,-4.357142857,4.057142857
2014-12-15,0,1.7,1.4,2.443,0.009,25.20857143,0,974.7,0,13.15,-2.142857143,4.585714286
2014-12-22,0,,,,,24.995,0,515.6,0,3.3,-5.542857143,2.642857143
2014-12-29,0,,,,,24.926,0,636.8,0,0.2,-0.728571429,5.671428571
2015-01-05,0,,,,,25.06571429,0,890.3,0,0.5,-1.457142857,4.414285714
2015-01-12,0,2.3,6.3,2.599,0.026,25.09428571,0,936.1,0,3,-2.757142857,5.257142857
2015-01-19,0,,,,,25,0,731.2,0,4.4,0.114285714,6.357142857
2015-01-26,0,,,,,25.00714286,0,900.8,0,3.5,2.328571429,7.071428571
2015-02-02,0,,,,,25.06,0,892.3,0,0,-2.885714286,5.657142857
2015-02-09,0,4,17.4,2.671,0.012,25.04571429,0,903.4,0,0.2,-1.857142857,5.585714286
2015-02-16,0,,,,,24.92428571,0,893,0,10.5,2.214285714,7.014285714
2015-02-23,0,,,,,24.99142857,0,885,0,11.05,2.885714286,8.642857143
2015-03-02,0,,,,,25.23714286,0,885.5,0,1.05,2.342857143,7.371428571
2015-03-09,0,4.7,18.7,2.638,0.026,25.29428571,0,884.4,0,5.5,2.485714286,9.114285714
2015-03-16,0,,,,,25.26571429,0,913.2,0,0.1,3.471428571,10.72857143
2015-03-23,0,,,,,25.29571429,0,945.1,0,1.55,10.25714286,16.27142857
2015-03-30,0,,,,,25.14285714,0,890.4,0,0,8.9,16.44285714
2015-04-06,0,,,,,25.14571429,0,1433.7,0,37.05,12.21428571,18.15714286
2015-04-13,0,14.2,17.5,2.685,0.043,25.28571429,0,1131.2,0,6.55,11.18571429,16.38571429
2015-04-20,0,,,,,25.26,0,1474.9,0,36.05,11.47142857,18.67142857
2015-04-27,10,,,,,25.17857143,0,1717.2,0,0.05,15.72857143,22.57142857
2015-05-04,0,,,,,25.04714286,0,1174.85,0,7.55,19.22857143,25.2
2015-05-11,0,,,,,25.08714286,0,1089.9,0,14,16.84285714,24.02857143
2015-05-18,0,19.4,7.6,2.027,0.035,25.18428571,0,1224.31,0,9.55,17.78571429,24.51428571
2015-05-25,0,,,,,25.11285714,0,995.3,0,1,18.88571429,26.8
2015-06-01,0,,,,,25.09428571,0,891.59,0,0.4,22.34285714,29.22857143
2015-06-08,30,21.4,5.4,1.588,0.036,25.08714286,0,882.56,0,1,22.55714286,29.3
2015-06-15,66,,,,,25.13428571,0,871.33,0,24,23.91428571,28.64285714
2015-06-22,0,,,,,25.26428571,0,642.45,0,57,23.38571429,28.15714286
2015-06-29,60,,,,,25.23142857,0,559.52,0,14.55,24.64285714,27.42857143
2015-07-06,90,,,,,25.24142857,0,558.94,0,3,24.1,28.1
2015-07-13,380,25.9,3.8,1.286,0.032,25.04857143,0,672.55,0,39.55,26.14285714,27.77142857
2015-07-20,95,,,,,25.15,0,565.07,0,5.5,25.6,29.35714286
2015-07-27,85,,,,,25.16285714,0,5410.71,0,176.5,26.21428571,29.41428571
2015-08-03,0,,,,,25.19142857,0,2311.31,0,20.6,27.64285714,31.55714286
2015-08-10,0,27.3,13.2,2.219,0.036,25.19428571,0,1009.95,0,18.6,27.8,32.65714286
2015-08-17,1385,,,,,25.21,0,672.7,0,29.15,26.71428571,29.91428571
2015-08-24,3375,,,,,25.18285714,0,612.11,0,3,26.2,29.21428571
2015-08-31,1140,,,,,25.18,0,564.94,0,5.95,23.81428571,28.01428571
2015-09-07,2225,24.9,6.8,1.432,0.021,25.22285714,0,621.77,0,23.5,23.6,27.38571429
2015-09-14,465,,,,,25.27285714,0,558.43,0,2.5,21.42857143,26.61428571
2015-09-21,1600,,,,,25.24714286,0,579.86,0,0,22.1,26.11428571
2015-09-28,560,,,,,25.19,0,563.89,0,0.05,22.62857143,25.92857143
2015-10-05,2072.5,,,,,25.27571429,0,561.8,0,35,18.57142857,24.01428571
2015-10-12,155,19.2,8.5,1.323,0.019,25.23571429,0,563.64,0,7,15.78571429,22.35714286
2015-10-19,90,,,,,25.29714286,0,563.95,0,0,17.45714286,22.74285714
2015-10-26,0,,,,,25.34428571,0,558.71,0,12.5,17.12857143,22.04285714
2015-11-02,0,,,,,25.32857143,0,565.53,0,27,8.471428571,16.48571429
2015-11-09,170,14.6,6.9,1.475,0.02,25.24428571,0,382.18,0,43,11.87142857,17.37142857
2015-11-16,0,,,,,25.38,0,757.04,0,31.5,12.28571429,15.87142857
2015-11-23,0,,,,,25.29857143,0,757.82,0,15.5,10.12857143,14.14285714
2015-11-30,0,,,,,25.32428571,0,700.28,0,14.65,1.314285714,8.342857143
2015-12-07,0,7.6,8.6,2.36,0.023,25.31142857,0,698.34,0,20.6,2.214285714,8.328571429
2015-12-14,0,,,,,25.25857143,0,537.34,0,2.8,5.357142857,9.728571429
2015-12-21,0,,,,,25.22571429,0,359.8,0,2.15,-0.085714286,6.4
2015-12-28,0,,,,,25.20428571,0,352.4,0,1.15,-0.114285714,6.928571429
2016-01-04,0,,,,,25.17142857,0,371.1,0,2.5,1.885714286,6.228571429
2016-01-11,0,2.4,21.5,3.096,0.018,25.18714286,0,367.67,0,0,-2.385714286,4.485714286
2016-01-18,0,,,,,25.18714286,0,369.98,0,0.75,-2.614285714,3.185714286
2016-01-25,0,,,,,25.20285714,0,370.72,0,0.05,-10.47142857,0.157142857
2016-02-01,0,,,,,25.27714286,0,370.68,0,0.3,-1.757142857,4.071428571
2016-02-08,,,,,,25.23571429,0,442.43,0,0,-2.185714286,4.742857143
2016-02-15,0,3.4,7,3.092,0.033,25.25142857,0,596.75,0,41.65,3.157142857,9.257142857
2016-02-22,0,,,,,25.19428571,0,476.47,0,0.85,0.7,6.1
2016-02-29,0,,,,,25.22142857,0,369.05,0,5.3,-0.014285714,7.371428571
2016-03-07,0,,,,,25.26142857,0,1538.17,0,40.35,7,11.25714286
2016-03-14,0,8,15.1,3.185,0.018,25.14428571,0,1466.22,0,0.1,1.685714286,11.08571429
2016-03-21,0,,,,,25.18714286,0,1122.97,0,0,9.614285714,15.07142857
2016-03-28,0,,,,,25.19571429,0,793.29,0,0,7.714285714,14.82857143
2016-04-04,0,,,,,25.14857143,0,1126.76,0,2.1,12.8,18.17142857
2016-04-11,0,13.6,7.6,2.366,0.026,25.25857143,0,1270.31,0,10.5,12.51428571,19.34285714
2016-04-18,,,,,,25.16571429,0,1946.83,0,46.5,13.42857143,20.34285714
2016-04-25,,,,,,25.17428571,0,2558.4,0,17.55,14.21428571,21.32857143
2016-05-02,,,,,,25.11714286,0,2280.94,0,16.8,18.21428571,22.21428571
2016-05-09,,,,,,25.09285714,0,3166.68,0,44.05,17.12857143,23
2016-05-16,0,19.8,9.4,4.761,0.038,25.14285714,0,2309.87,0,61.5,17.25714286,24.08571429
2016-05-23,0,,,,,25.13714286,0,2102.96,0,0,23.14285714,26.97142857
2016-05-30,0,,,,,25.12,0,1674.58,0,38.55,20.3,27
2016-06-06,0,,,,,25.16428571,0,1126.76,0,0.05,22.78571429,28.2
2016-06-13,0,21.8,1.7,1.899,0.022,25.20571429,0,1305.13,0,4.6,23.28571429,28.25714286
2016-06-20,28,,,,,25.16,0,1554.72,0,15.65,23.24285714,28.52857143
2016-06-27,320,,,,,25.15285714,0,1121.56,0,34.1,24.24285714,28.07142857
2016-07-04,38,,,,,25.06,0,3950.17,0,142.2,23.91428571,27.92857143
2016-07-11,0,20.3,11.7,2.592,0.024,24.95714286,0,21822.89,0,100.65,25.9,28.21428571
2016-07-18,0,,,,,25.11428571,0,8724.34,0,53.85,24.74285714,28.9
2016-07-25,0,,,,,25.14428571,0,4572.01,0,1,28.31428571,29.27142857
2016-08-01,200,,,,,25.17714286,0,3240.17,0,60.9,28.02857143,31.57142857
2016-08-08,220,,,,,25.12142857,0,2153.75,0,2,29.97142857,32.24285714
2016-08-15,190,28.5,6,1.823,0.026,25.22285714,0,1206.79,0,1.25,29.68571429,33.48571429
2016-08-22,0,,,,,25.27428571,0,1115.26,0,12.45,29.92857143,32.07142857
2016-08-29,0,,,,,25.28142857,0,1165.55,0,34.1,24.87142857,30.87142857
2016-09-05,125,,,,,25.19,0,1253.26,0,22.55,23.08571429,28.35714286
2016-09-12,54,,,,,25.23142857,0,911.71,0,7,24.02857143,28.44285714
2016-09-19,360,23.3,15,1.684,0.032,25.18571429,0,864.42,0,7,23.74285714,26.7
2016-09-26,323,,,,,25.17,0,738.17,0,0,21.85714286,25.35714286
2016-10-03,197,,,,,25.08,0,934.39,0,39,20.65714286,24.44285714
2016-10-10,380,20.4,8.7,1.478,0.03,25.18714286,0,699.8,0,8,17.55714286,23.75714286
2016-10-17,243,,,,,25.16142857,0,702.43,0,1.5,16.65714286,21.65714286
2016-10-24,35,,,,,25.22142857,0,637.1,0,2.5,16.88571429,20.88571429
2016-10-31,120,,,,,25.27571429,0,820.89,0,37.85,11.14285714,17.3
2016-11-07,180,12.1,0.5,1.816,0.02,25.25142857,0,636.05,0,5.9,9.828571429,14.14285714
2016-11-14,0,,,,,25.19285714,0,634.55,0,6.9,8.614285714,13.48571429
2016-11-21,0,,,,,25.25142857,0,633.8,0,0.1,8.871428571,14.25714286
2016-11-28,0,,,,,25.26571429,0,629.13,0,3.05,0.614285714,8.657142857
2016-12-05,0,,,,,25.25,0,637.79,0,2.5,4.185714286,8.685714286
2016-12-12,0,5.5,4.8,2.161,0.033,25.28714286,0,635.93,0,6.05,0.528571429,6.685714286
2016-12-19,0,,,,,25.28571429,0,632.06,0,0.25,1.014285714,6.314285714
2016-12-26,0,,,,,25.22285714,0,1132.13,0,52.65,2.8,7.714285714
2017-01-02,,,,,,25.23142857,0,675.03,0,1.15,-0.814285714,5.3
2017-01-09,,4.7,6.2,2.806,0.023,25.29571429,0,814.88,0,0.1,3.957142857,7.528571429
2017-01-16,,,,,,25.22142857,0,765.5,0,0.65,-4.928571429,2.942857143
2017-01-23,,,,,,25.27285714,0,734.13,0,6.2,-4.357142857,3.242857143
2017-01-30,,,,,,25.28571429,0,786.47,0,7.9,-3.1,3.657142857
2017-02-06,,,,,,25.24142857,0,760.84,0,0.5,-1.457142857,4.457142857
2017-02-13,,4.8,5.9,2.707,0.018,25.22857143,0,742.91,0,0,-3.285714286,4.171428571
2017-02-20,,,,,,25.24142857,0,737.17,0,5.55,0.942857143,7.442857143
2017-02-27,,,,,,25.24714286,0,807.66,0,5.1,1.242857143,7.042857143
2017-03-06,0,,,,,25.25428571,0,794.13,0,6,3.814285714,10.25714286
2017-03-13,0,8.9,19.6,2.465,0.022,25.26,0,901.38,0,0.15,4.142857143,10.65714286
2017-03-20,0,,,,,25.15714286,0,747.97,0,0,8.085714286,14.55714286
2017-03-27,0,,,,,25.20857143,0,680.14,0,0.4,7.757142857,14.35714286
2017-04-03,0,,,,,25.30142857,0,817.96,0,2.5,9.214285714,15.27142857
2017-04-10,0,12.9,6.9,1.946,0.017,25.24142857,0,1200.47,0,41.5,13.61428571,18.77142857
2017-04-17,58,,,,,25.23428571,0,968.55,0,11.55,14.67142857,19.2
2017-04-24,0,,,,,25.22857143,0,1081.88,0,7.6,13.58571429,19.57142857
2017-05-01,0,,,,,25.23285714,0,815.52,0,0,16.51428571,22.25714286
2017-05-08,0,,,,,25.24,0,1003.17,0,0,19.07142857,24.94285714
2017-05-15,0,18.4,8.1,1.631,0.024,25.24,0,1003.17,0,11.1,17.14285714,24.88571429
2017-05-22,0,,,,,25.24,0,1003.17,0,0,20.2,26.72857143
2017-05-29,0,,,,,25.24,0,1003.17,0,5.1,20.32857143,27.55714286
2017-06-05,0,,,,,25.24,0,1003.17,0,0.1,22.44285714,27.74285714
2017-06-12,0,21.6,11,1.411,0.021,25.23142857,0,930.12,0,32.6,20.67142857,27.07142857
2017-06-19,0,,,,,25.22,0,832.72,0,0.05,23.6,28.97142857
2017-06-26,0,,,,,7.205714286,0,237.92,0,34.1,24.97142857,30.37142857
2017-07-03,,,,,,21.61714286,0,713.76,0,160.05,25.37142857,29.02857143
2017-07-10,,,,,,25.22,0,832.72,0,232.5,26.34285714,29.51428571
2017-07-17,0,23.3,11.3,2.622,0.308,25.18428571,0,801.27,0,73.6,26.77142857,31.57142857
2017-07-24,91,,,,,25.17,0,788.69,0,139.5,28.14285714,32.41428571
2017-07-31,239,,,,,25.17,0,788.69,0,15.55,27.35714286,31.42857143
2017-08-07,494,25.3,8.8,2.168,0.047,24.98857143,0,7427.29,0,7.05,29.92857143,32.12857143
2017-08-14,598,,,,,25.03428571,0,3521.55,0,10.05,26.61428571,31.3
2017-08-21,,,,,,25.01714286,0,10334.13,0,225.6,24.48571429,28.97142857
2017-08-28,256,,,,,25.02571429,0,26266.64,0,54.55,24.95714286,29.12857143
2017-09-04,629,,,,,25.11714286,0,7445.47,0,0,22.41428571,27.52857143
2017-09-11,336,22.6,18.1,2.302,0.024,25.08428571,0,2029.05,0,26.55,22.45714286,27.48571429
2017-09-18,60,,,,,25.18857143,0,1607.76,0,0,22.21428571,26.27142857
2017-09-25,290,,,,,25.23857143,0,1245.76,0,8.1,21.51428571,26.41428571
2017-10-02,,,,,,25.26142857,0,1166.3,0,6.05,20.65714286,24.41428571
2017-10-09,11,,,,,25.23428571,0,1117.55,0,0.6,19.9,22.47142857
2017-10-16,53,18.2,5.1,1.852,0.027,25.21571429,0,1272.71,0,20.4,15.41428571,21.04285714
2017-10-23,42,,,,,25.19428571,0,1003.84,0,0.1,16.32857143,20.57142857
2017-10-30,53,,,,,25.22285714,0,966.46,0,0,13.8,19.31428571
2017-11-06,26,,,,,25.20142857,0,889.45,0,2.5,11.45714286,16.28571429
2017-11-13,0,11.2,7,2,0.024,25.19,0,876.79,0,12.1,9.471428571,14.77142857
2017-11-20,0,,,,,25.28571429,0,871.33,0,0.1,1.514285714,9.685714286
2017-11-27,0,,,,,25.24,0,874.05,0,25.75,2.128571429,8.885714286
2017-12-04,0,,,,,25.25571429,0,751.34,0,4.7,1.514285714,7.7
2017-12-11,,,,,,25.22571429,0,873.08,0,5.4,-1.928571429,4.2
2017-12-18,,2.8,5.9,3.256,0.02,25.25285714,0,870.09,0,3.45,-5.957142857,1.757142857
2017-12-25,,,,,,21.63571429,0,886.79,0,20.2,0.228571429,4.857142857
2018-01-01,,,,,,0,0,0,0,1.8,-1.557142857,3.3
2018-01-08,,,,,,25.225,0,775.88,0,0.9,-2.357142857,2.457142857
2018-01-15,,3.8,9.1,2.519,0.035,25.17571429,0,879.92,0,1.45,-4.585714286,1.814285714
2018-01-22,,,,,,25.22142857,0,873.13,0,3.4,1.985714286,5.5
2018-01-29,,,,,,25.18,0,876.42,0,0,-11.34285714,-1.285714286
2018-02-05,,,,,,25.09,0,875.59,0,3.45,-5.785714286,1.185714286
2018-02-12,,1.5,9.8,2.528,0.015,25.09714286,0,874.81,0,0.1,-4.928571429,1.7
2018-02-19,,,,,,25.14571429,0,863.34,0,0,-0.1,5.685714286
2018-02-26,,,,,,25.20571429,0,867.47,0,4.1,1.842857143,8.314285714
2018-03-05,,,,,,25.25,0,1131.39,0,40.55,4.442857143,10.02857143
2018-03-12,0,8.2,18.7,2.431,0.025,25.21571429,0,958.04,0,4.5,5.571428571,9.9
2018-03-19,0,,,,,25.19857143,0,1433.17,0,28.5,10.24285714,14.85714286
2018-03-26,0,,,,,25.10428571,0,1320.13,0,1,6.571428571,13.18571429
2018-04-02,22,,,,,25.12714286,0,922.25,0,0,15.07142857,18.54285714
2018-04-09,0,13.2,19.2,2.664,0.028,25.12,0,1679.58,0,38.8,8.657142857,15.55714286
2018-04-16,0,,,,,25.15,0,1792.55,0,14,12.24285714,18.17142857
2018-04-23,26,,,,,25.14857143,0,1708.89,0,74.5,14.45714286,20.9
2018-04-30,19,,,,,25.10142857,0,4025.88,0,3,15.44285714,20.45714286
2018-05-07,32,17.8,14.5,2.325,0.035,24.98857143,0,3135.54,0,35.05,16.41428571,21.58571429
2018-05-14,32,,,,,25.09571429,0,4359.23,0,32.5,16.12857143,22.97142857
2018-05-21,43,,,,,25.02,0,12293.72,0,134.55,19.3,24.68571429
2018-05-28,0,,,,,25.09714286,0,6685.05,0,19,19.68571429,25.54285714
2018-06-04,0,,,,,25.03714286,0,5243.99,0,1.05,22.32857143,27.57142857
2018-06-11,0,19.9,11.3,1.853,0.021,25.03428571,0,2810.76,0,6,22.28571429,27.37142857
2018-06-18,0,,,,,25.045,0,2316.89,0,45.6,22.38571429,27.62857143
2018-06-25,0,,,,,25.04,0,1380.76,0,0,24.37142857,29.91428571
2018-07-02,,,,,,24.95571429,0,8184.09,0,263,23.07142857,28.15714286
2018-07-09,228,23.7,19,2.695,0.067,24.92714286,0,10584.97,0,14.6,24.52857143,28.28571429
2018-07-16,17,,,,,25.06714286,0,5545.8,0,20.55,27.04285714,31.08571429
2018-07-23,115,,,,,25.14571429,0,1902.59,0,0,29.8,34.2
2018-07-30,229,,,,,25.12571429,0,1124.22,0,7.5,30.71428571,35.48571429
2018-08-06,580,,,,,25.20285714,0,964.92,0,8.5,32.08571429,35.84285714
2018-08-13,744,30.4,5.9,1.748,0.033,25.25285714,0,1023.06,0,8,30.44285714,34.81428571
2018-08-20,870,,,,,25.23857143,0,977.04,0,1.05,29.21428571,34.02857143
2018-08-27,112,,,,,24.99142857,0,1729.55,0,37,26.02857143,32.04285714
2018-09-03,30,,,,,24.93714286,0,16060.99,0,182.6,24.81428571,29.57142857
2018-09-10,10,22.3,7.6,2.642,0.053,25.04142857,0,12960.5,0,1.5,22.87142857,27.47142857
2018-09-17,0,,,,,25.16714286,0,1420.37,0,2.8,22.74285714,26.48571429
2018-09-24,,,,,,25.03428571,0,1961.76,0,29.75,20.04285714,24.95714286
2018-10-01,56,,,,,24.94285714,0,1369.43,0,0.05,18.11428571,23.37142857
2018-10-08,38,,,,,24.88714286,0,4026.81,0,92,16.94285714,22.08571429
2018-10-15,15,16.2,8.5,2.362,0.061,25.00857143,0,1792.08,0,7.05,12.68571429,19.04285714
2018-10-22,0,,,,,25.03,0,1047.87,0,0,13.35714286,19.05714286
2018-10-29,0,,,,,25.03571429,0,1324.96,0,21.55,10.7,17.28571429
2018-11-05,22,,,,,25.08428571,0,1237.24,0,0.1,9.6,15.54285714
2018-11-12,17,12,7.4,2.302,0.03,25.04142857,0,2401.13,0,67.1,11,16.05714286
2018-11-19,0,,,,,25.15857143,0,1570.67,0,0,7.8,13.41428571
2018-11-26,0,,,,,25.08285714,0,1342.29,0,12.1,4.314285714,10.12857143
2018-12-03,0,,,,,25.02,0,1986.75,0,9.55,6.214285714,10.6
2018-12-10,0,5.9,5.7,2.219,0.017,25.10571429,0,2309.91,0,5.05,-2.314285714,5.057142857
2018-12-17,,,,,,25.09571429,0,1229.42,0,1.9,-1.3,4.685714286
2018-12-24,,,,,,25.06571429,0,1084.17,0,0,3.228571429,6.657142857
2018-12-31,,,,,,25.07857143,0,903.09,0,0,-5.9,1.342857143
2019-01-07,,,,,,25.20428571,0,920.34,0,0,-3.142857143,3.528571429
2019-01-14,,2.7,8.2,2.929,0.039,25.17714286,0,1203.17,0,0,-0.142857143,4.314285714
2019-01-21,,,,,,25.14714286,0,1068.38,0,0.2,-0.8,4.514285714
2019-01-28,,,,,,25.13571429,0,1098.05,0,0.05,0.171428571,5.242857143
2019-02-04,,,,,,25.30142857,0,950.883,0,16.35,0.228571429,5.485714286
2019-02-11,,,,,,25.18428571,0,1131.916,0,0.5,-1.957142857,5.471428571
2019-02-18,,,,,,25.16571429,0,1100.958,0,2.45,-1.085714286,6.385714286
2019-02-25,,7.7,21.4,2.779,0.034,25.16,0,1142.625,0,4.65,3.9,9.628571429
2019-03-04,,,,,,25.12857143,0,999.5,0,0,7.614285714,11.74285714
2019-03-11,,7.9,12.3,2.483,0.021,25.13857143,0,936.042,0,0.05,7.685714286,12.45714286
2019-03-18,,,,,,25.20714286,0,841.083,0,3.65,5.085714286,12
2019-03-25,0,,,,,25.16285714,0,1047.207,0,21.5,6.514285714,14.44285714
2019-04-01,0,,,,,25.15428571,0,1193.25,0,1.85,8.1,14.87142857
2019-04-08,0,9.6,16.5,2.372,0.034,25.06285714,0,1900.833,0,0.85,9.771428571,15.9
2019-04-15,0,,,,,25.09833333,0,1785.042,0,24.7,10.02857143,16.57142857
2019-04-22,0,,,,,25.10142857,0,1811.167,0,1.55,15,20.52857143
2019-04-29,39,,,,,25.04285714,0,1796.667,0,20.4,14.14285714,20.45714286
2019-05-06,16,,,,,25.08285714,0,1534.75,0,0.05,17.15714286,22.8
2019-05-13,0,19.1,2.4,1.736,0.018,25.12571429,0,1211.666,0,0.05,17.94285714,24.44285714
2019-05-20,0,,,,,25.13285714,0,1060.917,0,30.75,20.85714286,27.12857143
2019-05-27,,,,,,25.13714286,0,1054.958,0,7.1,21.24285714,27.14285714
2019-06-03,,21,13.2,1.435,0.02,25.12285714,0,979.918,0,0.05,20.02857143,26.47142857
2019-06-10,0,,,,,25.02428571,0,1559.25,0,54.8,21.24285714,27.98571429
2019-06-17,56,,,,,24.99714286,0,1169.543,0,2.15,21.94285714,27.34285714
2019-06-24,0,,,,,24.96,0,1136.626,0,14.2,23.05714286,27.71428571
2019-07-01,413,,,,,24.99285714,0,885.458,0,3.05,24.6,28.71428571
2019-07-08,446,,,,,25,0,874.709,0,0.05,26.14285714,30.32857143
2019-07-15,81,24.3,5.9,1.264,0.027,25.01714286,0,870.001,0,19.15,23.97142857,28.87142857
2019-07-22,0,,,,,25.10571429,0,863.208,0,14.45,26.51428571,29.98571429
2019-07-29,92,,,,,24.98285714,0,4066.624,0,97.4,26.85714286,30.85714286
2019-08-05,0,,,,,25.01714286,0,4341.125,0,102,28.11428571,33.02857143
2019-08-12,158,27.6,17.4,2.054,0.049,24.97428571,0,2503.583,0,70.95,29.38571429,33.04285714
2019-08-19,166,,,,,25.03,0,2833.874,0,22.75,27.02857143,31.88571429
2019-08-26,818,,,,,25.10142857,0,1109.041,0,1.3,26.25714286,30.32857143
2019-09-02,737,,,,,25.00285714,0,1374.377,0,57.1,24.2,28.5
2019-09-09,80,,,,,24.85428571,0,3108.292,0,64.45,24.38571429,27.4
2019-09-16,26,23.4,3.2,2.063,0.08,25.02428571,0,3794.291,0,75.1,23.35714286,27.62857143
2019-09-23,387,,,,,25.02428571,0,1645.042,0,0.4,20.25714286,25.38571429
2019-09-30,511,,,,,25.07571429,0,1564.625,0,0,22.17142857,25.17142857
2019-10-07,25,,,,,24.83428571,0,2072.041,0,53.7,20.15714286,23.92857143
2019-10-14,0,18,6.6,2.187,0.037,25.13428571,0,1326.001,0,0,15.97142857,20.95714286
2019-10-21,0,,,,,25.15142857,0,945.542,0,0,16.01428571,20.08571429
2019-10-28,16,,,,,25.12142857,0,906.749,0,1.75,14.85714286,19.81428571
2019-11-04,30,,,,,25.08,0,893.499,0,0.1,13.64285714,18.38571429
2019-11-11,20,13.8,6.9,1.924,0.018,25.11,0,881.042,0,12.9,10.01428571,16.01428571
2019-11-18,0,,,,,25.06428571,0,1555.584,0,62.1,6.157142857,12.94285714
2019-11-25,0,,,,,25.17571429,0,1552.083,0,3.85,5.485714286,11.7
2019-12-02,0,,,,,25.15,0,1077.042,0,3.3,3.328571429,9.314285714
2019-12-09,0,5.8,3.3,2.732,0.014,25.15857143,0,1142.541,0,0.8,-1.128571429,6.214285714
2019-12-16,0,,,,,25.15857143,0,1103.5,0,2.95,4.514285714,8.571428571
2019-12-23,0,,,,,25.08142857,0,1099.875,0,13.7,1.842857143,7.614285714
2019-12-30,0,,,,,25.14571429,0,991.458,0,2.1,1.528571429,6.385714286
2020-01-06,,,,,,25.04428571,0,1248.042,0,1.95,-0.514285714,5.742857143
2020-01-13,,,,,,25.11142857,0,2903.876,0,57.9,0.414285714,5.771428571
2020-01-20,,3.1,9.1,3.492,0.035,25.15428571,0,1548.667,0,0.6,-0.628571429,4.871428571
2020-01-27,,,,,,25.19714286,0,1122.25,0,0.1,3.671428571,7.714285714
2020-02-03,,,,,,25.12,0,1231.709,0,0.15,3.657142857,7.314285714
2020-02-10,,5,28.6,2.936,0.015,25.14,0,1115.916,0,1.9,-2.085714286,5.228571429
2020-02-17,,,,,,25.12428571,0,1192.874,0,23.1,4.471428571,9.957142857
2020-02-24,,,,,,25.15428571,0,1270.708,0,7.3,3.1,8.914285714
2020-03-02,0,,,,,25.06285714,0,1933.959,0,21.3,5.8,11.32857143
2020-03-09,0,7.1,12.7,2.661,0.03,25.075,0,1194.583,0,0.05,5.642857143,11.02857143
2020-03-16,0,,,,,25.03714286,0,1282.333,0,12.3,4.728571429,12.25714286
2020-03-23,0,,,,,25.07428571,0,1142.124,0,0.05,9.842857143,15.27142857
2020-03-30,0,,,,,24.99142857,0,1041.667,0,3.8,11.02857143,17
2020-04-06,0,,,,,25.04571429,0,1139.791,0,0,9.7,17.54285714
2020-04-13,0,13.5,20.2,1.972,0.019,25.06,0,977.042,0,0,10.25714286,17.5
2020-04-20,0,,,,,25.04857143,0,930.167,0,16.9,12.92857143,18.9
2020-04-27,0,,,,,25.05,0,1010.541,0,0.05,9.928571429,17.51428571
2020-05-04,23,,,,,25.02857143,0,968.582,0,0.1,18.34285714,23.71428571
2020-05-11,0,18.8,6.4,1.782,0.024,24.97714286,0,1227.958,0,31.4,17.3,24.25714286
2020-05-18,0,,,,,24.95285714,0,1664.582,0,45.05,17.24285714,23.27142857
2020-05-25,0,,,,,25.05285714,0,1788.666,0,33.65,16.72857143,22.94285714
2020-06-01,0,,,,,24.99428571,0,1209.5,0,2.95,19.5,26
2020-06-08,0,25.1,3,1.822,0.021,25,0,1158.166,0,2.2,22.44285714,28.61428571
2020-06-15,0,,,,,25.05,0,1472.832,0,7.4,25.31428571,29.81428571
2020-06-22,0,,,,,25.03142857,0,1160.458,0,0.1,25.2,29.31428571
2020-06-29,30,,,,,24.89428571,0,1737.416,0,65,23.72857143,29.25714286
2020-07-06,204,24.8,6.4,1.784,0.035,25,0,1381.792,0,66.45,23.5,28.54285714
2020-07-13,0,,,,,24.95714286,0,1513.001,0,52.75,24.22857143,29.14285714
2020-07-20,298,,,,,24.82285714,0,2524.792,0,44.25,24.08571429,27.68571429
2020-07-27,4,,,,,24.90142857,0,6022.666,0,119.85,23.75714286,28.35714286
2020-08-03,,,,,,24.82285714,0,22783.791,0,225.2,24.97142857,29.25714286
2020-08-10,,,,,,24.65,0,69190.625,0,212.15,25.35714286,29.25714286
2020-08-17,,,,,,24.83142857,0,38423.291,0,166.4,26.94285714,31.18571429
2020-08-24,,24.1,10.5,2.231,0.074,24.91285714,0,8631.958,0,45.1,26.61428571,33.27142857
2020-08-31,0,,,,,24.88857143,0,9719.792,0,79.05,27.78571429,31.55714286
2020-09-07,,,,,,24.85714286,0,24780.874,0,130.55,23.01428571,29.11428571
2020-09-14,0,21,8.8,2.125,0.056,24.94142857,0,12878.666,0,12.2,21.81428571,26.62857143
2020-09-21,0,,,,,25.04428571,0,3883.791,0,0.6,21.18571429,25.35714286
2020-09-28,91,,,,,24.89,0,2801.792,0,0,20.07142857,23.87142857
2020-10-05,234,,,,,25.03857143,0,1899.667,0,38.45,18.14285714,23.41428571
2020-10-12,114,17.8,12.7,1.925,0.036,24.97285714,0,1305.5,0,0,16.37142857,21.44285714
2020-10-19,215,,,,,24.96142857,0,1125.875,0,0,13.1,19.68571429
2020-10-26,0,,,,,24.96285714,0,967.542,0,0.05,12.11428571,18.27142857
2020-11-02,104,,,,,25.03714286,0,997.792,0,15.3,12.65714286,17.02857143
2020-11-09,0,11.6,6.3,2.183,0.014,25.05714286,0,993.459,0,0.6,8.814285714,14.38571429
2020-11-16,0,,,,,25.09285714,0,940.833,0,0,10.8,15.54285714
2020-11-23,0,,,,,24.97857143,0,1770.583,0,104.25,8.957142857,14.85714286
2020-11-30,0,,,,,24.99571429,0,1005.833,0,0.05,2.328571429,8.914285714
2020-12-07,0,,,,,25.04571429,0,1029.749,0,0,1.942857143,7.271428571
2020-12-14,,6.2,12.5,2.681,0.022,25.07,0,991.667,0,2.95,0.8,6.828571429
2020-12-21,,,,,,25.07,0,996.708,0,0.25,-4.771428571,2.257142857
2020-12-28,,,,,,25.06,0,960.042,0,1.4,3.285714286,5.528571429
2021-01-04,,,,,,25.07285714,0,972.125,0,0.3,-5.428571429,0.942857143
2021-01-11,,2.1,6.4,2.702,0.016,24.99857143,0,954.208,0,2.35,-9.842857143,-1.471428571
2021-01-18,,,,,,24.99571429,0,876.792,0,3.2,-1.414285714,4.414285714
2021-01-25,,,,,,25.07714286,0,873.708,0,9.3,3.771428571,6.314285714
2021-02-01,,,,,,25.14,0,125.542,0,4.9,0.314285714,6.428571429
2021-02-08,,2.9,16.4,2.65,0.02,25.09,0,0,0,3.55,-0.528571429,7.157142857
2021-02-15,,,,,,25.12285714,0,126.167,0,1.45,4.685714286,10.08571429
2021-02-22,,,,,,25.01666667,0,627.083,0,1.55,1.4,8.157142857
2021-03-01,,,,,,24.97333333,0,921.167,0,67.5,5.328571429,11.52857143
2021-03-08,,8.2,2.4,2.479,0.039,24.97142857,0,1749.584,0,0.1,6.1,12.14285714
2021-03-15,,,,,,24.85571429,0,1241,0,1.75,9.285714286,14.97142857
2021-03-22,,,,,,24.93714286,0,963.667,0,6.7,9.442857143,16.11428571
2021-03-29,0,,,,,24.93142857,0,1242.042,0,34.9,10.81428571,17.1
2021-04-05,0,,,,,24.91285714,0,2129.293,0,56.85,14.21428571,18.75714286
2021-04-12,0,14.3,40.8,2.52,0.04,24.85857143,0,2491.959,0,22,13.71428571,17.88571429
2021-04-19,0,,,,,24.99428571,0,1731.167,0,8.75,10.48571429,18.57142857
2021-04-26,0,,,,,24.93142857,0,1255.917,0,0.1,18.07142857,22.82857143
2021-05-03,0,,,,,24.93142857,0,1452.125,0,46.3,13.21428571,20.81428571
2021-05-10,0,17.5,6.5,1.969,0.034,24.89857143,0,1845.292,0,28.55,14.42857143,22.38571429
2021-05-17,0,,,,,25,0,2485.043,0,85,20.47142857,24.12857143
2021-05-24,0,,,,,24.95714286,0,3499,0,8,18.57142857,24.28571429
2021-05-31,0,,,,,24.91571429,0,3026.583,0,51.95,16.87142857,24.54285714
2021-06-07,0,,,,,24.9,0,3200.917,0,21.35,20.84285714,26.85714286
2021-06-14,0,22.8,16,1.919,0.025,24.89714286,0,2622.833,0,10.8,24.22857143,28.34285714
2021-06-21,0,,,,,24.98857143,0,2598.167,0,8.25,22.5,27.87142857
2021-06-28,0,,,,,25.00142857,0,2642.5,0,50.35,23.32857143,27.3
2021-07-05,0,,,,,24.96285714,0,3749.75,0,95.4,24.12857143,28.58571429
2021-07-12,0,26.3,6.4,2.217,0.129,24.97,0,6176.46,0,16.55,26.12857143,29.58571429
2021-07-19,0,,,,,24.85714286,0,2900.292,0,67.5,28.78571429,32.65714286
2021-07-26,0,,,,,24.94,0,1999.166,0,0.05,30.74285714,33.61428571
2021-08-02,201,,,,,24.96428571,0,1757.832,0,25.75,29.28571429,33.6
2021-08-09,343,27.4,5.3,1.882,0.037,24.92285714,0,1350.584,0,12.75,28.21428571,32.72857143
2021-08-16,1865,,,,,24.92428571,0,1265.625,0,0.15,26.97142857,30.94285714
2021-08-23,6094,,,,,24.82285714,0,1545.999,0,85.2,24.77142857,29.82857143
2021-08-30,43,,,,,24.85285714,0,2243.167,0,13.35,23.97142857,28.5
2021-09-06,126,24.4,10.6,2.549,0.043,24.90857143,0,6360,0,90.2,22.61428571,26.8
2021-09-13,144,,,,,21.35857143,0,2800.707,0,31.2,23.12857143,27.3
2021-09-20,143,,,,,24.97,0,1553.168,0,0,23.7,26.57142857
2021-09-27,77,,,,,25.01714286,0,2512.334,0,72.65,21.47142857,25.81428571
2021-10-04,14,,,,,24.96571429,0,1695.665,0,31.3,21.28571429,25.84285714
2021-10-11,0,20.6,11.2,2.038,0.033,25.04285714,0,1773.168,0,29.45,19.51428571,24.74285714
2021-10-18,0,,,,,24.95285714,0,1591.875,0,5.7,14.58571429,19.61428571
2021-10-25,0,,,,,25.02714286,0,1165.958,0,4.4,10.78571429,16.48571429
2021-11-01,0,,,,,25.03142857,0,1078.684,0,0.75,13.5,18.71428571
2021-11-08,0,12.7,4.5,2.116,0.022,24.97571429,0,1007.746,0,25.75,12.38571429,17.37142857
2021-11-15,21,,,,,25.06571429,0,1056.48,0,2.35,6.8,12.82857143
2021-11-22,0,,,,,25.03142857,0,880.442,0,7.25,9.185714286,14.57142857
2021-11-29,0,,,,,25.11142857,0,906.088,0,0.1,4.028571429,9.5
2021-12-06,0,,,,,25.14,0,1169.572,0,27.7,2.471428571,9.228571429
2021-12-13,0,6.6,9.1,2.472,0.039,25.11,0,1013.938,0,0.7,4.571428571,10.35714286
2021-12-20,0,,,,,25.05285714,0,877.918,0,6.4,1.485714286,5.285714286
2021-12-27,,,,,,25.02142857,0,876.765,0,0.25,-3.085714286,4.857142857
2022-01-03,,,,,,24.92142857,0,755.712,0,0.6,-3.114285714,3.128571429
2022-01-10,,1.8,7.5,2.735,0.015,25.00571429,0,884.614,0,1,-1,4.657142857
2022-01-17,,,,,,25.09,0,892.292,0,0.8,-5.014285714,2.271428571
2022-01-24,,,,,,25.03428571,0,886.475,0,1.7,-1.671428571,4.2
2022-01-31,,,,,,24.99142857,0,879.521,0,1.9,-0.971428571,5.557142857
2022-02-07,,,,,,25.05571429,0,880.071,0,1.75,-3.757142857,3.585714286
2022-02-14,,2.2,9.1,2.932,0.017,25.02857143,0,876.87,0,1.7,2.471428571,7.142857143
2022-02-21,,,,,,25.00714286,0,876.781,0,0.3,-4.128571429,4.214285714
2022-02-28,,,,,,24.93285714,0,879.25,0,1.1,0.914285714,7.242857143
2022-03-07,,,,,,25.01142857,0,879.188,0,2.3,4.071428571,11.28571429
2022-03-14,,,,,,25.08285714,0,1090.786,0,53.4,9.471428571,15.67142857
2022-03-21,0,8.2,7.2,2.249,0.02,25.09142857,0,1401.74,0,15.9,7.071428571,13.85714286
2022-03-28,0,,,,,24.94571429,0,2084.321,0,30.7,8.8,14.8
2022-04-04,0,,,,,24.99428571,0,1632.95,0,0.4,9.814285714,15.52857143
2022-04-11,0,,,,,25.05142857,0,1047.069,0,0.5,14.48571429,19.97142857
2022-04-18,0,17,6.8,2.35,0.02,25.15285714,0,1388.962,0,1.8,14.47142857,20.75714286
2022-04-25,0,,,,,25.08285714,0,1033.209,0,1.6,16.91428571,22.81428571
2022-05-02,0,,,,,25.11571429,0,956.832,0,16.55,15.97142857,22.45714286
2022-05-09,0,,,,,25.14142857,0,1023.903,0,2.5,17.52857143,23.38571429
2022-05-16,0,17.5,3.8,1.877,0.016,25.15428571,0,1112.381,0,0.1,18.44285714,23.85714286
2022-05-23,0,,,,,25.15,0,952.524,0,1.5,20.55714286,27.41428571
2022-05-30,89,,,,,25.19714286,0,968.384,0,3.65,21.25714286,28.55714286
2022-06-06,0,,,,,25.13428571,0,981.585,0,4.35,22.4,27.47142857
2022-06-13,0,21.1,2.1,1.598,0.018,25.13714286,0,1249.674,0,21.85,22.34285714,26.28571429
2022-06-20,270,,,,,25.12142857,0,1313.34,0,19.3,21.95714286,27.8
2022-06-27,0,,,,,24.96142857,0,3795.959,0,128.2,25.51428571,30.17142857
2022-07-04,125,,,,,24.84428571,0,14257.202,0,220.35,26.9,30.28571429
2022-07-11,38,24,2.1,2.237,0.12,24.90142857,0,3742.091,0,27.05,27.97142857,31.75714286
2022-07-18,20,,,,,24.96285714,0,9130.106,0,149.45,25.8,30.3
2022-07-25,0,,,,,24.98714286,0,4691.915,0,27.8,25.72857143,30.55714286
2022-08-01,555,,,,,24.90714286,0,4244.33,0,78.2,29.32857143,32.12857143
2022-08-08,169,,,,,24.8,0,12804.918,0,228.8,28.08571429,32.08571429
2022-08-15,,,,,,24.64428571,0,56466.465,0,177.4,26.18571429,30.82857143
2022-08-22,35,24.5,1.1,2.687,0.052,24.91,0,17694.992,0,69.45,26.77142857,30.68571429
2022-08-29,43,,,,,24.99285714,0,6289.865,0,23.6,23.04285714,28.48571429
2022-09-05,,,,,,24.78857143,0,14589.686,0,189.65,22.17142857,26.65714286
2022-09-12,156,,,,,24.75571429,0,21444.55,0,25.4,23.14285714,27.1
2022-09-19,0,21.3,1.6,2.087,0.031,25.02,0,4342.026,0,19.1,25.3,27.22857143
2022-09-26,39,,,,,25.15142857,0,1562.759,0,3.3,19.24285714,24.72857143
2022-10-03,97,,,,,25.06,0,1776.687,0,91.8,20.58571429,25.84285714
2022-10-10,0,17.3,0.4,2.29,0.058,25.00428571,0,4716.527,0,32.4,14.77142857,20.77142857
2022-10-17,0,,,,,25.14285714,0,1894.686,0,0,14.9,20.74285714
2022-10-24,84,,,,,25.08428571,0,1466.432,0,0,12.35714286,17.95714286
2022-10-31,0,,,,,25.05714286,0,1373.56,0,0,13.65714286,17.54285714
2022-11-07,0,12.8,1,2.057,0.014,25.11285714,0,1197.922,0,0.1,9.414285714,16.72857143
2022-11-14,0,,,,,25.08857143,0,1479.126,0,57.9,12.81428571,17.22857143
2022-11-21,0,,,,,25.04571429,0,1310.525,0,1.6,10.88571429,15.45714286
2022-11-28,0,,,,,25.07142857,0,1193.323,0,21.3,9.657142857,13.52857143
2022-12-05,0,,,,,25.04714286,0,1232.484,0,4.9,-1.557142857,7.128571429
2022-12-12,0,,,,,25.11428571,0,1103.35,0,5.65,2.885714286,6.5
2022-12-19,,,,,,25.14428571,0,1124.356,0,3.2,-6.1,1.557142857
2022-12-26,,,,,,25.07857143,0,964.403,0,3.6,-5.8,1
2023-01-02,,,,,,25.13857143,0,905.086,0,0.25,-2.357142857,3
2023-01-09,,3.5,0.8,2.895,0.118,25.12142857,0,1003.798,0,4,-0.271428571,4.9
2023-01-16,,,,,,25.13857143,0,1605.648,0,42.2,2.885714286,8.228571429
2023-01-23,,,,,,25.13714286,0,1247.826,0,1.15,-2.171428571,2.428571429
2023-01-30,,,,,,25.16285714,0,1094.995,0,0.95,-6.857142857,-0.142857143
2023-02-06,,,,,,25.14714286,0,952.429,0,0,0.542857143,5.628571429
2023-02-13,,5.6,3.8,2.597,0.02,25.16285714,0,958.694,0,0.65,3.685714286,9.257142857
2023-02-20,,,,,,25.14714286,0,988.597,0,0.45,2.757142857,8.3
2023-02-27,,,,,,25.13571429,0,910.243,0,0,1.942857143,8.342857143
2023-03-06,,,,,,25.13857143,0,1004.424,0,0,6,13.05714286
2023-03-13,,,,,,25.14142857,0,983.113,0,10.5,10.28571429,17.67142857
2023-03-20,0,,,,,25.14714286,0,1060.581,0,0,7.871428571,14.98571429
2023-03-27,0,,,,,25.13428571,0,908.04,0,0.05,12.72857143,18.3
2023-04-03,15,,,,,25.14285714,0,609.986,0,0,14.94285714,20.34285714
2023-04-10,0,13.4,3.7,2.016,0.019,25.06428571,0,1479.102,0,59.9,11.42857143,18.3
2023-04-17,0,,,,,25.12,0,1278.75,0,7.6,12.67142857,19.22857143
2023-04-24,9,,,,,25.07285714,0,1215.31,0,2,16.34285714,21.01428571
2023-05-01,0,,,,,25.10428571,0,1165.547,0,27.55,12.88571429,20.21428571
2023-05-08,0,,,,,24.89857143,0,3651.657,0,77.7,16.9,22.3
2023-05-15,55,20.2,5,2.007,0.021,24.97714286,0,1966.725,0,0.05,18.54285714,23.94285714
2023-05-22,0,,,,,25.03857143,0,1638.222,0,1.55,21.47142857,26.42857143
2023-05-29,0,,,,,24.96428571,0,2303.626,0,76.45,20.77142857,25.58571429
2023-06-05,30,,,,,25.02142857,0,1651.525,0,0.05,22.22857143,26.85714286
2023-06-12,66,,,,,25.03714286,0,2234.133,0,36.25,21.84285714,27.98571429
2023-06-19,30,22.7,4.3,1.561,0.014,25.06428571,0,1799.15,0,30.65,23.94285714,29.05714286
2023-06-26,44,,,,,24.55,0,2922.005,0,61.65,24.41428571,28.9
2023-07-03,37,,,,,24.64,0,9292.753,0,67.35,26.4,29.65714286
2023-07-10,95,,,,,24.89285714,0,9731.948,0,136.1,25.88571429,30.34285714
2023-07-17,,,,,,24.64,0,53162.375,0,236.7,24.81428571,29
2023-07-24,0,24.2,1.9,2.006,0.034,24.71142857,0,14781.469,0,55.2,27.08571429,30.37142857
2023-07-31,52,,,,,24.88,0,4509.742,0,31.95,28.55714286,31.74285714
2023-08-07,395,30.4,0.8,1.66,0.024,25.00714286,0,1985.654,0,4.9,29.94285714,33.5
2023-08-14,84,,,,,24.85714286,0,7727.632,0,134.5,26.18571429,31.71428571
2023-08-21,180,,,,,24.98285714,0,2100.622,0,0.5,28.58571429,31.65714286
2023-08-28,57,,,,,24.84428571,0,5797.928,0,100.1,25.6,30.45714286
2023-09-04,336,,,,,24.93,0,6652.101,0,58.7,24.75714286,28.57142857
2023-09-11,123,25.3,5.8,1.902,0.02,24.99142857,0,1821.496,0,0.05,26.42857143,29.31428571
2023-09-18,225,,,,,24.88571429,0,4012.223,0,59.7,23.82857143,27.47142857
2023-09-25,72,,,,,24.92428571,0,6739.17,0,37.75,21.5,26.45714286
2023-10-02,83,,,,,25.04285714,0,4777.129,0,36.7,20.21428571,24.57142857
2023-10-09,124,,,,,25.05142857,0,2325.29,0,15.95,16.54285714,21.97142857
2023-10-16,0,17.6,1.6,2.135,0.019,25.03428571,0,1837.224,0,5.8,16.45714286,21.41428571
2023-10-23,93,,,,,25.06285714,0,1435.336,0,9.3,13.74285714,19.22857143
2023-10-30,0,,,,,25.10285714,0,1059.346,0,0.05,15.61428571,20.12857143
2023-11-06,20,14.8,1.3,2.073,0.034,24.99714286,0,1822.066,0,64.75,17.68571429,19.87142857
2023-11-13,0,,,,,25.07857143,0,2565.486,0,5.15,4.842857143,13.27142857
2023-11-20,0,,,,,25.09714286,0,1441.236,0,8.45,4.7,10.68571429
2023-11-27,0,,,,,25.08,0,1220.724,0,3.75,4.885714286,10.05714286
2023-12-04,0,,,,,25.05142857,0,1310.901,0,0.15,-0.3,7.614285714
2023-12-11,0,6.3,2.5,2.473,0.029,25.09,0,1141.956,0,15.25,9.242857143,11.94285714
2023-12-18,,,,,,25.00428571,0,3875.117,0,50,0.442857143,7.314285714
2023-12-25,,,,,,25.10285714,0,1906.971,0,2.9,-6.3,0.557142857
