Date,WT_YJB,Chla_YJB,Cyanocell_YJB,TN_YJB,TP_YJB,WL_UP_GCB,WL_YJB,Discharge_UP_GCB,Discharge_YJB,Prec_YJB,Temp_YJB,Forecast_Temp_YJB
2012-01-09,3.4,0.5,0,2.86,0.026,38.1,33.16,0,0,1.2,-5.271428571,4
2012-01-16,4.5,2.3,0,2.998,0.017,38.11285714,33.19714286,0,0,0.1,-3.671428571,4.357142857
2012-01-23,2.4,3.7,0,3.094,0.023,38.20571429,33.12142857,0,0,1.5,-0.442857143,5.814285714
2012-01-30,2.3,5,0,2.932,0.019,38.06,33.20714286,0,0,1.1,-4.842857143,1.657142857
2012-02-06,2.6,6,0,2.738,0.023,38.08142857,33.19857143,0,0,6.95,-7.328571429,1.528571429
2012-02-13,4.9,6.4,0,2.568,0.026,38.09142857,33.23428571,0,0,0.1,-4.042857143,2.471428571
2012-02-20,5.3,4.6,0,4.415,0.064,38.05428571,33.23285714,0,0,0,-2.714285714,4.157142857
2012-02-27,6.6,5.1,0,2.589,0.02,38.06285714,33.20428571,0,0,0.45,1.471428571,8.214285714
2012-03-05,7.6,7.9,0,2.677,0.022,38.06857143,33.20285714,0,0,9.45,4.485714286,8.885714286
2012-03-12,7,8.6,0,2.602,0.026,38.07714286,33.17428571,0,0,7.5,1.7,9.071428571
2012-03-19,8.1,12.1,0,2.47,0.029,38.03857143,33.15285714,0,0,11.05,4.785714286,10.55714286
2012-03-26,7.6,8.8,0,2.903,0.035,35.75714286,33.20428571,0,0,23,4.071428571,10.22857143
2012-04-02,8.6,14.1,0,4.523,0.255,36.17142857,33.12857143,0,0,28,7.557142857,13.41428571
2012-04-09,9.4,5.7,0,2.53,0.036,37.40285714,33.07714286,0,0,48,8.385714286,14.22857143
2012-04-16,14.2,8,0,2.695,0.033,37.77857143,33.15142857,0,0,8,11.58571429,18.68571429
2012-04-23,12.3,12.4,0,2.943,0.046,37.78857143,33.17714286,0,0,54.5,13.35714286,19.51428571
2012-04-30,17.15,11.8,0,2.943,0.08,37.99571429,33.10857143,0,0,28,15.9,21.78571429
2012-05-07,19.4,22.1,0,2.585,0.029,38.09571429,33.15714286,0,0,2,18.92857143,24.07142857
2012-05-14,17.5,14.8,0,2.68,0.046,38.10571429,33.13857143,0,0,15,17.42857143,23.9
2012-05-21,22.8,26.7,0,2.48,0.026,38.03857143,33.14285714,0,0,6.65,17.44285714,24.38571429
2012-05-28,18.3,19.5,0,2.523,0.038,38.02571429,33.27142857,0,0,9.9,19.82857143,27.25714286
2012-06-04,21.8,64.9,0,2.506,0.039,38.07,33.25428571,0,0,1.2,20.47142857,27.17142857
2012-06-11,25.2,19.1,0,2.552,0.036,38.04714286,33.23714286,210.841,243.504,0.05,22.94285714,28.12857143
2012-06-18,24.6,38.8,0,2.623,0.043,38.09,33.17571429,0,0,0.4,22.82857143,27.85714286
2012-06-25,23.8,20.5,0,2.286,0.036,38.06714286,33.02,0,0,10,24.54285714,28.6
2012-07-02,23.6,28,0,2.848,0.084,38.11571429,33.10428571,0,0,74,23.48571429,27.5
2012-07-09,19.5,2.8,0,3.775,0.095,37.98571429,33.14,0,0,261.1,24.14285714,27.98571429
2012-07-16,20.5,3,0,3.359,0.074,38.03714286,32.96285714,3912.159,3889.762,117.7,23.5,27.42857143
2012-07-23,29.6,9.9,0,2.942,0.07,38.05142857,33.00285714,4155.878,4395.813,105.8,25.65714286,28.91428571
2012-07-30,30,11.4,0,2.627,0.027,38.04,33.06,1850.169,1407.674,0,27.71428571,33.22857143
2012-08-06,29.8,10.3,0,2.657,0.033,38.18428571,33.17857143,1143.511,1081.277,0,29.4,33.15714286
2012-08-13,21.6,1.8,0,2.957,0.068,38.16,33.16,2544.474,2819.636,74,26.31428571,31.45714286
2012-08-20,23.5,1.4,0,2.879,0.205,38.18285714,33.19571429,5114.298,5479.72,116.1,25.92857143,30.05714286
2012-08-27,24.1,2.1,0,3.011,0.053,38.22714286,33.12428571,7044.603,6571.303,50,24.12857143,30.25714286
2012-09-03,23,3.3,240,3.585,0.079,38.33428571,32.96428571,7156.689,7382.177,112,23.91428571,29.14285714
2012-09-10,23.4,4,0,3.033,0.085,38.16571429,32.98571429,5828.323,6342.123,137,20.41428571,27.27142857
2012-09-17,20.3,3.8,0,2.505,0.193,38.09285714,32.89285714,5035.846,5387.203,72.5,18.94285714,25.28571429
2012-09-24,23.1,2.5,0,2.643,0.055,38.20857143,33.18285714,2793.917,3147.091,3.5,18.58571429,25.14285714
2012-10-01,21.7,2.1,0,2.27,0.032,38.20571429,33.23857143,2233.258,2736.029,0.6,16.52857143,24.74285714
2012-10-08,19.2,4.3,0,2.559,0.052,38.06142857,33.11857143,1306.506,1438.479,0,16.27142857,24.07142857
2012-10-15,17.3,6.4,0,2.587,0.036,37.77571429,33.08857143,1579.907,1193.65,0.5,12.01428571,21.92857143
2012-10-22,16,6.2,0,2.886,0.066,36.82142857,33.04857143,1109.652,1127.765,31.05,12.3,20.62857143
2012-10-29,15.5,9.2,0,2.761,0.047,37.55714286,33.10142857,1228.262,1349.433,31.55,11.15714286,18.34285714
2012-11-05,13.5,1.9,0,2.689,0.035,38.05,33.05142857,1104.999,1088.376,9.05,6.642857143,14.37142857
2012-11-12,10.5,1.4,0,2.752,0.045,38.09428571,33.06285714,1146.829,1098.243,31.5,7.171428571,13.74285714
2012-11-19,9,0.9,0,2.88,0.037,38.14857143,33.12857143,1388.774,1509.7,11.5,2.914285714,10.94285714
2012-11-26,8.9,1.8,0,3.157,0.043,38.09428571,33.04714286,1150.187,1155.655,1.5,1.842857143,10.18571429
2012-12-03,5.3,4.9,0,3.054,0.063,38.11428571,33.02285714,1123.122,1172.443,10,0.385714286,7.085714286
2012-12-10,3,1,0,3.135,0.056,38.09142857,33.09142857,1129.084,1207.702,8.5,-7.071428571,3.685714286
2012-12-17,4.3,1.7,0,3.055,0.038,38.15142857,33.11285714,1047.872,1186.364,21.5,-3.728571429,5.028571429
2012-12-24,2.2,1.3,0,2.899,0.033,38.19,33.13,1320.353,1547.719,0.5,-5.728571429,2.571428571
2012-12-31,2,1.7,0,2.962,0.032,38.17,33.09142857,1230.413,1323.103,4.2,-7.185714286,0.942857143
2013-01-07,2.5,1.5,0,3.063,0.055,38.21571429,33.09857143,1239.853,1329.621,3.5,-10.22857143,-0.085714286
2013-01-14,3.5,2.4,0,3.132,0.032,38.24142857,33.06714286,1189.694,1199.858,0.05,-6.085714286,3.157142857
2013-01-21,3.6,3.6,0,2.9,0.085,38.23142857,33.08714286,1191.108,1258.103,20.55,-3.242857143,3.9
2013-01-28,1.9,2.5,0,2.89,0.034,38.29285714,33.15714286,1387.694,1702.152,2.2,-3.885714286,3.371428571
2013-02-04,3.7,5.4,0,3.07,0.072,38.28,33.22,1486.937,1929.291,42.6,1.371428571,6.628571429
2013-02-11,2.9,3.7,0,2.951,0.034,38.13714286,33.12857143,1255.704,1492.658,7.3,-6.285714286,2.385714286
2013-02-18,5.6,4.1,0,2.964,0.035,38.14571429,33.11,1277.579,1436.864,0,-1.128571429,4.8
2013-02-25,4.9,3.2,0,2.854,0.036,38.28714286,33.19,1326.342,1731.821,2.2,-1.157142857,5.9
2013-03-04,7.4,4.6,0,3.357,0.033,38.25857143,33.16142857,1329.452,1377.837,7,2.228571429,9.714285714
2013-03-11,7.6,5.3,0,2.625,0.032,38.17428571,33.04714286,1102.834,935.865,0.5,5.428571429,14.37142857
2013-03-18,9.4,7,0,2.589,0.039,37.88571429,33.17571429,1883.211,1719.99,30.5,5.8,13
2013-03-25,8.1,2.5,0,2.598,0.022,37.83571429,33.22,2514.74,2268.523,0.55,4.414285714,13.07142857
2013-04-01,7.5,4,0,2.611,0.023,37.86142857,33.17142857,2705.534,2367.98,1.15,6,13.85714286
2013-04-08,8,5.4,0,2.636,0.034,38.01428571,33.19101429,2273.615,2475.157,20.5,8.585714286,15.81428571
2013-04-15,10.6,7.7,0,2.463,0.027,38.10571429,33.12,1320.869,1402.547,1.6,6.9,15.02857143
2013-04-22,11.4,14,0,2.537,0.024,38.14428571,32.95,1288.845,1153.668,10,10.51428571,17.22857143
2013-04-29,13.9,11.9,0,,,38.16428571,32.98428571,1276.435,1165.093,29,11.94285714,18.67142857
2013-05-06,15.8,5.9,0,2.324,0.023,38.19428571,33.07428571,1140.511,1344.052,0.3,13.58333333,19.77142857
2013-05-13,16.8,10.5,0,2.325,0.045,38.24,33.09571429,1274.675,1558.542,27.5,18.11428571,23.92857143
2013-05-20,16.6,6.6,0,2.582,0.03,38.23,33.12285714,1320.679,1667.705,40,18.02857143,25.22857143
2013-05-27,15.7,5.4,0,2.312,0.038,38.02714286,33.08571429,1387.916,1547.76,52.5,20.42857143,27.88571429
2013-06-03,22.2,4.7,0,2.304,0.034,38.11714286,33.09,1552.88,2005.696,10.4,19.52857143,25.45714286
2013-06-10,20.2,4.9,0,2.196,0.028,38.08142857,33.10428571,1306.72,1527.425,0,23.87142857,29.25714286
2013-06-17,18.4,4.9,0,2.918,0.04,38.08,33.11571429,1275.325,1610.563,6.6,22.82857143,28.3
2013-06-24,22.7,3.9,0,2.385,0.043,38.14428571,33.14142857,2937.024,3403.278,76.6,23.21428571,27.97142857
2013-07-01,22.9,6.2,0,2.452,0.093,38.10142857,33.12714286,1917.986,2578.193,32,24.31428571,29.25714286
2013-07-08,22.8,1.8,0,2.167,0.081,37.98142857,33.02285714,2664.416,2480.402,66.5,24.74285714,27.64285714
2013-07-15,21.4,2,0,,,38.19857143,33.19285714,4997.587,5341.559,105.5,25,30.34285714
2013-07-22,21.4,1.8,0,2.849,0.354,37.36428571,32.53,12384.307,13286.921,244.7,25.64285714,30.52857143
2013-07-29,22.2,2.2,0,2.696,0.102,37.17142857,32.6,9823.543,10329.77,78.4,25.45714286,30.2
2013-08-05,24.7,1.4,200,2.877,0.149,38.10428571,33.12142857,5699.931,6611.757,84,25.67142857,31.21428571
2013-08-12,29,1.5,0,2.653,0.09,38.19,33.18,2394.999,3167.545,31.5,27.02857143,33.81428571
2013-08-19,26,8.2,634,2.022,0.037,38.13857143,33.16142857,1511.343,1690.787,0.1,27.41428571,34.1
2013-08-26,26.4,9.4,0,2.395,0.097,38.14428571,33.19857143,1773.157,2279.586,34.5,25.4,31.37142857
2013-09-02,24.5,5.3,9,2.376,0.075,38.02,33.07857143,1779.638,2014.281,23.5,22.88571429,29.14285714
2013-09-09,22,9.6,0,2.422,0.064,38.08857143,33.2,1216.729,1506.617,1,19.67142857,27.54285714
2013-09-16,22,5.8,0,2.955,0.158,38.09571429,33.17428571,2679.284,3105.294,149.4,21.17142857,27.37142857
2013-09-23,23.4,3,55,2.381,0.049,38.08857143,33.14428571,1625.519,1630.647,0,20.97142857,27.87142857
2013-09-30,21.1,4.3,60,,,38.05857143,33.11714286,1487.385,1408.08,32.9,17.5,24.64285714
2013-10-07,21.4,3,0,2.634,0.059,38.08285714,33.11285714,1272.203,1249.267,0.1,17.71428571,24.3
2013-10-14,18.8,1.2,0,2.405,0.042,38.08571429,33.12285714,1052.022,1020.322,12,17.04285714,23.75714286
2013-10-21,18.2,0.6,0,3.037,0.029,38.10428571,33.12571429,900.712,909.983,0,11.6,20.32857143
2013-10-28,15.4,0.7,0,2.051,0.02,38.08857143,33.21714286,835.859,736.709,0,10.21428571,19.25714286
2013-11-04,15.2,0.9,0,2.214,0.016,38.04428571,33.18285714,784.699,658.382,5,10.25714286,18.7
2013-11-11,12.3,0.7,0,2.373,0.021,38.07142857,33.17,731.533,611.083,5,7.7,16.3
2013-11-18,9,1.1,0,2.319,0.016,38.14,33.15571429,796.191,683.495,5.5,3.557142857,12.4
2013-11-25,8.5,1.1,0,2.334,0.021,38.12142857,33.17857143,810.9,733.384,25.8,2.457142857,10.14285714
2013-12-02,7.9,2.1,0,2.522,0.021,38.12571429,33.14857143,886.522,631.432,9.6,-0.185714286,7.842857143
2013-12-09,7,1.5,0,2.445,0.019,38.09571429,33.16142857,670.6,764.792,14.6,2.357142857,9.757142857
2013-12-16,3.9,1.7,0,2.702,0.021,38.14,33.15285714,749.518,956.184,10.2,-4.628571429,5.214285714
2013-12-23,3.1,1.9,0,2.712,0.026,38.09857143,33.16857143,672.252,806.477,1.1,-2.328571429,4.657142857
2013-12-30,,,,,,38.12714286,33.19,722.815,789.027,1.2,-3.814285714,4.757142857
2014-01-06,4.6,4.1,0,2.436,0.018,38.14571429,33.23,836.678,883.374,0.05,0.614285714,6.542857143
2014-01-13,2.2,8.5,0,2.635,0.014,38.13428571,33.13,864.903,884.156,0,-3.7,4.357142857
2014-01-20,3.1,7.2,0,2.611,0.016,38.15428571,33.11714286,822.77,848.296,7.6,-3.542857143,4.371428571
2014-01-27,4.4,9.8,0,2.576,0.021,38.10714286,33.10857143,874.673,864.623,3.05,-2.571428571,6.542857143
2014-02-03,3,14.1,0,3.003,0.092,38.11428571,33.08571429,846.3,851.067,28.4,0.671428571,8.985714286
2014-02-10,4.4,9.7,0,2.77,0.031,38.09,33.08285714,654.673,670.647,5.7,-2.114285714,4.342857143
2014-02-17,5.4,8.3,0,2.491,0.029,38.02857143,33.05428571,625.378,632.367,0,1.028571429,6.071428571
2014-02-24,5.5,8.1,0,2.6,0.029,38.02857143,33.05571429,607.631,599.831,0,0.828571429,8.271428571
2014-03-03,7.1,18.6,0,2.598,0.033,38.02714286,33.03571429,595.925,592.955,0,5.242857143,11.32857143
2014-03-10,6.5,10.6,0,2.532,0.032,38.01857143,33.05428571,579.889,576.563,4.8,1.471428571,9.485714286
2014-03-17,9.6,15.3,0,2.508,0.038,38.02714286,33.05285714,661.344,645.846,8.05,5.671428571,12.24285714
2014-03-24,10.3,15,0,2.595,0.039,37.99714286,33.05714286,661.833,659.945,3.3,7.742857143,15.54285714
2014-03-31,,,,,,37.98428571,33.05,614.236,618.547,3.35,13.92857143,19.21428571
2014-04-07,9.6,11.9,0,2.316,0.037,38.10428571,33.10142857,969.012,1019.967,5.7,9.528571429,18.24285714
2014-04-14,12.4,5,0,2.617,0.025,38.21428571,33.11714286,1039.335,1130.425,1.7,13.24285714,19.27142857
2014-04-21,15,3.1,0,2.368,0.019,38.21142857,33.08,915.263,977.498,4,14.02857143,20.65714286
2014-04-28,14.2,2.6,0,2.018,0.021,38.14,33.05428571,730.581,776.819,41.4,15.48571429,22.65714286
2014-05-05,14.7,2.9,0,2.048,0.022,38.17285714,33.06428571,803.187,895.853,2.15,13.88571429,21.85714286
2014-05-12,16.4,3.5,0,2.015,0.018,38.20857143,33.06857143,812.309,923.069,50.1,14.88571429,22.67142857
2014-05-19,17.7,3.9,0,1.966,0.047,38.20571429,33.04285714,792.821,909.064,0,18.62857143,25.67142857
2014-05-26,18.8,3.6,0,1.91,0.032,38.16571429,33.02571429,753.511,849.842,10.2,19.95714286,27.1
2014-06-02,19.8,5.7,0,2.045,0.033,38.00285714,33.02857143,884.158,824.596,1.2,22.62857143,29.08571429
2014-06-09,20.6,6.3,0,2.131,0.047,38.09571429,33.01857143,724.912,757.063,27.4,21.51428571,26.61428571
2014-06-16,22.8,8.8,0,2.159,0.035,38.09714286,33.02428571,756.197,820.173,10.2,21.21428571,26.85714286
2014-06-23,23.1,11.1,0,1.754,0.031,38.04142857,33.04285714,657.181,695.947,24.85,22.32857143,27.97142857
2014-06-30,25.2,28.3,0,1.595,0.04,38.04857143,33.03571429,731.017,757.299,2.1,23.38571429,28.94285714
2014-07-07,24.4,7.2,0,1.874,0.057,38.03857143,33.03,635.461,658.439,7.7,24.18571429,28.75714286
2014-07-14,25.1,25.7,0,1.558,0.033,38.02142857,33.04285714,613.439,640.299,6.3,25.81428571,29.82857143
2014-07-21,25.6,31.8,0,2.416,0.057,38.05714286,33.05,643.293,689.013,6.75,25.77142857,30.57142857
2014-07-28,25.8,9.5,0,2.316,0.068,38.06714286,33.05714286,735.737,778.789,68.3,24.07142857,30.51428571
2014-08-04,26.5,3.6,0,1.308,0.051,38.03,33.03714286,607.837,639.38,49,26.22857143,31.08571429
2014-08-11,24.7,1.9,0,2.57,0.135,38.17714286,33.14,1092.366,1137.669,62.9,23.8,30.25714286
2014-08-18,22.8,2.7,0,2.295,0.077,38.22857143,33.10571429,955.704,1093.03,24.4,22.71428571,29.18571429
2014-08-25,23.6,1.3,0,2.847,0.057,38.21857143,33.18857143,2040.302,2480.561,59.4,23.5,27.88571429
2014-09-01,24.1,1.7,0,2.367,0.038,38.24,33.12857143,1053.574,1164.596,0.05,22.64285714,27.77142857
2014-09-08,23,0.7,0,1.986,0.029,38.26,33.15428571,1097.733,1285.951,64.7,22.18571429,27.61428571
2014-09-15,22.9,0.6,0,2.404,0.024,38.18285714,33.05142857,782.397,933.073,0,20.52857143,27.47142857
2014-09-22,21.3,0.4,0,2.245,0.024,38.16428571,33.03428571,784.018,920.881,0,18.24285714,26.07142857
2014-09-29,21,0.5,0,2.572,0.051,38.17714286,33.13142857,1184.879,1325.98,38.1,19.32857143,25.65714286
2014-10-06,19.3,1,0,2.704,0.037,38.13,33.06571429,924.2,986.664,0.6,16.1,24.24285714
2014-10-13,18.5,0.6,0,2.308,0.032,38.16857143,33.01714286,746.932,886.253,0,15.4,23.98571429
2014-10-20,14.9,1,0,3.261,0.153,38.14,33.03428571,800.393,885.601,41.95,11.5,20.81428571
2014-10-27,16.2,0.5,0,2.602,0.065,38.27714286,33.23714286,1746.399,2130.839,57.4,11.38571429,20.07142857
2014-11-03,13.7,0.4,0,2.758,0.042,38.20428571,33.13142857,1046.394,1109.133,11.8,9.971428571,18.38571429
2014-11-10,13.2,0.4,0,2.461,0.023,38.18714286,33.08,948.314,1064.606,0.2,8.4,16.04285714
2014-11-17,10.2,0.1,0,2.682,0.016,38.17285714,33.04285714,814.968,916.02,4.8,4.5,13.35714286
2014-11-24,10.2,0.5,0,2.482,0.009,38.17,33.02714286,771.135,893.633,2.9,5.085714286,13.71428571
2014-12-01,4.9,0.1,0,2.53,0.015,38.17285714,33.03285714,774.522,883.975,20.3,6.385714286,12.38571429
2014-12-08,4.4,0.6,0,2.528,0.018,38.17,33.04285714,767.838,917.792,3.2,-4.371428571,4.057142857
2014-12-15,4.6,0.7,0,2.631,0.025,38.15428571,33.03285714,749.521,883.809,7.45,-3.057142857,4.585714286
2014-12-22,2.3,0.8,0,2.364,0.018,38.11285714,33.02857143,750.419,863.976,8,-6.885714286,2.642857143
2014-12-29,3.6,1.7,0,2.558,0.017,38.07571429,33.04142857,756.886,851.483,0,-3.385714286,5.671428571
2015-01-05,3.8,2.5,0,2.774,0.017,38.04857143,33.03142857,724.708,807.273,2.4,-3.342857143,4.414285714
2015-01-12,3.1,0.5,0,2.661,0.018,38.04142857,33.03571429,717.574,794.554,3.7,-3.471428571,5.257142857
2015-01-19,2.6,0.7,0,2.803,0.017,38.03714286,33.04428571,690.801,740.349,5.55,-0.942857143,6.357142857
2015-01-26,4.6,1.9,0,3.046,0.021,38.03428571,33.02428571,721.22,767.197,11.6,0.671428571,7.071428571
2015-02-02,3.2,1.5,0,2.831,0.015,38.03857143,33.03571429,714.594,767.995,0,-2.957142857,5.657142857
2015-02-09,2.2,4.3,0,2.991,0.023,38.03428571,33.02571429,693.471,746.399,0.8,-2.485714286,5.585714286
2015-02-16,3.9,1.4,0,2.7,0.024,38.04142857,33.03714286,666.873,721.873,12.4,1.242857143,7.014285714
2015-02-23,5.9,3.1,0,2.925,0.03,38.02857143,33.03714286,712.243,756.809,13.2,1.842857143,8.642857143
2015-03-02,5.6,2.5,0,2.952,0.03,38.02714286,33.03285714,769.998,814.33,0.7,1.7,7.371428571
2015-03-09,6.3,4.9,0,2.629,0.026,38.03428571,33.02714286,744.535,788.9,0.9,2.042857143,9.114285714
2015-03-16,8.3,1.5,0,2.8,0.016,38.02428571,33.02,736.359,774.629,2.8,2.8,10.72857143
2015-03-23,9.6,6.1,0,2.712,0.028,38.03571429,33.04571429,874.469,920.489,17.5,9.414285714,16.27142857
2015-03-30,12.3,8.6,0,2.477,0.02,38.02285714,33.02,700.517,754.476,0,8.257142857,16.44285714
2015-04-06,11.2,4.6,0,3.182,0.036,38.07,33.10285714,864.855,954.356,38.9,10.97142857,18.15714286
2015-04-13,12.6,2.5,0,2.434,0.02,38.02142857,33.06714286,891.521,913.436,2.4,10.17142857,16.38571429
2015-04-20,12.4,5.4,0,2.497,0.032,38.04857143,33.06714286,883.283,893.12,65.2,10.24285714,18.67142857
2015-04-27,17.5,2.6,0,2.465,0.02,38.05571429,33.08571429,945.405,1011.804,0,14.81428571,22.57142857
2015-05-04,15.9,2.3,0,2.424,0.04,38.01714286,33.04285714,840.431,818.604,10.1,18.41428571,25.2
2015-05-11,17.7,1.4,0,2.279,0.023,38.02428571,33.02142857,803.609,786.221,14.4,16.18571429,24.02857143
2015-05-18,18.5,2.6,0,2.236,0.033,38.02571429,33.03285714,826.832,817.625,10.9,17.8,24.51428571
2015-05-25,21.7,1.4,0,2.122,0.026,38.02285714,33.03285714,619.848,623.117,0.7,18.35714286,26.8
2015-06-01,22.7,14,0,1.999,0.029,38.02142857,33.02142857,421.001,437.975,1.1,21.2,29.22857143
2015-06-08,23.3,31.2,0,1.867,0.034,38.02142857,33.02571429,273.043,300.442,0.8,21.14285714,29.3
2015-06-15,25.9,15.9,0,1.529,0.026,38.01714286,33.04142857,212.739,235.086,16.4,23.27142857,28.64285714
2015-06-22,26.3,49.3,0,1.51,0.036,38.02142857,33.02571429,315.892,371.134,58.55,22.32857143,28.15714286
2015-06-29,26.3,11.4,0,1.923,0.035,38.04857143,33.03857143,461.174,500.577,24.3,23.5,27.42857143
2015-07-06,27.4,15.2,0,1.303,0.039,38.01,33.01428571,299.124,316.052,0.05,23.07142857,28.1
2015-07-13,26.4,4.9,0,1.563,0.039,38.02142857,33.01714286,269.837,290.807,35.05,24.08571429,27.77142857
2015-07-20,27.2,23.5,298,1.294,0.036,38.01285714,33.01714286,268.009,280.548,2.7,24.12857143,29.35714286
2015-07-27,25.3,2.6,0,2.843,0.088,38.08285714,33.1,989.742,1408.908,143,26.14285714,29.41428571
2015-08-03,27.3,4.5,0,2.735,0.23,38.12142857,33.12571429,795.449,886.99,46.4,26.87142857,31.55714286
2015-08-10,30.2,8.6,0,1.734,0.066,38.01428571,33.01142857,533.556,571.662,5.9,27.2,32.65714286
2015-08-17,28.6,16.5,391,1.387,0.036,38.00142857,33.00857143,384.654,413.766,17.8,25.1,29.91428571
2015-08-24,26.2,4.1,0,1.553,0.051,38.00142857,33.00285714,355.853,382.696,3.15,24.72857143,29.21428571
2015-08-31,26.7,20,0,1.371,0.033,37.99857143,33.01428571,333.887,355.323,13.6,22.61428571,28.01428571
2015-09-07,25.4,3.5,0,1.363,0.034,37.99571429,33.00857143,338.067,374.937,9.8,22.15714286,27.38571429
2015-09-14,23.2,4.4,0,1.425,0.04,37.99571429,32.99857143,310.396,327.151,6.5,19.48571429,26.61428571
2015-09-21,24.3,9.2,0,1.539,0.029,37.99571429,32.98857143,282.905,307.167,0,19.48571429,26.11428571
2015-09-28,21.2,4,0,1.878,0.05,37.99857143,33.00142857,276.068,301.713,0,19.61428571,25.92857143
2015-10-05,19.9,2.1,0,1.778,0.034,37.99428571,32.99571429,284.915,319.021,23.3,16.67142857,24.01428571
2015-10-12,17.5,1.8,0,1.606,0.023,37.98285714,32.99285714,244.774,280.195,10.3,13.95714286,22.35714286
2015-10-19,18,2.7,0,1.54,0.019,37.98857143,33.00571429,274.106,291.719,0,14.52857143,22.74285714
2015-10-26,17.5,1.7,0,1.793,0.028,37.99714286,32.99857143,377.994,410.421,4.75,14.98571429,22.04285714
2015-11-02,12.7,1,0,1.854,0.021,37.99285714,33.00857143,391.391,414.485,18,7.214285714,16.48571429
2015-11-09,13.1,4.7,0,2.048,0.058,37.99714286,33.00428571,298.811,342.867,53.4,9.771428571,17.37142857
2015-11-16,13.6,0.9,0,2.265,0.041,37.99857143,32.99571429,352.162,396.389,55.2,10.8,15.87142857
2015-11-23,11.7,1.4,0,2.485,0.044,38.00142857,33.02,409.238,452.273,22.3,9.585714286,14.14285714
2015-11-30,6.7,0.6,0,2.765,0.034,38.00285714,33.01857143,365.437,433.799,16.8,1.685714286,8.342857143
2015-12-07,4.6,3.1,0,3.226,0.049,37.98571429,33.02714286,374.156,427.211,27.4,0.771428571,8.328571429
2015-12-14,6.7,6.4,0,2.869,0.019,38.00428571,33.02142857,340.02,389.925,6.6,3.328571429,9.728571429
2015-12-21,3.4,4.2,0,3.115,0.019,38.00857143,33.02714286,311.246,360.937,4.2,-1.314285714,6.4
2015-12-28,3,6.8,0,3.297,0.018,38.00714286,33.01571429,291.019,336.672,0.9,-0.128571429,6.928571429
2016-01-04,3,5.9,0,3.325,0.017,38.01285714,33.03,312.42,342.754,1,0.257142857,6.228571429
2016-01-11,,,,,,38.00857143,33.02142857,371.665,402.254,0,-1.871428571,4.485714286
2016-01-18,,,,,,38.00142857,33.02714286,378.131,392.73,3,-3.342857143,3.185714286
2016-01-25,,,,,,38.01,33.01857143,457.026,489.972,0,-10.04285714,0.157142857
2016-02-01,,,,,,38.01857143,33.02142857,496.077,524.156,0.6,-2.442857143,4.071428571
2016-02-08,3.4,7.6,0,2.359,0.024,38.00714286,33.02428571,530.716,556.009,0.8,-3.042857143,4.742857143
2016-02-15,4.1,20.2,0,2.625,0.037,38.01142857,33.01571429,532.928,564.24,31.75,2.057142857,9.257142857
2016-02-22,3.7,19,0,3.124,0.035,38.00142857,33.02142857,292.576,326.703,1,0.5,6.1
2016-02-29,3.9,17.6,0,2.848,0.031,38.00714286,33.02,401.832,433.627,18.7,-0.214285714,7.371428571
2016-03-07,8.9,25,0,3.606,0.189,38.06428571,33.11285714,848.372,931.207,58.2,5.714285714,11.25714286
2016-03-14,7.4,11.5,0,2.728,0.028,38.02,33.08142857,900.394,1012.335,0,1.914285714,11.08571429
2016-03-21,10.8,8.9,0,2.434,0.021,38.00142857,33.06285714,779.494,798.448,0,8.6,15.07142857
2016-03-28,10.1,11,0,2.444,0.025,37.98571429,33.01714286,729.69,767.013,0,6.914285714,14.82857143
2016-04-04,11.8,12.3,0,2.128,0.022,38.05285714,33.09,836.141,906.478,0.1,12.27142857,18.17142857
2016-04-11,11.1,18,0,2.112,0.022,38.25285714,33.17857143,975.253,1178.127,17.1,13.04285714,19.34285714
2016-04-18,12.8,9.7,0,2.387,0.033,38.25285714,33.17857143,1107.883,1375.608,52.4,13.04285714,20.34285714
2016-04-25,14.5,9.3,0,2.403,0.031,38.21857143,33.16571429,1351.785,1680.042,16.7,14.24285714,21.32857143
2016-05-02,13,7,0,2.209,0.021,38.20857143,33.22857143,1543.712,1897.491,10.6,16.77142857,22.21428571
2016-05-09,15.3,5.2,0,2.295,0.02,38.22571429,33.23285714,1649.282,2213.448,27.9,16.84285714,23
2016-05-16,18.3,8.7,0,2.327,0.042,38.18,33.16571429,1113.927,1335.212,36.5,16.88571429,24.08571429
2016-05-23,21,23.9,0,2.152,0.062,38.08285714,33.08857143,881.216,979.158,0,21.02857143,26.97142857
2016-05-30,22.4,18.5,0,2.178,0.043,38.00857143,33.02,664.97,693.049,23.4,19.7,27
2016-06-06,23.5,25.6,0,2.13,0.088,38.00571429,33.01428571,476.809,522.482,0.05,21.52857143,28.2
2016-06-13,24.6,39.5,0,2.06,0.052,38.02142857,33.01571429,454.476,491.389,0.15,23.4,28.25714286
2016-06-20,24.9,42,0,2.073,0.044,38.01428571,33.01428571,515.262,563.518,2.15,23.18571429,28.52857143
2016-06-27,25.1,30.4,0,1.82,0.038,37.99857143,33.01714286,413.728,445.372,16.7,23.65714286,28.07142857
2016-07-04,23,9.4,0,2.082,0.072,38.10142857,33.10714286,1001.194,1126.097,124.7,23.57142857,27.92857143
2016-07-11,,,,,,38.16571429,33.15285714,9850.296,10760.276,33.4,25.51428571,28.21428571
2016-07-18,22.4,5.2,0,2.696,0.051,38.22,33.21428571,4743.646,5167.803,90.7,23.88571429,28.9
2016-07-25,24.7,29.3,0,2.682,0.039,38.21285714,33.28571429,2165.526,2501.746,0.3,27.1,29.27142857
2016-08-01,21.4,16.8,0,2.582,0.066,38.14142857,33.24857143,1146.933,1451.842,35.05,26.97142857,31.57142857
2016-08-08,28.3,30.7,0,2.507,0.034,38.17714286,33.20285714,959.71,1198.847,0,28.57142857,32.24285714
2016-08-15,26.6,14.4,0,2.478,0.032,38.16571429,33.17142857,840.215,1030.158,2.9,28.91428571,33.48571429
2016-08-22,27,12.1,0,2.515,0.03,38.19857143,33.14571429,752.032,995.955,0.05,28.78571429,32.07142857
2016-08-29,22.2,12.1,0,2.492,0.025,38.20857143,33.09428571,729.253,966.377,37.6,23.41428571,30.87142857
2016-09-05,23.4,6.6,0,2.49,0.034,38.20428571,33.07285714,737.992,948.932,23.7,22.38571429,28.35714286
2016-09-12,25.4,5.1,0,2.311,0.015,38.11571429,33.02142857,603.437,697.724,1.65,23.11428571,28.44285714
2016-09-19,23.4,4.1,0,2.052,0.028,38.01142857,33.01142857,365.899,403.123,34.6,21.74285714,26.7
2016-09-26,22.2,6.1,0,1.985,0.022,38.00714286,33.01428571,345.567,368.929,0,19.05714286,25.35714286
2016-10-03,21.1,2.7,0,2.051,0.041,38.02285714,33.01285714,354.472,403.035,18.35,19.5,24.44285714
2016-10-10,19.6,2.3,0,2.123,0.04,38.05714286,33.01857143,496.294,570.786,21.9,16.3,23.75714286
2016-10-17,18.2,1.8,0,2.239,0.031,38.10142857,33.03142857,610.9,694.927,2.5,14.38571429,21.65714286
2016-10-24,17.6,1.2,0,2.395,0.025,38.14285714,33.03142857,593.344,716.362,3.6,14.58571429,20.88571429
2016-10-31,14.5,1.1,0,2.468,0.031,38.08571429,33.02285714,633.949,704.905,45.1,10.01428571,17.3
2016-11-07,12.8,0.7,0,2.268,0.021,38.01857143,33.02285714,417.099,433.066,3.15,8.942857143,14.14285714
2016-11-14,11.2,1,0,2.328,0.017,38.02714286,33.02428571,400.432,420.032,9.4,7.628571429,13.48571429
2016-11-21,10.8,0.9,0,2.07,0.014,38.02,33.02285714,377.113,396.249,2.7,7.7,14.25714286
2016-11-28,6.5,1.4,0,2.146,0.01,38.04428571,33.03285714,360.388,383.346,2.2,0.385714286,8.657142857
2016-12-05,6.8,2.7,0,2.325,0.02,38.10285714,33.12285714,279.217,394.977,0.5,2.557142857,8.685714286
2016-12-12,4.2,2.8,0,2.417,0.013,38.02142857,33.01428571,326.445,353.519,3.2,-0.914285714,6.685714286
2016-12-19,4.4,2.9,0,2.631,0.013,38.03428571,33.01714286,295.947,343.23,1.2,0.185714286,6.314285714
2016-12-26,5.5,5,0,3.065,0.023,38.11,33.01428571,309.895,450.813,53.9,2.328571429,7.714285714
2017-01-02,4,2.9,0,2.511,0.015,38.19714286,33.02714286,426.557,635.807,0.9,-1.485714286,5.3
2017-01-09,5.8,3.1,0,2.6,0.013,38.09571429,33.04142857,389.55,502.259,0,3.314285714,7.528571429
2017-01-16,1.4,3,0,2.533,0.011,38.09142857,33.03142857,384.669,504.919,0.1,-4.914285714,2.942857143
2017-01-23,,,,,,38.13285714,33.02714286,319.122,496.982,0.15,-5.285714286,3.242857143
2017-01-30,,,,,,38.04571429,33.02571429,428.224,512.028,8.55,-4.371428571,3.657142857
2017-02-06,,,,,,38.04714286,33.02285714,334.689,435.939,0.4,-1.985714286,4.457142857
2017-02-13,,,,,,38.02285714,33.02571429,357.936,418.641,0,-3.328571429,4.171428571
2017-02-20,5.2,11.5,0,2.802,0.02,38.02142857,33.02285714,384.774,422.591,9.3,1,7.442857143
2017-02-27,5.6,13.5,0,2.79,0.023,38.00428571,33.03,420.279,440.984,11.2,1.014285714,7.042857143
2017-03-06,6.6,14.8,0,2.834,0.025,38.01714286,33.04428571,539.259,550.028,5.65,3.314285714,10.25714286
2017-03-13,7.2,11.7,0,2.55,0.023,38.02,33.08857143,603.429,617.533,0,4.042857143,10.65714286
2017-03-20,9.1,17,0,2.492,0.028,38.01714286,33.02714286,434.902,458.124,0,6.928571429,14.55714286
2017-03-27,9.9,17.5,0,2.6,0.028,38.01714286,33.01571429,389.873,413.077,2,6.785714286,14.35714286
2017-04-03,10.5,17.2,0,2.7,0.026,38.02,33.02285714,453.105,470.734,6,7.828571429,15.27142857
2017-04-10,14.3,16.1,0,2.492,0.03,38.02,33.04571429,561.226,573.454,22.5,13.17142857,18.77142857
2017-04-17,13,11.3,0,2.278,0.026,38.10285714,33.21142857,900.404,949.888,13.05,13.55714286,19.2
2017-04-24,12.6,5,0,2.267,0.019,38.13,33.21571429,982.475,1074.209,6.8,12.72857143,19.57142857
2017-05-01,16.9,6.3,0,2.125,0.019,38.01714286,33.04142857,451.276,446.854,0,16.02857143,22.25714286
2017-05-08,17.7,8.7,0,2.021,0.02,38.01428571,33.02714286,447.394,435.21,0.05,18.04285714,24.94285714
2017-05-15,16.9,18.4,0,2.092,0.018,38.02142857,33.02142857,503.135,490.256,18.7,15.92857143,24.88571429
2017-05-22,19.8,6.1,0,2.046,0.019,38.02428571,33.01428571,515.412,503.113,0,19.15714286,26.72857143
2017-05-29,19.8,5.9,0,1.771,0.02,38.01714286,33.02285714,498.4,467.972,4.5,19.5,27.55714286
2017-06-05,21.1,7.7,0,1.938,0.02,38.01,33.02,475.117,454.466,0,21.22857143,27.74285714
2017-06-12,21.1,6.2,0,1.982,0.015,38.00571429,33.01285714,440.942,420.44,18.15,19.65714286,27.07142857
2017-06-19,23.6,7.7,0,1.797,0.02,38.00857143,33.01428571,433.774,408.801,0.05,22.75714286,28.97142857
2017-06-26,24.3,4.5,0,1.682,0.02,38.00571429,33.01,408.173,393.335,24.6,24,30.37142857
2017-07-03,,,,,,38.07142857,33.06142857,539.543,604.697,70.5,24.3,29.02857143
2017-07-10,,,,,,38.10285714,33.13857143,2330.35,2780.667,156.6,25.25714286,29.51428571
2017-07-17,,,,,,38.32,33.40857143,7654.545,8894.448,106.3,25.12857143,31.57142857
2017-07-24,18.9,5.4,0,2.974,0.114,38.23,33.25571429,3263.199,3817.488,84.1,26.91428571,32.41428571
2017-07-31,21,3,0,2.59,0.142,38.2,33.24428571,5120.047,5882.75,41.9,25.5,31.42857143
2017-08-07,23.3,9.1,0,2.838,0.048,38.24,33.30428571,3688.342,4326.813,2.2,28.05714286,32.12857143
2017-08-14,24.1,10.4,0,2.668,0.063,38.32285714,33.34428571,1691.265,1934.814,33.15,24.47142857,31.3
2017-08-21,22.8,4.6,0,2.829,0.177,38.27142857,33.30142857,2925.898,3561.484,174.5,23.07142857,28.97142857
2017-08-28,22.1,4.1,0,2.977,0.083,38.23714286,33.27857143,9462.188,10733.248,94,23.42857143,29.12857143
2017-09-04,22.3,4.9,0,2.992,0.049,38.35285714,33.37714286,3168.943,3819.908,0,19.85714286,27.52857143
2017-09-11,22.5,27.8,0,2.466,0.037,38.09571429,33.14714286,991.167,1101.737,12.05,20.5,27.48571429
2017-09-18,21.9,22.1,0,2.45,0.032,38.05285714,33.13857143,951.079,1083.346,0,19.74285714,26.27142857
2017-09-25,21.7,14.1,0,2.509,0.032,38.13714286,33.08428571,837.382,988.553,14.2,18.95714286,26.41428571
2017-10-02,,,,,,38.15571429,33.06857143,733.617,902.302,15,17.84285714,24.41428571
2017-10-09,21.8,8.1,0,2.468,0.036,38.06714286,33.02142857,662.65,700.479,0.8,18.21428571,22.47142857
2017-10-16,18.4,9.3,0,2.478,0.041,38.05428571,33.03428571,612.318,637.957,4.4,13.98571429,21.04285714
2017-10-23,17.6,3.7,0,2.456,0.033,38.04285714,33.02285714,611.798,635.496,0.2,13.65714286,20.57142857
2017-10-30,15.8,3,0,2.465,0.028,38.07142857,33.01285714,654.954,721.119,0,10.9,19.31428571
2017-11-06,13.9,2.1,0,2.655,0.027,38.02142857,33.00714286,556.193,566.916,3.1,8.757142857,16.28571429
2017-11-13,11.4,1.2,0,2.365,0.037,38.01857143,32.94571429,557.618,572.953,5.4,7.171428571,14.77142857
2017-11-20,7.2,1.1,0,2.668,0.013,38.01428571,33.01142857,542.818,550.626,0.1,1.128571429,9.685714286
2017-11-27,6.8,1.6,0,2.766,0.02,38.03285714,33.02285714,572.715,600.601,20.1,0.6,8.885714286
2017-12-04,6.9,2.2,0,2.647,0.011,38.01714286,33.01142857,679.295,696.427,3.35,0.614285714,7.7
2017-12-11,4.2,2.1,0,2.638,0.014,38.02,33.02857143,698.976,687.782,8,-2.485714286,4.2
2017-12-18,,,,,,38.01285714,33.02571429,621.009,623.01,1.8,-6.885714286,1.757142857
2017-12-25,3.8,4.3,0,2.889,0.018,38.01428571,33.01714286,560.543,566.656,14.25,-1.583333333,4.857142857
2018-01-01,3.4,3.9,0,2.721,0.013,38.02,33.01571429,521.937,555.394,2.9,-2.285714286,3.3
2018-01-08,2.6,4.1,0,2.837,0.016,38.00857143,33.01428571,478.743,465.126,1.5,-3.2,2.457142857
2018-01-15,1.2,3.4,0,2.851,0.016,38.00428571,33.01857143,428.526,448.937,1.2,-5.5,1.814285714
2018-01-22,3.8,7.4,0,3.174,0.019,38.01,33.01285714,460.839,474.207,5.4,0.757142857,5.5
2018-01-29,,,,,,38.00428571,33.01,420.204,439.328,0,-10.48571429,-1.285714286
2018-02-05,,,,,,38.01,33.01428571,439.499,441.042,0.7,-5.657142857,1.185714286
2018-02-12,,,,,,38.01571429,33.00857143,444.15,436.984,1.2,-6.071428571,1.7
2018-02-19,,,,,,38.01,33.01142857,430.269,428.679,0.1,-1.214285714,5.685714286
2018-02-26,3.9,6,0,2.538,0.015,38.00714286,33.01285714,466.288,455.691,3.6,1.214285714,8.314285714
2018-03-05,6.3,12.4,0,3.378,0.058,38.05285714,33.02857143,581.478,609.356,55.4,3.328571429,10.02857143
2018-03-12,7.4,16.4,0,3.762,0.054,38.08142857,33.12714286,675.345,741.573,10.8,4.4,9.9
2018-03-19,9,17.8,0,3.356,0.048,38.10857143,33.03285714,674.728,752.875,31.9,8.8,14.85714286
2018-03-26,9.2,10.8,0,3.378,0.033,38.12428571,33.05714286,749.376,869.592,1.2,6.085714286,13.18571429
2018-04-02,13.5,23.6,0,2.9,0.038,38.00285714,33.01428571,600.523,590.148,0,14.28571429,18.54285714
2018-04-09,8.5,9.1,0,3.01,0.032,38.16571429,33.15571429,900.59,1046.383,45.6,8.414285714,15.55714286
2018-04-16,10.5,13,0,2.595,0.027,38.17571429,33.19,1039.606,1185.368,26.3,11.35714286,18.17142857
2018-04-23,13.8,18.8,0,2.502,0.037,38.15428571,33.16857143,1013.485,1073.225,67.8,13.94285714,20.9
2018-04-30,13.4,15.3,0,2.579,0.032,38.15571429,33.16428571,1154.809,1488.759,6.1,14.27142857,20.45714286
2018-05-07,11.7,11.2,0,2.728,0.024,38.24428571,33.24571429,2075.907,2742.096,39.8,15.27142857,21.58571429
2018-05-14,14.6,9.7,0,3.106,0.054,38.22,33.22571429,2897.704,3601.114,31.9,15.47142857,22.97142857
2018-05-21,15.7,2.7,0,3.534,0.122,38.22714286,33.26285714,4113.538,5036.089,72.7,18.12857143,24.68571429
2018-05-28,16,5.5,0,3.186,0.066,38.25,33.30142857,2725.849,3731.34,14.7,18.75714286,25.54285714
2018-06-04,16.9,12.6,0,3.428,0.076,38.15571429,33.22142857,2576.008,3190.302,30.1,21.14285714,27.57142857
2018-06-11,19.9,35.7,0,2.938,0.058,38.16571429,33.16571429,989.532,1098.388,0.2,21.7,27.37142857
2018-06-18,22.1,51.1,0,2.71,0.052,38.02142857,33.02857143,801.937,785.731,7.35,21.32857143,27.62857143
2018-06-25,23.7,51.2,0,2.534,0.05,38.02,33.02428571,743.433,722.454,0,23.84285714,29.91428571
2018-07-02,21.1,30.3,0,3.496,0.732,38.22,33.23142857,3184.598,4026.388,219.8,22.71428571,28.15714286
2018-07-09,19.9,4.1,0,3.418,0.11,38.22428571,33.27571429,3784.699,4527.39,77.5,23.15714286,28.28571429
2018-07-16,23.8,17.9,0,2.943,0.055,38.28571429,33.31285714,1986.651,2522.851,11.4,26.57142857,31.08571429
2018-07-23,26.9,33.1,0,2.767,0.043,38.04714286,33.05714286,911.447,971.197,0,28.8,34.2
2018-07-30,27.3,35.7,0,2.434,0.045,38.03428571,33.02857143,802.936,787.237,17.2,29.77142857,35.48571429
2018-08-06,27.2,31.3,366,2.383,0.033,38.03714286,33.02142857,774.629,756.019,2.15,30.34285714,35.84285714
2018-08-13,27.2,29.1,284,2.244,0.04,38.01714286,33.02857143,820.736,797.353,35.95,28.65714286,34.81428571
2018-08-20,25.4,16.9,150,2.581,0.028,38.01714286,33.03285714,784.132,751.09,0,26.82857143,34.02857143
2018-08-27,22.8,7.7,0,2.455,0.075,38.09857143,33.10285714,913.375,992.507,106.9,24.44285714,32.04285714
2018-09-03,22.9,2.7,,3.266,0.142,38.14428571,33.17857143,5975.224,7138.524,209.5,23.84285714,29.57142857
2018-09-10,20.7,3.1,0,2.878,0.084,38.24428571,33.24142857,10688.994,12019.105,2.1,21.1,27.47142857
2018-09-17,21.1,7.6,0,2.815,0.048,38.21428571,33.23,1139.349,1361.939,11.25,20.61428571,26.48571429
2018-09-24,19.5,3.1,0,2.662,0.038,38.23,33.26428571,1362.322,1582.458,55.6,18.55714286,24.95714286
2018-10-01,19.2,3.2,0,2.572,0.03,38.18857143,33.21285714,1119.703,1329.556,0,16.04285714,23.37142857
2018-10-08,17.8,7.1,0,2.346,0.099,38.17571429,33.17285714,1523.97,1578.864,91.3,15.08571429,22.08571429
2018-10-15,16.3,2.6,0,2.624,0.037,38.26571429,33.23571429,1128.237,1387.587,1.4,10.64285714,19.04285714
2018-10-22,16,9.9,0,2.694,0.028,38.14285714,33.17285714,1021.205,1133.172,5.8,10.18571429,19.05714286
2018-10-29,13.5,5.3,0,2.724,0.028,38.13571429,33.18857143,991.752,1084.84,17.8,8.642857143,17.28571429
2018-11-05,12.9,3.1,0,2.675,0.023,38.09428571,33.07142857,798.515,796.984,0.1,7.414285714,15.54285714
2018-11-12,12.7,4.4,0,2.833,0.055,38.16428571,33.09285714,806.707,889.049,60.1,10,16.05714286
2018-11-19,10.4,3.8,0,2.735,0.025,38.03857143,33.05142857,653.986,653.058,0,6.242857143,13.41428571
2018-11-26,7.8,2.5,0,2.81,0.018,38.02714286,33.02857143,695.181,693.417,14.6,2.314285714,10.12857143
2018-12-03,7.9,3,0,2.868,0.017,38.19285714,33.04,508.981,728.682,17.7,3.228571429,10.6
2018-12-10,3,2.8,0,3.106,0.018,38.12571429,33.04428571,672.596,771.925,10.7,-2.1,5.057142857
2018-12-17,3.1,1.7,0,2.886,0.015,38.08,33.02857143,608.265,616.217,1.4,-3.228571429,4.685714286
2018-12-24,4.2,1.2,0,3.405,0.02,38.01857143,33.03285714,529.663,503.671,0,1.3,6.657142857
2018-12-31,,,,,,38.02142857,33.02285714,499.29,487.742,0,-6.657142857,1.342857143
2019-01-07,2.9,2.5,0,2.78,0.019,38.14142857,33.03571429,714.082,798.213,0,-4.9,3.528571429
2019-01-14,4.3,3.1,0,2.728,0.018,38.14571429,33.04,758.877,856.506,0,-2.228571429,4.314285714
2019-01-21,3.5,2.6,0,3.06,0.021,38.15571429,33.04142857,767.407,849.275,0.5,-1.942857143,4.514285714
2019-01-28,4.4,3.1,0,2.942,0.019,38.12571429,33.06142857,738.057,815.977,0.8,-1.028571429,5.242857143
2019-02-04,4.7,4.7,0,3.092,0.021,38.15285714,33.06857143,752.302,857.939,23.1,-0.671428571,5.485714286
2019-02-11,3.7,4.8,0,3.189,0.017,38.15,33.03714286,769.096,867.584,0,-2.028571429,5.471428571
2019-02-18,4.3,4.1,0,2.862,0.017,38.05142857,33.04285714,820.686,833.175,1.1,-1.385714286,6.385714286
2019-02-25,6.2,3.8,0,2.885,0.021,38.02571429,33.04,861.414,856.622,9.9,2.142857143,9.628571429
2019-03-04,8.2,12.3,0,2.737,0.024,38.02428571,33.03714286,862.374,845.036,0,5.957142857,11.74285714
2019-03-11,7.6,12.3,0,2.788,0.021,38.02,33.03285714,864.266,853,0.2,6.5,12.45714286
2019-03-18,7,8.1,0,2.879,0.036,38.07571429,33.08142857,816.022,869.306,5.9,4.142857143,12
2019-03-25,7.3,10.2,0,3.01,0.026,38.05,33.08714286,906.396,920.013,27.9,5.666666667,14.44285714
2019-04-01,7.8,10.4,0,2.67,0.021,38.07,33.12857143,920.292,937.874,6.2,7.614285714,14.87142857
2019-04-08,9.4,4,0,2.573,0.016,38.32714286,33.33428571,1517.437,1671.69,0.2,9.028571429,15.9
2019-04-15,9.5,3.7,0,2.601,0.017,38.26857143,33.30714286,1786.509,1831.989,26.2,8.871428571,16.57142857
2019-04-22,11.2,5.4,0,2.526,0.018,38.20571429,33.23571429,1174.009,1327.14,0.35,14.5,20.52857143
2019-04-29,10.7,4.8,0,2.7,0.022,38.23285714,33.24,1246.234,1416.641,22.1,13.32857143,20.45714286
2019-05-06,15.9,24.8,0,2.291,0.034,38.07142857,33.06571429,841.548,889.184,0,16.61428571,22.8
2019-05-13,17.8,22.6,0,2.363,0.033,38.02428571,33.03,637.377,598.523,0,17.32857143,24.44285714
2019-05-20,18.4,19.7,0,2.243,0.031,38.03142857,33.03714286,595.397,563.016,11.1,20.27142857,27.12857143
2019-05-27,20,17.5,0,2.057,0.029,38.03285714,33.04142857,595.454,575.012,6.9,20.5,27.14285714
2019-06-03,19.8,16.4,0,1.844,0.028,38.02142857,33.02571429,573.588,539.948,0,19.55714286,26.47142857
2019-06-10,20.2,17.5,0,2.058,0.04,38.03428571,33.05857143,710.325,730.451,54.9,21.18571429,27.98571429
2019-06-17,21.3,30.3,0,2.039,0.032,38.02428571,33.03428571,606.9,582.697,10.5,21.12857143,27.34285714
2019-06-24,22.2,37.2,0,1.883,0.031,38.01714286,33.04,563.346,555.735,7.1,22.38333333,27.71428571
2019-07-01,22,28.8,0,1.762,0.031,38.02,33.03142857,558.645,546.433,6,23.67142857,28.71428571
2019-07-08,23.3,23.2,0,1.976,0.055,38.01142857,33.02428571,519.538,491.324,6,24.32857143,30.32857143
2019-07-15,22.7,29.2,0,1.922,0.025,38.02428571,33.02714286,470.328,473.982,33.1,22.9,28.87142857
2019-07-22,24.6,12.1,0,1.798,0.03,38.02428571,33.09285714,567.837,554.552,23.3,25.97142857,29.98571429
2019-07-29,24.5,6.8,0,3.037,0.117,38.14142857,33.14,1334.753,1637.222,155,26.67142857,30.85714286
2019-08-05,27.8,40.3,0,2.683,0.059,38.06285714,33.09571429,856.775,990.287,67.4,28.28571429,33.02857143
2019-08-12,28.4,29.1,380,2.013,0.054,38.07428571,33.17857143,817.704,891.408,41.3,27.67142857,33.04285714
2019-08-19,25.7,34.1,940,2.053,0.045,38.04285714,33.11857143,649.711,688.301,17,25.84285714,31.88571429
2019-08-26,25.1,28.2,217,1.816,0.03,38.02571429,33.03285714,550.562,572.255,0,24.57142857,30.32857143
2019-09-02,23.1,14.4,0,1.784,0.029,38.03571429,33.04142857,633.241,646.091,11.4,22.65714286,28.5
2019-09-09,23.4,3.8,0,1.947,0.045,38.12428571,33.12,845.194,987.952,91.9,23.51428571,27.4
2019-09-16,23,4.6,0,2.146,0.048,38.09285714,33.07857143,1048.363,1183.3,85.4,22.21428571,27.62857143
2019-09-23,19,7.5,0,2.036,0.08,38.07571429,33.08,981.479,1101.168,63.8,18.25714286,25.38571429
2019-09-30,21.6,2.3,0,2.467,0.042,38.06285714,33.07571429,917.191,979.536,0,18.9,25.17142857
2019-10-07,19.3,2.9,0,3.028,0.088,38.18428571,33.18428571,1407.782,1641.868,77.8,18.68571429,23.92857143
2019-10-14,17.9,1.5,0,2.577,0.041,38.08142857,33.07142857,796.857,837.294,0,14.3,20.95714286
2019-10-21,17,1.4,0,2.542,0.029,38.01285714,33.03,744.052,741.7,0.05,13.15714286,20.08571429
2019-10-28,16.1,1.8,0,2.385,0.024,38.02857143,33.03857143,725.178,701.072,0.05,12.8,19.81428571
2019-11-04,15.8,1.6,0,2.802,0.024,38.05714286,33.03142857,664.028,665.332,1.85,11.02857143,18.38571429
2019-11-11,12.5,1.6,0,2.315,0.021,38.08142857,33.04857143,608.052,626.257,11.6,7.1,16.01428571
2019-11-18,11.2,2,0,3.002,0.068,38.15,33.16714286,808.77,932.824,69.8,4.742857143,12.94285714
2019-11-25,10,1.5,0,3.244,0.036,38.20857143,33.23428571,965.113,1164.152,1.1,4.2,11.7
2019-12-02,,,,2.722,0.016,38.14142857,33.03714286,655.365,689.722,4.8,3.342857143,9.314285714
2019-12-09,4.4,1.1,0,2.774,0.018,38.11428571,33.02142857,640.221,622.474,1.8,-2.442857143,6.214285714
2019-12-16,6.2,2,0,2.981,0.016,38.11,32.95142857,610.084,629.6,2.85,2.285714286,8.571428571
2019-12-23,5.7,2.7,0,2.772,0.018,38.11142857,32.90857143,596.612,657.159,5.3,1.242857143,7.614285714
2019-12-30,5,3.4,0,3.082,0.014,38.09571429,33.04428571,623.373,656.475,4.3,-0.457142857,6.385714286
2020-01-06,4.3,3.4,0,3.118,0.016,38.09285714,33.03571429,630.882,661.496,4.4,-1.642857143,5.742857143
2020-01-13,4,2.9,0,3.814,0.042,38.23714286,33.22857143,1292.78,1622.24,65.4,0.8,5.771428571
2020-01-20,3.4,2.5,0,3.49,0.02,38.06,33.06,836.966,843.111,0.5,-1.328571429,4.871428571
2020-01-27,5.2,4.7,0,3.406,0.018,38.11285714,33.03285714,673.249,750.92,2.15,2.371428571,7.714285714
2020-02-03,5.7,9.2,0,3.142,0.02,38.09571429,33.04142857,657.257,699.81,0.2,3.3,7.314285714
2020-02-10,4.1,5.8,0,3.248,0.02,38.09571429,33.03857143,661.282,700.533,1.7,-1.9,5.228571429
2020-02-17,6.1,8.7,0,3.046,0.026,38.03428571,33.03428571,719.567,725.285,23.2,3.4,9.957142857
2020-02-24,6.2,6.3,0,3.316,0.024,38.06714286,33.03714286,711.986,739.348,6.6,2.6,8.914285714
2020-03-02,7.4,6.5,0,3.416,0.04,38.23285714,33.17571429,893.191,1165.182,28.15,5.314285714,11.32857143
2020-03-09,8,6.3,0,3.136,0.024,38.16714286,33.06428571,631.666,809.965,0.05,4.928571429,11.02857143
2020-03-16,8.1,8,0,3.094,0.028,38.19571429,33.05857143,550.913,769.27,8.7,5.271428571,12.25714286
2020-03-23,9.9,11.6,0,2.892,0.026,38.19,33.10857143,482.901,712.298,0.2,9.028571429,15.27142857
2020-03-30,11.4,19,0,2.744,0.028,38.11142857,33.12142857,609.511,698.3,11.5,10.6,17
2020-04-06,10.5,10.7,0,2.476,0.024,38.14428571,33.16571429,697.468,802.836,0,9.585714286,17.54285714
2020-04-13,11,5.1,0,2.578,0.022,38.15142857,33.07428571,705.808,827.195,0,9.8,17.5
2020-04-20,12.1,6,0,2.4,0.026,38.15,33.04142857,704.327,824.17,26.1,12.44285714,18.9
2020-04-27,11.8,5.1,0,2.232,0.02,38.14857143,33.05142857,707.133,808.985,2.25,9.8,17.51428571
2020-05-04,16.4,6.2,0,2.228,0.026,38.16428571,33.05142857,715.871,845.665,0.05,18.1,23.71428571
2020-05-11,14.2,4.4,0,2.201,0.025,38.19428571,33.06857143,760.318,909.25,35.3,16.78571429,24.25714286
2020-05-18,15.5,3.4,0,2.154,0.026,38.20857143,33.15142857,795.925,993.487,62.45,17.35714286,23.27142857
2020-05-25,17.3,5.8,0,2.222,0.033,38.18571429,33.22,1330.883,1500.982,17.65,16.3,22.94285714
2020-06-01,18.7,4.3,0,2.104,0.027,38.19714286,33.21142857,831.449,1030.078,0.7,19.58571429,26
2020-06-08,19.7,5,0,2.024,0.028,38.15142857,33.08714286,731.793,873.74,0.5,22.91428571,28.61428571
2020-06-15,20.7,7.5,0,2.003,0.032,38.21285714,33.12571429,833.443,1013.392,20,24.82857143,29.81428571
2020-06-22,21.7,7.5,0,2.014,0.026,38.15857143,33.06857143,745.025,903.513,0,24.32857143,29.31428571
2020-06-29,20.5,6.7,0,2.072,0.028,38.19,33.1,770.499,948.735,44.95,23.04285714,29.25714286
2020-07-06,21.6,10,0,1.951,0.03,38.26857143,33.2,1029.921,1291.086,35.2,22.34285714,28.54285714
2020-07-13,,,,2.089,0.062,38.20142857,33.11428571,926.056,1126.562,66.45,23.28571429,29.14285714
2020-07-20,20.6,4.4,0,2.332,0.03,38.21857143,33.24571429,1578.134,1820.012,33.5,23.01428571,27.68571429
2020-07-27,,,,2.771,0.083,38.21,33.22571429,2699.65,3381.893,168.1,23.12857143,28.35714286
2020-08-03,,,,,,38.38,33.39285714,12369.737,12945.377,381.75,24.35714286,29.25714286
2020-08-10,,,,,,39.20285714,34.13285714,30177.435,32065.263,186.8,24.84285714,29.25714286
2020-08-17,,,,3.116,0.074,38.27714286,33.29142857,14687.084,16002.054,96.25,26.87142857,31.18571429
2020-08-24,,,,2.866,0.074,38.28285714,33.27857143,3544.363,4136.228,10.5,26.05714286,33.27142857
2020-08-31,,,,2.954,0.254,38.23428571,33.22571429,4227.332,5300.585,84.5,27.3,31.55714286
2020-09-07,,,,2.69,0.158,38.22428571,33.20571429,10755.95,12357.885,139.1,21.97142857,29.11428571
2020-09-14,21.6,3.1,0,2.625,0.075,38.32857143,33.31857143,3949.34,4755.864,41.45,20.68571429,26.62857143
2020-09-21,19.7,8.2,0,2.739,0.061,38.24857143,33.26714286,1236.808,1559.936,11.4,19.44285714,25.35714286
2020-09-28,20.9,11.1,0,2.423,0.038,38.14857143,33.15,945.251,1119.289,0,18.12857143,23.87142857
2020-10-05,20.1,15.4,0,2.332,0.031,38.06571429,33.07428571,631.327,721.239,7.15,17.3,23.41428571
2020-10-12,17.9,15.6,0,2.476,0.023,38.03714286,33.04,557.047,602.956,0,14.58571429,21.44285714
2020-10-19,15.1,8.3,0,2.503,0.024,38.02142857,33.02714286,494.645,539.118,0.05,10.71428571,19.68571429
2020-10-26,13.7,5.1,0,2.462,0.022,38.02428571,33.02571429,497.623,522.671,0,10.04285714,18.27142857
2020-11-02,13.7,4.5,0,2.632,0.019,38.02428571,33.02428571,469.879,500.952,1.25,10.62857143,17.02857143
2020-11-09,11.1,3.1,0,2.571,0.021,38.03,33.02714286,467.929,498.225,1.15,7.585714286,14.38571429
2020-11-16,12.6,5.1,0,2.241,0.017,38.03714286,33.03142857,610.076,622.746,0,7.757142857,15.54285714
2020-11-23,10.9,4.5,0,2.643,0.037,38.05714286,33.05428571,793.535,828.089,37.45,8.757142857,14.85714286
2020-11-30,7.6,3.8,0,2.685,0.023,38.02857143,33.02857143,692.423,710.08,0,1.742857143,8.914285714
2020-12-07,6.8,3.1,0,2.827,0.02,38.02857143,33.02714286,696.006,717.113,0,0.9,7.271428571
2020-12-14,,,,2.686,0.026,38.05714286,33.05428571,880.472,892.217,3.7,-0.157142857,6.828571429
2020-12-21,,,,2.986,0.026,38.04571429,33.06428571,812.463,832.581,0.6,-5.571428571,2.257142857
2020-12-28,,,,3.418,0.024,38.07285714,33.03571429,646.405,683.942,0.45,0.871428571,5.528571429
2021-01-04,,,,3.048,0.018,38.03,33.03285714,687.108,699.977,0.65,-5.542857143,0.942857143
2021-01-11,,,,,,38.03714286,33.03714286,653.381,661.587,1.1,-10.71428571,-1.471428571
2021-01-18,,,,,,38.03714286,33.02714286,628.952,640.143,3.25,-2.1,4.414285714
2021-01-25,5.1,2.2,0,2.696,0.016,38.03428571,33.02857143,634.935,648.399,6.4,1.685714286,6.314285714
2021-02-01,2.1,4,0,2.872,0.018,38.06714286,33.06571429,602.031,617.358,8.1,-0.328571429,6.428571429
2021-02-08,3.4,5.3,0,2.708,0.017,38.02571429,33.03142857,527.07,533.053,4,-0.528571429,7.157142857
2021-02-15,5.5,16.6,0,2.8,0.022,38.03,33.04142857,445.402,458.053,0.6,3.342857143,10.08571429
2021-02-22,5.2,15.7,0,2.776,0.024,38.01428571,33.01857143,513.946,519.566,2.7,0.871428571,8.157142857
2021-03-01,6.7,20.8,0,2.636,0.064,38.01,32.94714286,478.654,497.82,71.25,4.285714286,11.52857143
2021-03-08,8.1,36.3,0,2.916,0.046,38.06571429,33.06857143,901.718,972.451,0.6,4.8,12.14285714
2021-03-15,10,16.8,0,2.607,0.03,38.02285714,33.03428571,673.489,672.476,2.2,8.585714286,14.97142857
2021-03-22,11,30.7,0,2.715,0.037,38.02714286,33.11142857,646.701,634.787,5.75,9.185714286,16.11428571
2021-03-29,11.3,25.7,0,2.719,0.038,38.02285714,33.07,571.775,557.458,22.7,10.6,17.1
2021-04-05,11.8,14,0,2.999,0.063,38.11857143,33.19428571,873.814,933.563,48,12.92857143,18.75714286
2021-04-12,12.8,21,0,2.603,0.028,38.15857143,33.25857143,1059.571,1183.544,19.9,12.64285714,17.88571429
2021-04-19,12.9,23.5,0,2.471,0.029,38.05428571,33.11,799.651,867.162,3.8,10.27142857,18.57142857
2021-04-26,18.2,27.5,0,2.405,0.037,37.98142857,33.03428571,483.565,488.856,0.05,17.42857143,22.82857143
2021-05-03,14.9,21.9,0,2.419,0.033,38.03,33.03714286,722.522,742.132,26.2,13.34285714,20.81428571
2021-05-10,14.6,29,0,2.278,0.034,38.03285714,33.03857143,829.003,819.358,29.2,13.7,22.38571429
2021-05-17,,,,2.239,0.052,38.09428571,33.10857143,978.908,1025.948,58.2,19.08571429,24.12857143
2021-05-24,18.6,7.2,0,2.688,0.043,38.20857143,33.21428571,1195.064,1495.69,16.9,18.08571429,24.28571429
2021-05-31,,,,2.798,0.069,38.14571429,33.16857143,940.874,1079.068,57.05,16.12857143,24.54285714
2021-06-07,17.7,7.3,0,2.464,0.033,38.25,33.25142857,1226.932,1524.528,13.1,20.28571429,26.85714286
2021-06-14,20.6,15.2,0,2.309,0.032,38.19285714,33.22857143,1112.936,1394.118,17.95,23.81428571,28.34285714
2021-06-21,,,,2.437,0.021,38.29571429,33.28714286,1361.373,1654.146,2.75,22.28571429,27.87142857
2021-06-28,,,,2.457,0.03,38.28285714,33.28,1394.367,1709.368,5.5,22.55714286,27.3
2021-07-05,,,,2.749,0.082,38.22428571,33.21285714,1656.502,2086.268,92,23.35714286,28.58571429
2021-07-12,,,,3.216,0.348,38.23571429,33.20714286,3929.057,4962.392,48.55,25.07142857,29.58571429
2021-07-19,,,,2.648,0.084,38.25142857,33.28,1708.838,2310.574,3.7,27.02857143,32.65714286
2021-07-26,,,,2.41,0.038,38.29714286,33.29857143,1371.912,1747.214,0,28.45714286,33.61428571
2021-08-02,,,,2.295,0.048,38.23142857,33.27428571,1243.515,1723.555,11.5,28.22857143,33.6
2021-08-09,25.6,9.1,0,2.259,0.044,38.16714286,33.24142857,1132.131,1574.283,21.6,27.28571429,32.72857143
2021-08-16,24.7,7.3,0,2.33,0.032,38.11571429,33.22428571,983.294,1300.515,10.9,25.17142857,30.94285714
2021-08-23,22.4,4,0,2.368,0.034,38.14142857,33.23285714,998.486,1324.747,57.65,23.6,29.82857143
2021-08-30,22.2,1.8,0,2.644,0.072,38.27428571,33.28,2147.655,2405.493,26.75,22.84285714,28.5
2021-09-06,,,,2.598,0.05,38.26857143,33.25571429,4670.628,4845.802,141.55,21.08571429,26.8
2021-09-13,23.4,1.3,0,2.481,0.039,38.28857143,33.31142857,1969.402,2312.287,23.1,21.75714286,27.3
2021-09-20,21.1,5.9,0,,,38.20285714,33.25285714,1640.537,1843.839,1.1,21.17142857,26.57142857
2021-09-27,21.7,1.3,0,2.563,0.049,38.25857143,33.27714286,1872.107,2090.666,79.7,20.11428571,25.81428571
2021-10-04,22.4,1.6,0,2.505,0.035,38.19,33.21428571,1070.087,1343.164,26.15,20.14285714,25.84285714
2021-10-11,20.9,1.4,0,2.672,0.041,38.12285714,33.15,944.272,1094.926,28.7,19.8,24.74285714
2021-10-18,16.9,0.5,0,2.693,0.036,38.09142857,33.11,956.519,1067.713,2.25,13.64285714,19.61428571
2021-10-25,15.7,0.4,0,2.536,0.02,38.08,33.08,895.371,992.28,4,8.357142857,16.48571429
2021-11-01,16.3,0.7,0,2.458,0.016,38.06,33.08285714,836.184,900.272,0.05,10.75714286,18.71428571
2021-11-08,,,,2.441,0.019,38.05285714,33.07428571,664.875,733.958,26.4,10.2,17.37142857
2021-11-15,11.2,1,0,2.567,0.021,38.02142857,33.07714286,765.605,859.796,8.35,5.757142857,12.82857143
2021-11-22,,,,2.591,0.017,38.07571429,33.04428571,652.672,685.614,1.95,7.957142857,14.57142857
2021-11-29,8.3,0.5,0,2.531,0.011,38.03285714,33.05285714,645.105,657.278,0.8,2.571428571,9.5
2021-12-06,6.8,0.9,0,2.644,0.015,37.76571429,33.05857143,878.931,772.003,28.75,1.571428571,9.228571429
2021-12-13,7.3,0.9,20,2.736,0.012,37.6,33.03714286,749.667,689.926,0.3,2.8,10.35714286
2021-12-20,4.2,1.6,0,2.777,0.01,37.40857143,33.03857143,520.779,688.836,4.45,0.242857143,5.285714286
2021-12-27,1.6,1.4,0,2.797,0.012,37.42857143,33.07285714,541.973,645.959,0.45,-3.285714286,4.857142857
2022-01-03,,,,2.823,0.014,37.43428571,33.10285714,599.444,684.178,0.1,-3.885714286,3.128571429
2022-01-10,,,,2.818,0.013,37.43142857,33.07142857,540.659,642.637,0.15,-1.985714286,4.657142857
2022-01-17,,,,2.853,0.012,37.40857143,33.07285714,544.344,646.984,1.8,-4.785714286,2.271428571
2022-01-24,,,,2.766,0.014,37.21,33.06714286,620.285,628.962,1.5,-2.585714286,4.2
2022-01-31,,,,,,37.21428571,33.07285714,695.985,638.131,2.4,-1.171428571,5.557142857
2022-02-07,,,,2.625,0.01,37.19714286,33.06571429,706.805,630.399,1.2,-3.428571429,3.585714286
2022-02-14,4.9,3.8,0,2.833,0.016,37.02571429,33.06857143,761.576,641.353,0.6,1.228571429,7.142857143
2022-02-21,,,,,,37.03,33.03428571,750.667,653.59,0.2,-3.728571429,4.214285714
2022-02-28,5,5.4,0,2.718,0.017,37.60142857,33.04857143,596.63,598.695,3.5,0.757142857,7.242857143
2022-03-07,6.7,10.5,0,2.57,0.019,38.05285714,33.03,522.557,583.439,4,3.871428571,11.28571429
2022-03-14,8.7,18.8,0,2.59,0.029,38.04428571,33.03571429,532.693,565.903,40.7,8.842857143,15.67142857
2022-03-21,9.1,19.5,0,2.871,0.031,38.10142857,33.05142857,636.979,720.039,21.2,6.371428571,13.85714286
2022-03-28,10.1,12.5,0,3.045,0.031,38.15428571,33.07857143,683.458,776.347,35.3,7.957142857,14.8
2022-04-04,12.8,11.6,0,3.008,0.027,38.13571429,33.05857143,669.889,761.175,3.2,9.028571429,15.52857143
2022-04-11,15.7,15.6,0,2.594,0.027,38.09142857,33.04428571,615.258,669.946,0.15,14.08571429,19.97142857
2022-04-18,13.7,15.9,0,2.405,0.034,38.13,33.04142857,659.377,762.641,15.4,13.04285714,20.75714286
2022-04-25,16.4,12.5,0,2.578,0.027,38.08571429,33.02714286,595.292,651.87,1.4,16.17142857,22.81428571
2022-05-02,15.8,6.3,0,2.314,0.03,38.10428571,33.08285714,617.709,666.748,28.4,14.81428571,22.45714286
2022-05-09,18,4.3,0,2.286,0.022,38.08857143,33.06,666.723,670.974,2.9,16.38571429,23.38571429
2022-05-16,16.6,2.9,0,2.161,0.02,38.07428571,33.07571429,673.52,648.978,0.1,17.28571429,23.85714286
2022-05-23,19.7,5.1,0,2.252,0.023,38.06857143,33.07857143,661.426,654.243,0.3,20.1,27.41428571
2022-05-30,19.3,4.9,0,2.166,0.022,38.06428571,33.07142857,657.21,639.113,4.4,20.72857143,28.55714286
2022-06-06,19.8,1.8,0,2.136,0.025,38.04571429,33.03857143,637.68,612.456,19.3,20.71428571,27.47142857
2022-06-13,21.4,3.8,0,2.122,0.02,38.05428571,33.06285714,635.306,633.066,0.35,21.45714286,26.28571429
2022-06-20,19.4,6.2,0,2.035,0.019,38.06857143,33.05571429,635.134,622.389,25.8,21.44285714,27.8
2022-06-27,23.5,6.5,0,2.532,0.062,38.13171429,33.12828571,908.712,947.519,62,25.9,30.17142857
2022-07-04,26.7,4.2,0,3.439,0.092,38.21428571,33.22114286,2637.532,2663.215,131.6,26.68571429,30.28571429
2022-07-11,,,,2.7,0.063,38.22514286,33.22142857,1269.038,1308.04,31.35,27.3,31.75714286
2022-07-18,23.9,3.4,0,3.138,0.101,38.29971429,33.31428571,3222.532,3376.975,161.35,24.67142857,30.3
2022-07-25,,,,2.748,0.077,38.27857143,33.29142857,1714.796,1830.582,69.4,24.77142857,30.55714286
2022-08-01,23.9,4,0,2.656,0.041,38.29,33.33857143,2055.978,2235.956,38.4,27.45714286,32.12857143
2022-08-08,,,,2.796,0.042,38.32857143,33.25857143,3796.471,3947.961,104.3,28.05714286,32.08571429
2022-08-15,,,,2.863,0.121,38.62742857,33.61828571,26896.087,27904.864,305.5,25.55714286,30.82857143
2022-08-22,,,,2.979,0.092,38.27285714,33.30428571,9111.759,9081.348,16.8,26.1,30.68571429
2022-08-29,,,,2.871,0.049,38.28142857,33.26285714,3620.353,3616.065,4.9,21.62857143,28.48571429
2022-09-05,,,,2.863,0.106,38.29714286,33.30057143,8801.794,8559.3,187.45,21.31428571,26.65714286
2022-09-12,,,,3.344,0.066,38.29885714,33.316,6402.987,7233.399,64.5,21.18571429,27.1
2022-09-19,22.1,7.6,0,2.815,0.049,38.29714286,33.29,2349.317,2592.507,0.15,24.35714286,27.22857143
2022-09-26,21.2,22.3,0,2.627,0.026,38.05,33.06,744.693,711.017,0.6,16.85714286,24.72857143
2022-10-03,,,,2.703,0.061,38.05142857,33.04714286,636.355,629.447,29.9,17.88571429,25.84285714
2022-10-10,17.1,3.3,0,2.652,0.053,38.216,33.16428571,1205.747,1319.538,53.6,14.44285714,20.77142857
2022-10-17,18.1,3.4,0,2.657,0.033,38.126,33.10142857,791.302,833.678,0,13.38571429,20.74285714
2022-10-24,15.9,2.9,0,2.401,0.022,38.07771429,33.08057143,697.469,704.93,0,10.18571429,17.95714286
2022-10-31,16.1,4,0,2.446,0.016,38.04542857,33.06142857,654.415,643.018,0,11.31428571,17.54285714
2022-11-07,11.7,1.8,0,2.705,0.013,38.043,33.04948571,628.312,611.847,0,7.342857143,16.72857143
2022-11-14,14.2,1.1,0,2.554,0.025,38.08804286,33.10078571,684.556,689.066,25.3,10.85714286,17.22857143
2022-11-21,12.1,1.5,0,2.811,0.028,38.05492857,33.06635714,615.803,611.544,2.6,7.857142857,15.45714286
2022-11-28,,,,2.845,0.02,38.03155714,33.04428571,513.694,532.1,17.6,7.628571429,13.52857143
2022-12-05,5,1.4,0,2.99,0.019,38.05741429,33.07142857,668.483,657.091,2.2,-1.342857143,7.128571429
2022-12-12,4.9,1.6,0,3.071,0.016,38.02388571,33.05194286,556.342,540.949,3.5,0.314285714,6.5
2022-12-19,,,,,,38.03505714,33.04428571,534.18,515.497,5.8,-6.4,1.557142857
2022-12-26,,,,,,38.04364286,33.06234286,491.074,484.313,5.2,-7.914285714,1
2023-01-02,,,,,,38.05284286,33.07714286,496.224,507.177,0.3,-4.314285714,3
2023-01-09,,,,,,38.04948571,33.07857143,500.526,510.534,3.5,-2.328571429,4.9
2023-01-16,,,,,,38.15765714,33.11507143,561.08,647.556,38.55,1.1,8.228571429
2023-01-23,,,,,,38.1361,33.07091429,496.04,586.459,0.65,-2.671428571,2.428571429
2023-01-30,,,,,,38.11038571,33.06597143,440.764,500.81,1.3,-7.242857143,-0.142857143
2023-02-06,,,,,,38.10532857,33.06987143,432.626,480.979,0,-0.328571429,5.628571429
2023-02-13,,,,,,38.10494286,33.06,427.129,477.629,0.6,2.157142857,9.257142857
2023-02-20,,,,3.06,0.024,38.07221429,33.11571429,426.36,453.979,0,2.328571429,8.3
2023-02-27,6.1,22.1,0,2.981,0.025,38.03414286,33.03714286,467.225,483.874,0,1.585714286,8.342857143
2023-03-06,7.5,17.5,0,,,38.0861,33.07428571,599.061,612.327,0,5.042857143,13.05714286
2023-03-13,8.4,25.7,0,,,38.09024286,33.07428571,577.619,633.126,3.85,10.04285714,17.67142857
2023-03-20,8.8,13.2,0,,,38.08714286,33.07857143,611.529,645.359,0,7.5,14.98571429
2023-03-27,11.4,11.4,0,,,38.0813,33.13571429,591.751,613.336,0.8,12.18571429,18.3
2023-04-03,12.6,10.8,0,2.467,0.027,38.11584286,33.09571429,601.705,672.393,0,13.62857143,20.34285714
2023-04-10,11.4,15.1,0,2.529,0.032,38.12908571,33.05571429,623.659,743.276,37.9,10.91428571,18.3
2023-04-17,12.6,12.3,0,2.493,0.027,38.093,33.05285714,696.686,726.265,9.1,12.1,19.22857143
2023-04-24,13.7,18.8,0,2.408,0.027,38.1178,33.05987143,698.503,736.189,2.4,16.1,21.01428571
2023-05-01,13.3,13.2,0,2.415,0.02,38.0756,33.05714286,675.237,702.077,7.3,12.5,20.21428571
2023-05-08,,,,2.912,0.08,38.20648571,33.15935714,1356.924,1372.58,80.5,15.74285714,22.3
2023-05-15,17.5,25,0,2.499,0.038,38.16012857,33.07441429,961.589,970.001,0,17.91428571,23.94285714
2023-05-22,17.4,11.8,0,2.312,0.034,38.08285714,33.08,905.238,873.777,8.1,20.41428571,26.42857143
2023-05-29,17.8,8.2,0,2.444,0.059,38.16102857,33.1235,1128.037,1096.622,64.9,19.84285714,25.58571429
2023-06-05,19.6,17.9,0,2.429,0.034,38.13284286,33.11428571,1145.004,1111.722,15.6,21.67142857,26.85714286
2023-06-12,18.8,5.6,0,2.231,0.03,38.11611429,33.10714286,1075.606,1014.563,13.85,21.57142857,27.98571429
2023-06-19,20.7,9.6,0,2.002,0.024,38.08272857,33.07285714,1026.67,961.069,1.3,23.74285714,29.05714286
2023-06-26,,,,2.244,0.026,38.15792857,33.1534,1168.948,1104.558,94.3,23.6,28.9
2023-07-03,,,,2.366,0.049,38.26454286,33.26545714,4685.084,4721.928,46.6,26.24285714,29.65714286
2023-07-10,,,,2.532,0.138,38.28142857,33.31064286,4447.904,4723.362,92.25,24.88571429,30.34285714
2023-07-17,,,,,,39.75422857,34.6606,31973.642,33301.35,285.8,24.32857143,29
2023-07-24,,,,,,38.24064286,33.24507143,9062.638,9882.694,71.4,25.94285714,30.37142857
2023-07-31,,,,2.277,0.047,38.32467143,33.33142857,1851.025,1855.211,97.8,27.72857143,31.74285714
2023-08-07,27.7,16.8,0,1.817,0.041,38.14064286,33.13584286,1163.053,1183.855,23.7,28.77142857,33.5
2023-08-14,,,,2.68,0.088,38.2935,33.27035714,4778.28,4930.58,110.3,25.51428571,31.71428571
2023-08-21,26.2,21.9,0,2.202,0.036,38.17,33.17,1208.518,1238.518,0.05,27.8,31.65714286
2023-08-28,,,,2.269,0.065,38.21675714,33.20078571,3261.921,3192.091,86.5,25.05714286,30.45714286
2023-09-04,,,,2.449,0.057,38.3035,33.30584286,4477.478,4717.859,42.3,23.41428571,28.57142857
2023-09-11,25.8,28.8,0,2.004,0.034,38.15,33.14298571,1255.847,1212.738,0,24.31428571,29.31428571
2023-09-18,,,,2.602,0.086,38.27428571,33.28272857,2773.338,2822.436,57.75,22.72857143,27.47142857
2023-09-25,,,,2.553,0.058,38.26571429,33.26298571,5511.356,5244.227,63.9,19.77142857,26.45714286
2023-10-02,19.8,3.3,0,2.721,0.035,38.32507143,33.30142857,3792.106,3624.538,37.4,19.18571429,24.57142857
2023-10-09,,,,2.551,0.032,38.29285714,33.22142857,1352.726,1347.255,18.75,14.45714286,21.97142857
2023-10-16,18.7,2.9,0,2.555,0.021,38.24857143,33.16507143,1192.144,1220.808,1.4,14.42857143,21.41428571
2023-10-23,16.3,1.5,0,2.549,0.02,38.19,33.08857143,941.504,991.37,17.1,11.27142857,19.22857143
2023-10-30,16.9,2.9,0,2.42,0.022,38.17142857,33.07428571,912.955,934.958,1.5,12.21428571,20.12857143
2023-11-06,,,,2.572,0.038,38.1661,33.10428571,885.243,866.737,78.4,16.11428571,19.87142857
2023-11-13,10.7,1.2,0,2.542,0.026,38.11571429,33.13285714,1051.461,980.121,1.8,4.942857143,13.27142857
2023-11-20,8.4,1.8,0,2.828,0.021,38.05142857,33.05714286,641.246,595.329,6.4,3.814285714,10.68571429
2023-11-27,,,,2.715,0.018,38.05285714,33.06091429,596.528,559.966,8,3.671428571,10.05714286
2023-12-04,4.4,1.1,0,2.969,0.016,38.04428571,33.07454286,558.583,536.794,0.6,-0.571428571,7.614285714
2023-12-11,,,,3.145,0.02,38.04428571,33.05714286,470.216,490.2,19.5,6.914285714,11.94285714
2023-12-18,,,,3.992,0.174,38.16155714,33.19,1587.606,1545.103,57.9,0.442857143,7.314285714
2023-12-25,,,,,,38.06285714,33.0674,842.162,776.802,2.7,-6.8,0.557142857
