Date,WT_YPB,Chla_YPB,Cyanocell_YPB,TN_YPB,TP_YPB,WL_UP_YJB,WL_YPB,Discharge_UP_YJB,Discharge_YPB,Prec_YPB,Temp_YPB,Forecast_Temp_YPB
2012-01-09,2.6,1.1,0,3.137,0.037,33.16,28.04714286,0,0,0.1,-5.1,4
2012-01-16,3.2,2.8,0,3.302,0.037,33.19714286,28.10285714,0,0,0.1,-3.757142857,4.357142857
2012-01-23,1.8,3.9,0,2.884,0.035,33.12142857,28.03285714,0,0,0.35,-0.128571429,5.814285714
2012-01-30,0.4,5.1,0,2.948,0.028,33.20714286,27.96,0,0,0.1,-4.828571429,1.657142857
2012-02-06,1.2,6.6,0,2.863,0.037,33.19857143,28.06428571,0,0,7.05,-7.328571429,1.528571429
2012-02-13,4.3,7.2,0,2.761,0.035,33.23428571,28.1,0,0,0.05,-3.857142857,2.471428571
2012-02-20,3.6,5.4,0,2.85,0.031,33.23285714,28.04571429,0,0,0,-2.542857143,4.157142857
2012-02-27,4.9,6.7,0,2.647,0.027,33.20428571,28.03285714,0,0,0.1,1.8,8.214285714
2012-03-05,6.3,9.4,0,2.774,0.041,33.20285714,28.08857143,0,0,4.45,5.214285714,8.885714286
2012-03-12,6.4,7.8,0,2.559,0.028,33.17428571,28.09285714,0,0,6.5,2.371428571,9.071428571
2012-03-19,8.5,17.5,0,2.508,0.04,33.15285714,28.08571429,0,0,8.5,5.142857143,10.55714286
2012-03-26,6.9,13,0,2.765,0.043,33.20428571,28.10428571,0,0,23.6,4.628571429,10.22857143
2012-04-02,8.8,6.8,0,4.234,0.118,33.12857143,28.14571429,0,0,16.9,7.871428571,13.41428571
2012-04-09,9.5,7.9,0,2.427,0.031,33.07714286,27.82,0,0,46,8.257142857,14.22857143
2012-04-16,13.3,6,0,2.55,0.033,33.15142857,27.04142857,0,0,9,11.98571429,18.68571429
2012-04-23,12.5,13.9,0,3.086,0.059,33.17714286,27.22428571,0,0,54.5,13.68571429,19.51428571
2012-04-30,16.05,18.5,0,2.752,0.043,33.10857143,27.74428571,0,0,26.5,16.24285714,21.78571429
2012-05-07,17.8,43.5,0,2.506,0.039,33.15714286,28.20571429,0,0,7.5,18.94285714,24.07142857
2012-05-14,16.5,41.3,0,2.616,0.045,33.13857143,28.20428571,0,0,15,17.67142857,23.9
2012-05-21,22,49.5,0,2.464,0.048,33.14285714,28.04571429,0,0,1.5,17.81428571,24.38571429
2012-05-28,18.8,41.6,0,2.399,0.04,33.27142857,28.15714286,0,0,9.1,19.81428571,27.25714286
2012-06-04,22.1,43.4,0,2.451,0.038,33.25428571,28.08142857,0,0,0.6,20.7,27.17142857
2012-06-11,23.6,38.5,0,2.37,0.039,33.23714286,28.05142857,243.504,207.767,8.05,23.24285714,28.12857143
2012-06-18,27.4,49.4,0,2.414,0.046,33.17571429,28.08285714,0,0,0.45,23.2,27.85714286
2012-06-25,23.7,46.2,0,2.488,0.051,33.02,28.06285714,0,0,0,25.5,28.6
2012-07-02,24.4,40.7,0,2.733,0.089,33.10428571,28.12285714,0,0,94.7,24.04285714,27.5
2012-07-09,19.7,6.6,0,3.229,0.096,33.14,28.20857143,0,0,174,24.27142857,27.98571429
2012-07-16,23.1,2.7,0,2.384,0.548,32.96285714,28.12714286,3889.762,5510.576,116.5,23.68571429,27.42857143
2012-07-23,26.2,8.8,0,3.433,0.08,33.00285714,28.05571429,4395.813,6393.544,73.3,25.88571429,28.91428571
2012-07-30,28.8,42.9,0,2.506,0.032,33.06,28.08428571,1407.674,1929.767,4.5,27.65714286,33.22857143
2012-08-06,29.1,23.6,0,2.584,0.036,33.17857143,28.17285714,1081.277,1353.51,0,29.97142857,33.15714286
2012-08-13,23.8,5.4,0,2.603,0.135,33.16,28.24428571,2819.636,3240.421,65.5,26.57142857,31.45714286
2012-08-20,23.6,1.3,0,2.64,0.258,33.19571429,28.10285714,5479.72,5754.73,196.05,25.77142857,30.05714286
2012-08-27,22.1,2.8,0,3.155,0.15,33.12428571,27.90285714,6571.303,7630.444,121.5,24.61428571,30.25714286
2012-09-03,22.4,4.4,0,3.34,0.356,32.96428571,27.97571429,7382.177,7764.244,78.1,24.4,29.14285714
2012-09-10,20.9,2.5,0,3.257,0.067,32.98571429,28.08,6342.123,6963.659,89.5,20.65714286,27.27142857
2012-09-17,19.7,1.7,0,2.934,0.119,32.89285714,27.79571429,5387.203,5331.852,68,19.37142857,25.28571429
2012-09-24,22,4.3,0,2.963,0.051,33.18285714,28.30428571,3147.091,3777.77,0.05,18.7,25.14285714
2012-10-01,21.5,3.7,0,2.492,0.036,33.23857143,28.3,2736.029,3009.302,1.5,16.42857143,24.74285714
2012-10-08,18.2,5.9,0,2.73,0.028,33.11857143,28.17428571,1438.479,1853.442,0,16.3,24.07142857
2012-10-15,15.5,0.8,0,2.848,0.03,33.08857143,28.12,1193.65,1516.636,1,12.21428571,21.92857143
2012-10-22,15.4,7.9,0,3.013,0.054,33.04857143,28.06428571,1127.765,1309.168,49,12.44285714,20.62857143
2012-10-29,15.1,12.7,0,2.68,0.063,33.10142857,28.17428571,1349.433,1780.251,37.1,11.68571429,18.34285714
2012-11-05,11.7,2.2,0,2.937,0.042,33.05142857,28.11857143,1088.376,1480.585,10,7.114285714,14.37142857
2012-11-12,9.4,1.6,0,2.967,0.054,33.06285714,28.11428571,1098.243,1490.775,39.5,8,13.74285714
2012-11-19,7.5,0.8,0,3.196,0.045,33.12857143,28.17714286,1509.7,1596.164,14.2,3.228571429,10.94285714
2012-11-26,6.4,1.5,0,3.214,0.033,33.04714286,28.11857143,1155.655,1277.987,0.7,2.2,10.18571429
2012-12-03,4.3,1.8,0,3.262,0.032,33.02285714,28.11571429,1172.443,1262.245,10.5,0.557142857,7.085714286
2012-12-10,1.7,1.2,0,3.485,0.04,33.09142857,28.13,1207.702,1288.971,9.5,-6.842857143,3.685714286
2012-12-17,3.6,2.5,0,3.536,0.059,33.11285714,28.18428571,1186.364,1297.473,25.2,-3.471428571,5.028571429
2012-12-24,0.4,1.7,0,2.797,0.022,33.13,28.18142857,1547.719,1479.384,0.5,-5.557142857,2.571428571
2012-12-31,0.5,1.7,0,2.658,0.018,33.09142857,28.17714286,1323.103,1408.081,6.2,-6.971428571,0.942857143
2013-01-07,1.4,1.9,0,2.83,0.021,33.09857143,28.19,1329.621,1507.691,1.5,-10.45714286,-0.085714286
2013-01-14,2.4,2.6,0,2.742,0.016,33.06714286,28.14714286,1199.858,1371.055,0,-6.128571429,3.157142857
2013-01-21,3.4,6.4,0,3.364,0.133,33.08714286,28.15571429,1258.103,1322.991,23.5,-3.128571429,3.9
2013-01-28,1.4,3.1,0,3.644,0.04,33.15714286,28.21857143,1702.152,1615.074,2.5,-3.942857143,3.371428571
2013-02-04,2.8,5.8,0,3.574,0.09,33.22,28.31714286,1929.291,1803.155,55,1.814285714,6.628571429
2013-02-11,2.6,3.8,0,3.192,0.05,33.12857143,28.18571429,1492.658,1477.273,8.5,-6.2,2.385714286
2013-02-18,3.8,4.1,0,3.554,0.096,33.11,28.14,1436.864,1414.412,0,-1.128571429,4.8
2013-02-25,4.2,3.3,0,3.198,0.044,33.19,28.19285714,1731.821,1494.675,2.5,-0.985714286,5.9
2013-03-04,5.8,4,0,2.594,0.032,33.16142857,28.16857143,1377.837,1501.282,6.5,2.557142857,9.714285714
2013-03-11,7.8,11.8,0,2.736,0.066,33.04714286,28.10285714,935.865,1184.516,1,5.657142857,14.37142857
2013-03-18,8.8,5.7,0,2.982,0.054,33.17571429,28.20428571,1719.99,1680.389,42.5,6.385714286,13
2013-03-25,7.9,4.5,0,2.824,0.04,33.22,28.31571429,2268.523,1999.213,0.1,4.842857143,13.07142857
2013-04-01,8,7.9,0,3.222,0.046,33.17142857,28.31142857,2367.98,2135.784,0.5,6.6,13.85714286
2013-04-08,7.9,4.5,0,2.616,0.044,33.19101429,28.22142857,2475.157,2368.782,26,8.957142857,15.81428571
2013-04-15,11.5,10.9,0,2.814,0.042,33.12,28.18714286,1402.547,1450.305,5.3,7.085714286,15.02857143
2013-04-22,11.2,16.3,0,2.782,0.034,32.95,28.16571429,1153.668,1286.925,8.5,11.14285714,17.22857143
2013-04-29,13.7,17.5,0,,,32.98428571,28.20714286,1165.093,1308.018,31.5,12.11428571,18.67142857
2013-05-06,15.6,9,0,2.318,0.024,33.07428571,28.22714286,1344.052,1412.714,2.1,13.44285714,19.77142857
2013-05-13,17.2,20.1,0,2.481,0.05,33.09571429,28.26142857,1558.542,1524.474,23,18.14285714,23.92857143
2013-05-20,15,10.9,0,2.437,0.056,33.12285714,28.26571429,1667.705,1631.075,37,18.54285714,25.22857143
2013-05-27,17.2,9.9,0,2.735,0.112,33.08571429,28.16,1547.76,1720.05,44.5,20.51428571,27.88571429
2013-06-03,19.7,10.2,0,2.506,0.059,33.09,28.16142857,2005.696,2254.731,19.5,19.84285714,25.45714286
2013-06-10,20.2,15.8,0,2.374,0.041,33.10428571,28.15142857,1527.425,1767.259,0,23.95714286,29.25714286
2013-06-17,20,6.2,0,3.262,0.174,33.11571429,28.18428571,1610.563,1704.646,6.5,23.37142857,28.3
2013-06-24,21.4,6.2,0,2.422,0.053,33.14142857,28.14142857,3403.278,3662.266,47.25,23.87142857,27.97142857
2013-07-01,23.5,5.6,0,2.48,0.072,33.12714286,28.09857143,2578.193,2717.863,34,24.84285714,29.25714286
2013-07-08,23,1.9,0,2.516,0.11,33.02285714,28.01428571,2480.402,2789.805,83,25.24285714,27.64285714
2013-07-15,20.5,1.7,0,,,33.19285714,28.26428571,5341.559,5810.354,345.5,24.85714286,30.34285714
2013-07-22,19.9,2,0,3.17,0.344,32.53,27.32714286,13286.921,13516.287,211.7,25.91428571,30.52857143
2013-07-29,22.1,1.9,0,2.743,0.11,32.6,27.06142857,10329.77,9574.646,81.1,25.82857143,30.2
2013-08-05,24.7,1.5,0,2.636,0.102,33.12142857,28.07285714,6611.757,7059.144,83.9,26.22857143,31.21428571
2013-08-12,28,1.9,0,3.016,0.084,33.18,28.26428571,3167.545,3881.211,59,27.17142857,33.81428571
2013-08-19,27.1,28.9,279,2.475,0.046,33.16142857,28.24857143,1690.787,1968.456,2,27.62857143,34.1
2013-08-26,26.9,13.5,0,2.374,0.073,33.19857143,28.20142857,2279.586,2338.028,51,25.98571429,31.37142857
2013-09-02,23.5,12.4,0,2.395,0.069,33.07857143,28.18285714,2014.281,1965.528,19.5,23.44285714,29.14285714
2013-09-09,21.5,10.4,14,2.571,0.087,33.2,28.20571429,1506.617,1368.403,0.1,20.22857143,27.54285714
2013-09-16,23.2,5.3,0,3.082,0.172,33.17428571,28.16428571,3105.294,3707.146,174,21.47142857,27.37142857
2013-09-23,21.5,5.1,0,2.481,0.041,33.14428571,28.16285714,1630.647,1784.949,0,21.52857143,27.87142857
2013-09-30,19.7,3.1,0,,,33.11714286,28.11428571,1408.08,1584.804,31,17.92857143,24.64285714
2013-10-07,21.2,5.9,0,2.839,0.06,33.11285714,28.15285714,1249.267,1467.451,0.3,18.1,24.3
2013-10-14,19.5,3.9,0,2.44,0.05,33.12285714,28.21571429,1020.322,1303.853,14,17.4,23.75714286
2013-10-21,18.1,1.7,0,2.634,0.039,33.12571429,28.17857143,909.983,1114.646,0.5,12.4,20.32857143
2013-10-28,15.9,2,0,2.211,0.026,33.21714286,28.13428571,736.709,1070.067,0,10.77142857,19.25714286
2013-11-04,15.2,1.9,0,2.73,0.037,33.18285714,28.13285714,658.382,993.169,11.5,10.78571429,18.7
2013-11-11,11.7,1.2,0,2.52,0.032,33.17,28.12285714,611.083,929.114,6.6,8.157142857,16.3
2013-11-18,7.9,1.2,0,2.491,0.024,33.15571429,28.09142857,683.495,981.863,7.3,4.142857143,12.4
2013-11-25,7.2,1.8,0,2.59,0.024,33.17857143,28.13857143,733.384,1052.473,39.5,2.728571429,10.14285714
2013-12-02,7.3,2,0,2.922,0.025,33.14857143,28.15857143,631.432,1102.541,10.5,5.15E-17,7.842857143
2013-12-09,6.9,1.8,0,3.778,0.045,33.16142857,28.08714286,764.792,804.495,13.5,2.642857143,9.757142857
2013-12-16,4.6,1.5,0,2.973,0.024,33.15285714,28.12428571,956.184,865.086,7.55,-4.014285714,5.214285714
2013-12-23,3,1.8,140,2.94,0.028,33.16857143,28.10285714,806.477,789.671,0.8,-2.228571429,4.657142857
2013-12-30,,,,,,33.19,28.11857143,789.027,838.727,0.1,-3.371428571,4.757142857
2014-01-06,4.5,5,0,2.789,0.023,33.23,28.14571429,883.374,939.223,0,0.6,6.542857143
2014-01-13,1.7,5.7,0,2.454,0.015,33.13,28.13,884.156,966.199,0,-3.314285714,4.357142857
2014-01-20,2.5,8.1,0,3.222,0.027,33.11714286,28.13571429,848.296,949.552,9,-3.414285714,4.371428571
2014-01-27,4.7,9.3,0,2.745,0.025,33.10857143,28.12285714,864.623,958.899,3.9,-2.4,6.542857143
2014-02-03,0.8,8.3,0,3.64,0.074,33.08571429,28.13571429,851.067,968.649,17.2,0.914285714,8.985714286
2014-02-10,4.2,8,0,3.029,0.036,33.08285714,28.08285714,670.647,764.949,4.5,-1.657142857,4.342857143
2014-02-17,5.7,13.2,0,3.007,0.044,33.05428571,28.04285714,632.367,699.621,0,1.414285714,6.071428571
2014-02-24,6.1,13.4,0,2.92,0.035,33.05571429,28.05857143,599.831,688.413,0,1.3,8.271428571
2014-03-03,8.3,22.5,0,2.791,0.037,33.03571429,28.04857143,592.955,659.868,0,5.528571429,11.32857143
2014-03-10,6.6,23.3,0,2.897,0.037,33.05428571,28.02857143,576.563,646.728,1,1.842857143,9.485714286
2014-03-17,10.1,23.5,0,2.839,0.021,33.05285714,28.03285714,645.846,708.598,3.7,5.928571429,12.24285714
2014-03-24,11.5,18.6,0,2.818,0.05,33.05714286,28.02428571,659.945,731.171,2,8.157142857,15.54285714
2014-03-31,15.5,25.2,0,2.423,0.054,33.05,28.01857143,618.547,680.581,5,14.18571429,19.21428571
2014-04-07,10.9,20.2,0,2.334,0.035,33.10142857,28.09857143,1019.967,1036.558,6,9.742857143,18.24285714
2014-04-14,13.4,8.6,0,2.198,0.021,33.11714286,28.09857143,1130.425,1201.563,0,13.67142857,19.27142857
2014-04-21,15.1,10,0,2.231,0.017,33.08,28.09571429,977.498,1028.355,5.6,14.4,20.65714286
2014-04-28,16,3.9,0,2.618,0.081,33.05428571,28.02857143,776.819,809.234,19.5,16.05714286,22.65714286
2014-05-05,15.8,6.3,0,2.099,0.034,33.06428571,28.01571429,895.853,941.72,2,14.38571429,21.85714286
2014-05-12,16.8,3,0,2.418,0.061,33.06857143,28.07857143,923.069,956.073,48.4,15.7,22.67142857
2014-05-19,20,8.7,0,2.267,0.041,33.04285714,28.05857143,909.064,926.087,0.1,19.2,25.67142857
2014-05-26,20.2,13.1,0,2.027,0.043,33.02571429,28.00428571,849.842,875.08,10,20.71428571,27.1
2014-06-02,21.8,25.7,0,2.067,0.042,33.02857143,27.97857143,824.596,859.8,1,23.28571429,29.08571429
2014-06-09,22.7,23,0,2.414,0.055,33.01857143,28.03571429,757.063,770.828,19.55,22.48571429,26.61428571
2014-06-16,24.2,29.8,0,2.027,0.042,33.02428571,28.04428571,820.173,838.449,2.1,22,26.85714286
2014-06-23,23.8,15.1,0,2.006,0.071,33.04285714,28.05428571,695.947,702.917,74,22.72857143,27.97142857
2014-06-30,27,54,0,1.734,0.054,33.03571429,28.05714286,757.299,785.54,0.4,24.02857143,28.94285714
2014-07-07,25.9,33.7,0,1.641,0.044,33.03,28.02285714,658.439,673.14,1.5,24.9,28.75714286
2014-07-14,27.5,40.8,0,1.572,0.036,33.04285714,28.02714286,640.299,641.774,9,26.48571429,29.82857143
2014-07-21,27,29.6,0,2.018,0.039,33.05,28.06142857,689.013,653.901,0.3,26.62857143,30.57142857
2014-07-28,26.5,7.5,0,2.331,0.07,33.05714286,28.11142857,778.789,846.404,135,24.32857143,30.51428571
2014-08-04,26.9,9.4,0,1.904,0.046,33.03714286,28.06571429,639.38,676.144,35.1,26.85714286,31.08571429
2014-08-11,24,2.5,0,2.485,0.154,33.14,28.21857143,1137.669,1162.593,67.5,24.71428571,30.25714286
2014-08-18,23.6,2.4,0,2.188,0.068,33.10571429,28.18428571,1093.03,1116.199,19.5,23.34285714,29.18571429
2014-08-25,24.3,1.1,0,3.169,0.065,33.18857143,28.22428571,2480.561,2816.303,89.5,23.94285714,27.88571429
2014-09-01,23.7,3,0,2.726,0.041,33.12857143,28.19428571,1164.596,1220.758,6.5,22.91428571,27.77142857
2014-09-08,23.5,5.1,120,2.042,0.036,33.15428571,28.22285714,1285.951,1418.927,58.5,22.38571429,27.61428571
2014-09-15,23.1,2,0,2.487,0.027,33.05142857,28.08571429,933.073,928.403,0,20.87142857,27.47142857
2014-09-22,21,1.4,0,2.355,0.028,33.03428571,28.00571429,920.881,958.138,0,18.44285714,26.07142857
2014-09-29,20.9,2.4,69,2.548,0.068,33.13142857,28.12714286,1325.98,1336.726,18.1,19.81428571,25.65714286
2014-10-06,19,2.4,0,2.759,0.039,33.06571429,28.06285714,986.664,964.394,1.1,16.77142857,24.24285714
2014-10-13,18.1,3.5,0,2.608,0.041,33.01714286,28.03714286,886.253,857.785,0,16.18571429,23.98571429
2014-10-20,14.7,1.5,0,2.961,0.138,33.03428571,28.06285714,885.601,865.272,28.5,11.87142857,20.81428571
2014-10-27,15.9,0.7,0,2.803,0.074,33.23714286,28.26142857,2130.839,2252.019,33.5,12.22857143,20.07142857
2014-11-03,12.9,0.5,0,2.493,0.032,33.13142857,28.15571429,1109.133,1115.565,6,10.5,18.38571429
2014-11-10,12.8,0.6,0,2.664,0.028,33.08,28.10571429,1064.606,1074.407,0,8.328571429,16.04285714
2014-11-17,9.6,0.4,0,2.944,0.025,33.04285714,28.05428571,916.02,926.544,5.7,4.314285714,13.35714286
2014-11-24,10,1.5,0,2.583,0.015,33.02714286,28.05,893.633,879.2,3.5,5.457142857,13.71428571
2014-12-01,3.8,0.2,0,2.579,0.013,33.03285714,28.05857143,883.975,885.639,23.2,6.685714286,12.38571429
2014-12-08,3.9,0.4,0,2.309,0.009,33.04285714,28.05285714,917.792,918.131,0.1,-3.9,4.057142857
2014-12-15,4,0.5,0,2.431,0.02,33.03285714,28.07714286,883.809,859.292,7.8,-2.328571429,4.585714286
2014-12-22,1.9,2.6,0,2.388,0.019,33.02857143,28.07428571,863.976,895.233,5.1,-6.585714286,2.642857143
2014-12-29,3,1.5,0,2.361,0.009,33.04142857,28.06,851.483,883.025,0.1,-2.728571429,5.671428571
2015-01-05,2.6,0.9,0,2.514,0.01,33.03142857,28.05142857,807.273,818.585,1.1,-2.985714286,4.414285714
2015-01-12,2.2,3,0,2.705,0.016,33.03571429,28.04142857,794.554,800.694,1.5,-3.285714286,5.257142857
2015-01-19,2.9,1.8,0,2.6,0.017,33.04428571,28.02571429,740.349,779.605,5.5,-0.671428571,6.357142857
2015-01-26,4.4,3.2,0,2.977,0.018,33.02428571,28.03714286,767.197,811.807,5.5,0.971428571,7.071428571
2015-02-02,3.3,2.1,0,2.893,0.019,33.03571429,28.03142857,767.995,805.699,0,-2.328571429,5.657142857
2015-02-09,1.5,3.9,0,2.87,0.023,33.02571429,28.04285714,746.399,770.002,0,-2.328571429,5.585714286
2015-02-16,4.1,3.6,0,2.786,0.017,33.03714286,28.04857143,721.873,771.291,9,1.571428571,7.014285714
2015-02-23,5.9,5.6,0,2.783,0.022,33.03714286,28.04857143,756.809,798.658,13,2.671428571,8.642857143
2015-03-02,5.6,5.1,0,3.042,0.024,33.03285714,28.09857143,814.33,809.378,0.5,2.257142857,7.371428571
2015-03-09,6.6,3.6,0,2.489,0.019,33.02714286,28.09571429,788.9,775.705,2.5,2.428571429,9.114285714
2015-03-16,7.3,5.5,0,2.717,0.022,33.02,28.07571429,774.629,769.555,2,2.971428571,10.72857143
2015-03-23,9.1,4.8,0,2.865,0.026,33.04571429,28.09857143,920.489,920.854,4.5,9.685714286,16.27142857
2015-03-30,12,13.4,0,2.497,0.031,33.02,28.07,754.476,777.255,0,8.928571429,16.44285714
2015-04-06,11.8,9.7,0,3.348,0.061,33.10285714,28.16428571,954.356,936.368,43.6,12.1,18.15714286
2015-04-13,12.3,7.5,0,2.902,0.029,33.06714286,28.10571429,913.436,889.575,5.5,10.84285714,16.38571429
2015-04-20,12.3,5.6,0,2.584,0.031,33.06714286,28.08142857,893.12,945.689,45,10.62857143,18.67142857
2015-04-27,18.1,7.1,0,2.564,0.034,33.08571429,28.11714286,1011.804,1025.552,0,15.07142857,22.57142857
2015-05-04,18.9,5.3,0,2.294,0.034,33.04285714,28.08285714,818.604,804.42,6.5,18.97142857,25.2
2015-05-11,18.5,5.7,0,2.362,0.03,33.02142857,28.06857143,786.221,789.983,17,16.68571429,24.02857143
2015-05-18,19.7,4.9,0,2.293,0.033,33.03285714,28.04571429,817.625,834.96,12,18.14285714,24.51428571
2015-05-25,22.1,13.4,0,1.994,0.024,33.03285714,28.02857143,623.117,659.731,1,18.85714286,26.8
2015-06-01,23.6,53.7,0,1.871,0.029,33.02142857,28.02,437.975,465.034,0.1,21.8,29.22857143
2015-06-08,23.3,38.4,0,1.997,0.036,33.02571429,28.00857143,300.442,292,1,21.48571429,29.3
2015-06-15,26.4,37.8,0,1.627,0.041,33.04142857,28.01285714,235.086,226.425,21.3,24.02857143,28.64285714
2015-06-22,26.6,40,78,1.68,0.058,33.02571429,28.02285714,371.134,396.483,41.05,23.17142857,28.15714286
2015-06-29,27.4,52.2,0,1.544,0.045,33.03857143,28.02142857,500.577,526.907,20.7,24.3,27.42857143
2015-07-06,28,16.9,250,1.52,0.038,33.01428571,28.00857143,316.052,309.131,0.2,23.55714286,28.1
2015-07-13,26.9,12.7,0,1.833,0.051,33.01714286,28.02142857,290.807,300.406,35.55,25.15714286,27.77142857
2015-07-20,26.6,20.1,184,1.664,0.04,33.01714286,28.01714286,280.548,279.792,14.55,24.87142857,29.35714286
2015-07-27,25.7,1.8,0,2.87,0.115,33.1,28.14857143,1408.908,1740.84,150.5,26.48571429,29.41428571
2015-08-03,28.1,8.6,0,2.642,0.165,33.12571429,28.12285714,886.99,977.222,21,27.58571429,31.55714286
2015-08-10,30.4,37.1,0,1.841,0.084,33.01142857,28.01714286,571.662,633.633,13.5,27.77142857,32.65714286
2015-08-17,29.1,32.5,206,1.549,0.045,33.00857143,28.00285714,413.766,443.752,46.5,25.81428571,29.91428571
2015-08-24,26.2,22.4,392,1.557,0.055,33.00285714,28.00571429,382.696,420.528,2.3,24.94285714,29.21428571
2015-08-31,27.7,32.9,0,1.259,0.034,33.01428571,28.00285714,355.323,389.887,9,22.92857143,28.01428571
2015-09-07,25.3,33.9,0,1.465,0.047,33.00857143,28.00857143,374.937,429.287,31.4,22.58571429,27.38571429
2015-09-14,24.1,24.4,0,1.493,0.032,32.99857143,27.99,327.151,340.176,4.5,19.61428571,26.61428571
2015-09-21,25,23,0,1.445,0.027,32.98857143,27.99714286,307.167,327.387,0,19.88571429,26.11428571
2015-09-28,21.5,7.7,0,1.52,0.029,33.00142857,27.99428571,301.713,305.556,0,19.57142857,25.92857143
2015-10-05,20.3,5,0,1.889,0.041,32.99571429,27.99428571,319.021,324.023,22.4,17.01428571,24.01428571
2015-10-12,17.3,13.3,0,1.849,0.022,32.99285714,27.99142857,280.195,276.579,12,13.97142857,22.35714286
2015-10-19,18.4,9.2,0,1.905,0.019,33.00571429,27.99285714,291.719,281.051,0,14.64285714,22.74285714
2015-10-26,17.4,6.9,0,2.071,0.026,32.99857143,28.01285714,410.421,390.553,6.1,15.15714286,22.04285714
2015-11-02,12.4,2.3,0,2.09,0.028,33.00857143,28.01714286,414.485,410.848,16,7.742857143,16.48571429
2015-11-09,12.9,2.7,0,1.944,0.028,33.00428571,28.03285714,342.867,342.202,39.5,10.72857143,17.37142857
2015-11-16,13.8,1.8,0,2.589,0.048,32.99571429,28.03857143,396.389,421.567,51.6,11.41428571,15.87142857
2015-11-23,11.9,2.7,0,2.763,0.064,33.02,28.03142857,452.273,478.155,19.9,10.42857143,14.14285714
2015-11-30,7.8,1.6,0,3.098,0.047,33.01857143,28.03428571,433.799,445.441,15.7,1.985714286,8.342857143
2015-12-07,5.6,2.5,0,3.01,0.034,33.02714286,28.01714286,427.211,474.37,20.5,1.528571429,8.328571429
2015-12-14,6.3,7.6,0,3.669,0.028,33.02142857,28.01,389.925,428.805,4,3.628571429,9.728571429
2015-12-21,4.6,9.9,0,3.64,0.029,33.02714286,28.01714286,360.937,401.065,3.6,-0.757142857,6.4
2015-12-28,2.3,6.9,0,3.696,0.027,33.01571429,28.02714286,336.672,378.612,0.5,0.057142857,6.928571429
2016-01-04,3.2,5.9,0,3.752,0.024,33.03,28.03428571,342.754,381.291,1.1,0.314285714,6.228571429
2016-01-11,3.4,7.8,0,3.392,0.021,33.02142857,28.02285714,402.254,444.241,0,-2.242857143,4.485714286
2016-01-18,2,5.2,0,3.082,0.016,33.02714286,28.02857143,392.73,431.526,0.4,-3.171428571,3.185714286
2016-01-25,,,,,,33.01857143,28.04571429,489.972,509.474,0,-10.12857143,0.157142857
2016-02-01,,,,,,33.02142857,28.02,524.156,555.554,0,-2.5,4.071428571
2016-02-08,4.2,7.9,0,2.841,0.03,33.02428571,28.03,556.009,581.704,0.3,-3.485714286,4.742857143
2016-02-15,3.2,14.1,0,2.816,0.046,33.01571429,28.02142857,564.24,605.065,22.7,2.471428571,9.257142857
2016-02-22,4.1,27.8,0,3.424,0.038,33.02142857,28.02,326.703,358.217,0.4,0.485714286,6.1
2016-02-29,4.4,16.4,0,3.306,0.038,33.02,28.01714286,433.627,464.902,1.6,0.342857143,7.371428571
2016-03-07,8.5,16.5,0,3.027,0.135,33.11285714,28.12857143,931.207,983.114,24.5,5.771428571,11.25714286
2016-03-14,7,14.1,0,3.093,0.035,33.08142857,28.10857143,1012.335,1019.492,0,2.442857143,11.08571429
2016-03-21,10.6,13.4,0,2.724,0.032,33.06285714,28.04714286,798.448,798.656,0,8.771428571,15.07142857
2016-03-28,11.7,11.3,0,2.665,0.036,33.01714286,27.97285714,767.013,798.731,0,7.114285714,14.82857143
2016-04-04,12.6,12.6,0,2.504,0.035,33.09,28.09,906.478,895.378,0.05,12.27142857,18.17142857
2016-04-11,10.9,18.6,0,2.358,0.031,33.17857143,28.25428571,1178.127,1142.059,0,13.24285714,19.34285714
2016-04-18,12.6,7,0,2.39,0.041,33.17857143,28.23857143,1375.608,1444.159,51.5,13.51428571,20.34285714
2016-04-25,14.8,13.9,0,2.609,0.048,33.16571429,28.16285714,1680.042,1872.32,20.2,14.64285714,21.32857143
2016-05-02,13.2,8.9,0,2.36,0.033,33.22857143,28.20857143,1897.491,1985.133,13,17.45714286,22.21428571
2016-05-09,15,6.4,0,2.444,0.035,33.23285714,28.19285714,2213.448,2314.66,44.3,16.94285714,23
2016-05-16,18.3,14.9,0,2.632,0.053,33.16571429,28.17428571,1335.212,1402.929,37.6,17.38571429,24.08571429
2016-05-23,21.3,24.5,0,2.148,0.052,33.08857143,28.09714286,979.158,1013.291,0,20.98571429,26.97142857
2016-05-30,23.3,24.2,0,2.298,0.053,33.02,28.02428571,693.049,753.162,29.5,20.11428571,27
2016-06-06,24.1,25.7,0,2.034,0.052,33.01428571,28.01285714,522.482,557.358,0,21.9,28.2
2016-06-13,26.4,41.1,0,1.934,0.064,33.01571429,28.01,491.389,535.251,1,23.98571429,28.25714286
2016-06-20,25.7,42,0,1.989,0.045,33.01428571,28.02142857,563.518,615.297,21,23.4,28.52857143
2016-06-27,26.3,32.3,0,1.91,0.039,33.01714286,28.01285714,445.372,509.363,15.5,23.7,28.07142857
2016-07-04,23,16.5,0,2.018,0.076,33.10714286,28.13285714,1126.097,917.636,206,24.04285714,27.92857143
2016-07-11,,,,2.918,0.08,33.15285714,28.14285714,10760.276,11195.665,58,25.27142857,28.21428571
2016-07-18,23.4,8.1,0,2.989,0.058,33.21428571,28.22428571,5167.803,5691.976,79,24.01428571,28.9
2016-07-25,26.1,55.5,0,2.725,0.049,33.28571429,28.26571429,2501.746,2733.008,0.5,27.12857143,29.27142857
2016-08-01,22.3,19.7,0,2.706,0.084,33.24857143,28.27285714,1451.842,1553.464,42,26.87142857,31.57142857
2016-08-08,29.1,44.8,0,2.565,0.044,33.20285714,28.2,1198.847,1392.622,18,28.55714286,32.24285714
2016-08-15,28.1,23.6,0,2.56,0.034,33.17142857,28.22,1030.158,1041.909,0.05,29.18571429,33.48571429
2016-08-22,27.7,18.8,0,2.445,0.031,33.14571429,28.19857143,995.955,1001.569,0,28.75714286,32.07142857
2016-08-29,21.5,14.8,0,2.385,0.034,33.09428571,28.14857143,966.377,1009.189,47.6,23.9,30.87142857
2016-09-05,23.4,14.1,0,2.523,0.027,33.07285714,28.12714286,948.932,1011.879,30.5,22.3,28.35714286
2016-09-12,25.7,18.3,0,2.418,0.019,33.02142857,28.03285714,697.724,748.626,5,23.28571429,28.44285714
2016-09-19,23.2,15.1,0,2.06,0.033,33.01142857,28.00857143,403.123,465.462,15.5,22.35714286,26.7
2016-09-26,22.7,20.2,0,2.42,0.031,33.01428571,28.02285714,368.929,422.796,0,19.52857143,25.35714286
2016-10-03,22,15,0,2.015,0.034,33.01285714,28.01428571,403.035,469.707,22,19.85714286,24.44285714
2016-10-10,19.4,4.6,0,2.309,0.046,33.01857143,28.01,570.786,625.07,17.9,16.77142857,23.75714286
2016-10-17,18.3,3,0,2.24,0.033,33.03142857,28.03714286,694.927,754.898,2,14.62857143,21.65714286
2016-10-24,17.6,1.9,23,2.542,0.029,33.03142857,28.02571429,716.362,765.281,1.5,15.41428571,20.88571429
2016-10-31,14.2,1.6,0,2.637,0.042,33.02285714,28.05428571,704.905,777.726,36,10.65714286,17.3
2016-11-07,13,1.3,0,2.435,0.019,33.02285714,28.02428571,433.066,486.376,4.7,9.342857143,14.14285714
2016-11-14,11.9,1.6,0,2.611,0.021,33.02428571,28.02285714,420.032,473.694,7.7,7.857142857,13.48571429
2016-11-21,11.9,2.6,0,2.713,0.018,33.02285714,28.01428571,396.249,437.288,0.1,8.1,14.25714286
2016-11-28,7,1.6,0,2.701,0.014,33.03285714,28.04428571,383.346,429.891,1,0.542857143,8.657142857
2016-12-05,6.1,5.2,0,2.716,0.017,33.12285714,28.18714286,394.977,365.782,2,2.771428571,8.685714286
2016-12-12,4.1,3.7,0,2.809,0.016,33.01428571,28.01142857,353.519,416.819,1.6,-0.614285714,6.685714286
2016-12-19,3.9,2,0,2.948,0.016,33.01714286,28.01857143,343.23,397.561,4.1,0.285714286,6.314285714
2016-12-26,5.1,3.7,0,3.064,0.03,33.01428571,28.05571429,450.813,558.112,49.6,2.657142857,7.714285714
2017-01-02,3.7,3.2,0,2.88,0.019,33.02714286,28.10428571,635.807,717.52,0.55,-1.485714286,5.3
2017-01-09,5.9,3.7,0,2.936,0.019,33.04142857,28.03714286,502.259,571.259,0,3.185714286,7.528571429
2017-01-16,1.3,2.5,0,2.738,0.015,33.03142857,28.04,504.919,586.58,0,-4.35,2.942857143
2017-01-23,,,,,,33.02714286,28.03714286,496.982,569.539,2,-5.328571429,3.242857143
2017-01-30,,,,,,33.02571429,28.04,512.028,578.923,9,-4.285714286,3.657142857
2017-02-06,,,,,,33.02285714,28.02857143,435.939,502.773,0.3,-2.185714286,4.457142857
2017-02-13,,,,,,33.02571429,28.00857143,418.641,487.007,0,-3.271428571,4.171428571
2017-02-20,4.9,11.4,0,3.114,0.024,33.02285714,27.91857143,422.591,517.653,6.5,1.028571429,7.442857143
2017-02-27,6,12.5,0,3.239,0.035,33.03,26.45285714,440.984,579.795,5.5,1.028571429,7.042857143
2017-03-06,7.4,20.3,0,3.076,0.033,33.04428571,27.52142857,550.028,573.928,6.6,3.285714286,10.25714286
2017-03-13,8.2,12,0,2.833,0.026,33.08857143,28.03428571,617.533,682.172,0,4.2,10.65714286
2017-03-20,9.6,17,0,2.631,0.029,33.02714286,28.02,458.124,513.211,0,7.114285714,14.55714286
2017-03-27,9.9,20,0,2.824,0.031,33.01571429,28.02,413.077,452.846,2.6,7.042857143,14.35714286
2017-04-03,12.6,14.6,0,2.86,0.032,33.02285714,28.02285714,470.734,512.031,13,8.214285714,15.27142857
2017-04-10,14.6,15.5,0,2.761,0.036,33.04571429,28.02857143,573.454,632.164,29,13.87142857,18.77142857
2017-04-17,13.2,17.6,0,2.354,0.029,33.21142857,28.10142857,949.888,983.427,7.6,14.18571429,19.2
2017-04-24,13.4,7,0,2.334,0.022,33.21571429,28.16,1074.209,1139.613,8.6,13.21428571,19.57142857
2017-05-01,18.5,12.5,0,2.157,0.027,33.04142857,28.02285714,446.854,479.531,0,16.48571429,22.25714286
2017-05-08,19.3,23.4,0,2.05,0.029,33.02714286,28.00857143,435.21,468.241,0,18.58571429,24.94285714
2017-05-15,18.1,14.5,0,2.235,0.031,33.02142857,28.02714286,490.256,549.222,12.9,16.58571429,24.88571429
2017-05-22,21.6,10.4,0,2.003,0.024,33.01428571,28.01857143,503.113,546.2,0,19.84285714,26.72857143
2017-05-29,21.6,14.7,0,1.84,0.027,33.02285714,28.01857143,467.972,532.374,6.5,19.87142857,27.55714286
2017-06-05,22.3,18.4,0,1.946,0.03,33.02,28.02285714,454.466,519.872,4.5,21.51428571,27.74285714
2017-06-12,22.7,24.4,0,2.164,0.026,33.01285714,28.01428571,420.44,480.259,22.9,20.18571429,27.07142857
2017-06-19,24.7,16.6,0,1.987,0.027,33.01428571,28.00285714,408.801,471.522,19,22.97142857,28.97142857
2017-06-26,24.8,22.9,0,1.814,0.032,33.01,28.02,393.335,459.282,19.5,24.74285714,30.37142857
2017-07-03,,,,,,33.06142857,28.07285714,604.697,619.211,167.9,25.41428571,29.02857143
2017-07-10,,,,,,33.13857143,28.14857143,2780.667,3239.992,256,26.22857143,29.51428571
2017-07-17,,,,,,33.40857143,28.45285714,8894.448,9874.419,91.5,26.05714286,31.57142857
2017-07-24,19.9,3.3,0,2.908,0.09,33.25571429,28.27857143,3817.488,4317.034,27.1,27.21428571,32.41428571
2017-07-31,21.9,2.9,0,3.002,0.118,33.24428571,28.21714286,5882.75,6319.322,38.6,26.11428571,31.42857143
2017-08-07,23.5,10.3,0,2.994,0.052,33.30428571,28.28857143,4326.813,4636.749,2.3,28.51428571,32.12857143
2017-08-14,24.7,14.4,0,2.746,0.064,33.34428571,28.36857143,1934.814,2036.116,33.1,25.37142857,31.3
2017-08-21,23.5,3.8,0,3.165,0.495,33.30142857,28.29571429,3561.484,4155.433,189,23.68571429,28.97142857
2017-08-28,22.1,3.1,0,3.837,0.107,33.27857143,28.20857143,10733.248,10959.166,91.1,23.87142857,29.12857143
2017-09-04,22.4,5.6,0,2.98,0.049,33.37714286,28.32,3819.908,4013.938,0,20.41428571,27.52857143
2017-09-11,22.7,42.8,0,2.78,0.044,33.14714286,28.15285714,1101.737,1124.98,17.5,20.9,27.48571429
2017-09-18,22.4,25.7,0,2.53,0.031,33.13857143,28.12857143,1083.346,1099.429,0,20.04285714,26.27142857
2017-09-25,22.3,19.2,0,2.786,0.036,33.08428571,28.10428571,988.553,1016.719,3.5,19.24285714,26.41428571
2017-10-02,,,,,,33.06857143,28.07,902.302,962.847,10.5,18.37142857,24.41428571
2017-10-09,21.8,11.5,0,2.616,0.038,33.02142857,28.01571429,700.479,845.634,1.5,18.52857143,22.47142857
2017-10-16,18.4,14.1,0,2.799,0.043,33.03428571,28.02571429,637.957,685.082,19,14.55714286,21.04285714
2017-10-23,17.3,6,0,2.792,0.039,33.02285714,28.01714286,635.496,685.805,0.3,14.22857143,20.57142857
2017-10-30,15.9,3.9,0,2.838,0.03,33.01285714,28.01285714,721.119,760.496,0,11.57142857,19.31428571
2017-11-06,13.8,2.5,0,2.886,0.045,33.00714286,28.02571429,566.916,601.875,0.5,9.114285714,16.28571429
2017-11-13,11.4,1.6,0,2.589,0.043,32.94571429,28.01285714,572.953,608.832,8,7.528571429,14.77142857
2017-11-20,6.7,1.2,0,2.922,0.016,33.01142857,28.00857143,550.626,595.125,0,1.071428571,9.685714286
2017-11-27,6.4,2.5,0,3.391,0.031,33.02285714,28.01142857,600.601,677.537,28.5,0.728571429,8.885714286
2017-12-04,6.5,2.6,0,2.898,0.014,33.01142857,28.01571429,696.427,759.565,1.2,1.1,7.7
2017-12-11,4.1,2.4,0,3.939,0.059,33.02857143,28.00857143,687.782,746.86,8,-2.2,4.2
2017-12-18,1.5,1.7,0,3.382,0.025,33.02571429,28.02428571,623.01,667.728,2.5,-6.771428571,1.757142857
2017-12-25,3.1,3,0,3.494,0.043,33.01714286,28.01571429,566.656,621.209,13.05,-1.066666667,4.857142857
2018-01-01,2.6,2.9,0,2.956,0.018,33.01571429,28.00714286,555.394,563.382,1.5,-2.3,3.3
2018-01-08,2.5,3,0,3.168,0.018,33.01428571,28.00857143,465.126,509.884,0.5,-3.142857143,2.457142857
2018-01-15,1,2.9,0,3.099,0.022,33.01857143,28.01,448.937,510.985,0.1,-5.328571429,1.814285714
2018-01-22,3.2,5.3,0,3.207,0.02,33.01285714,28.01,474.207,529.903,3.2,0.457142857,5.5
2018-01-29,,,,,,33.01,28.01571429,439.328,489.99,0,-10.95714286,-1.285714286
2018-02-05,,,,,,33.01428571,28.01714286,441.042,503.01,0.5,-6.657142857,1.185714286
2018-02-12,,,,,,33.00857143,28.01714286,436.984,503.139,0.2,-6.128571429,1.7
2018-02-19,,,,,,33.01142857,28.01285714,428.679,485.01,0.1,-0.614285714,5.685714286
2018-02-26,4.5,5.8,0,2.926,0.022,33.01285714,28.00857143,455.691,502.429,4.5,1.314285714,8.314285714
2018-03-05,6.9,17.6,0,4.118,0.082,33.02857143,28.02285714,609.356,682.067,48.5,3.771428571,10.02857143
2018-03-12,8.3,22,0,3.438,0.058,33.12714286,28,741.573,844.615,5.5,5.057142857,9.9
2018-03-19,9.6,21.9,0,3.79,0.048,33.03285714,28.02142857,752.875,823.606,45,9.542857143,14.85714286
2018-03-26,10.4,15.5,0,3.47,0.04,33.05714286,28.14285714,869.592,863.964,0.2,6.671428571,13.18571429
2018-04-02,14.5,21.3,0,3.238,0.052,33.01428571,28.02,590.148,641.859,0,14.88571429,18.54285714
2018-04-09,9.3,11,0,3.132,0.036,33.15571429,28.12,1046.383,1063.046,45.8,8.8,15.55714286
2018-04-16,11.4,16.8,0,2.615,0.039,33.19,28.15857143,1185.368,1160.862,19,12.11428571,18.17142857
2018-04-23,13.9,26.4,0,3.112,0.076,33.16857143,28.15,1073.225,1103.805,54.5,14.62857143,20.9
2018-04-30,15.2,19.1,0,2.846,0.042,33.16428571,28.18571429,1488.759,1521.946,5.5,14.95714286,20.45714286
2018-05-07,12.9,16.3,0,3.044,0.04,33.24571429,28.22714286,2742.096,2719.981,35.5,15.5,21.58571429
2018-05-14,16.1,11.2,0,3.92,0.112,33.22571429,28.26,3601.114,3669.336,27,15.98571429,22.97142857
2018-05-21,16.6,3.2,0,4.926,0.196,33.26285714,28.28571429,5036.089,5550.233,127,18.78571429,24.68571429
2018-05-28,17.5,7.4,0,3.52,0.086,33.30142857,28.28428571,3731.34,3671.118,16,19.31428571,25.54285714
2018-06-04,18.7,18,0,3.214,0.072,33.22142857,28.21,3190.302,3319.433,1.5,21.82857143,27.57142857
2018-06-11,20.6,57,0,3.036,0.06,33.16571429,28.15142857,1098.388,1147.733,0.2,22.68571429,27.37142857
2018-06-18,22.9,58.9,0,2.716,0.068,33.02857143,28.03142857,785.731,867.544,0.85,22.07142857,27.62857143
2018-06-25,25,55.5,0,2.68,0.068,33.02428571,28.03142857,722.454,799.821,0,24.44285714,29.91428571
2018-07-02,21.7,21,0,3.156,0.772,33.23142857,28.24857143,4026.388,4710.632,326.6,22.88571429,28.15714286
2018-07-09,20.9,4.8,0,3.936,0.15,33.27571429,28.26571429,4527.39,5202.337,29.5,23.91428571,28.28571429
2018-07-16,24.9,35.1,0,3.002,0.058,33.31285714,28.26571429,2522.851,2863.847,17.5,26.78571429,31.08571429
2018-07-23,28.8,47.7,0,2.704,0.049,33.05714286,28.21714286,971.197,1021.403,0,28.84285714,34.2
2018-07-30,28.8,49.1,0,2.312,0.048,33.02857143,28.15428571,787.237,814.373,1.5,30.4,35.48571429
2018-08-06,29.3,39.7,823,2.315,0.044,33.02142857,28.13714286,756.019,780.436,1.5,31.02857143,35.84285714
2018-08-13,28.2,34.9,804,2.311,0.049,33.02857143,28.16,797.353,827.145,9,29.74285714,34.81428571
2018-08-20,26.7,23.3,386,2.661,0.033,33.03285714,28.02714286,751.09,821.178,0,27.61428571,34.02857143
2018-08-27,23.1,15.3,0,3.978,0.156,33.10285714,28.13571429,992.507,1165.579,106.5,25.24285714,32.04285714
2018-09-03,23.3,3.1,,3.818,0.17,33.17857143,28.26428571,7138.524,7954.107,181,24.08571429,29.57142857
2018-09-10,21.6,4.5,0,3.436,0.114,33.24142857,28.19285714,12019.105,12654.16,5.6,21.45714286,27.47142857
2018-09-17,22,11.9,0,3.022,0.051,33.23,28.25142857,1361.939,1409.82,4.6,21.22857143,26.48571429
2018-09-24,20.4,4.9,0,2.806,0.045,33.26428571,28.27714286,1582.458,1688.819,39,18.77142857,24.95714286
2018-10-01,19.5,5,0,2.671,0.043,33.21285714,28.24142857,1329.556,1385.538,0,16.47142857,23.37142857
2018-10-08,18.7,5.7,0,2.712,0.152,33.17285714,27.80714286,1578.864,2164.871,88.5,15.5,22.08571429
2018-10-15,17.3,3.7,0,2.717,0.044,33.23571429,26.91,1387.587,1645.286,3.5,10.85714286,19.04285714
2018-10-22,16.3,11.7,0,2.993,0.035,33.17285714,26.41571429,1133.172,1259.613,0.5,10.67142857,19.05714286
2018-10-29,13.6,6.6,0,3.191,0.041,33.18857143,26.41142857,1084.84,1228.998,13.1,9.071428571,17.28571429
2018-11-05,13,4.1,0,3.242,0.028,33.07142857,26.41285714,796.984,940.922,0,7.342857143,15.54285714
2018-11-12,12.6,5.3,0,3.307,0.077,33.09285714,27.35,889.049,1061.11,56,10.4,16.05714286
2018-11-19,10.4,4.6,0,3.075,0.035,33.05142857,28.06857143,653.058,742.09,0,6.628571429,13.41428571
2018-11-26,7.8,3.1,0,3.352,0.025,33.02857143,28.02714286,693.417,820.297,10.2,2.628571429,10.12857143
2018-12-03,7,3.9,0,3.201,0.02,33.04,28.06142857,728.682,818.643,9.5,3.442857143,10.6
2018-12-10,3.6,2.6,0,3.46,0.025,33.04428571,28.07142857,771.925,906.18,10,-1.642857143,5.057142857
2018-12-17,3,1.7,0,3.296,0.02,33.02857143,28.04571429,616.217,736.515,0.7,-2.842857143,4.685714286
2018-12-24,4.5,1.2,0,3.727,0.024,33.03285714,28.02,503.671,626.14,0,1.085714286,6.657142857
2018-12-31,,,,,,33.02285714,28.02285714,487.742,591.267,0,-6.371428571,1.342857143
2019-01-07,3.6,2.6,0,3.261,0.027,33.03571429,28.05285714,798.213,894.878,0,-5.057142857,3.528571429
2019-01-14,4.8,3.7,0,3.401,0.031,33.04,28.15571429,856.506,893.118,0.05,-2.071428571,4.314285714
2019-01-21,3.2,3.1,0,3.181,0.02,33.04142857,28.08714286,849.275,957.492,0,-2.085714286,4.514285714
2019-01-28,3.4,3.2,0,3.107,0.022,33.06142857,28.14428571,815.977,868.953,0.4,-1.157142857,5.242857143
2019-02-04,4.8,5.5,0,3.37,0.027,33.06857143,28.09857143,857.939,943.871,22,-0.4,5.485714286
2019-02-11,3.5,4.7,0,3.125,0.022,33.03714286,28.07571429,867.584,955.674,0.4,-1.828571429,5.471428571
2019-02-18,4.2,5.2,0,3.123,0.023,33.04285714,28.04428571,833.175,920.578,0.4,-0.985714286,6.385714286
2019-02-25,6.4,5.3,0,3.272,0.029,33.04,28.07285714,856.622,936.918,5.5,2.642857143,9.628571429
2019-03-04,9.2,15.7,0,3.37,0.043,33.03714286,28.06,845.036,921.708,0,6.414285714,11.74285714
2019-03-11,8.2,17.6,0,3.093,0.033,33.03285714,28.17428571,853,874.976,0,6.614285714,12.45714286
2019-03-18,7.6,10.8,0,3.058,0.033,33.08142857,28.11285714,869.306,938.095,5,4.214285714,12
2019-03-25,7.9,14.9,0,3.19,0.033,33.08714286,28.11571429,920.013,1030.208,27.05,5.9,14.44285714
2019-04-01,8.8,14.4,0,2.937,0.032,33.12857143,28.13,937.874,1010.788,5,8.085714286,14.87142857
2019-04-08,9.1,4.6,0,2.643,0.019,33.33428571,28.35571429,1671.69,1740.208,0.3,9,15.9
2019-04-15,9.7,4.7,0,2.503,0.018,33.30714286,28.32428571,1831.989,1894.751,29.5,9.085714286,16.57142857
2019-04-22,13.2,8.9,0,2.482,0.022,33.23571429,28.22857143,1327.14,1355.66,0.1,14.6,20.52857143
2019-04-29,11.8,7.4,0,2.721,0.029,33.24,28.26714286,1416.641,1470.644,26.1,13.88571429,20.45714286
2019-05-06,17.4,30.7,0,2.335,0.044,33.06571429,28.04857143,889.184,992.499,0,16.71428571,22.8
2019-05-13,19.1,29.6,0,2.48,0.05,33.03,28.02571429,598.523,672.22,0,17.47142857,24.44285714
2019-05-20,20,20.1,0,2.291,0.047,33.03714286,28.02714286,563.016,640.11,13.5,20.27142857,27.12857143
2019-05-27,21.4,22,0,2.077,0.042,33.04142857,28.03,575.012,647.353,12,20.24285714,27.14285714
2019-06-03,21.3,27.4,0,1.919,0.04,33.02571429,28.02428571,539.948,622.766,0,19.72857143,26.47142857
2019-06-10,20.2,31.5,0,1.99,0.052,33.05857143,28.05,730.451,866.514,52,21.38571429,27.98571429
2019-06-17,23.6,32.8,0,2.013,0.043,33.03428571,28.03,582.697,692,0.1,21.84285714,27.34285714
2019-06-24,23.9,27.8,0,1.782,0.04,33.04,28.04,555.735,664.933,7.5,22.88571429,27.71428571
2019-07-01,24.1,23.6,0,1.846,0.039,33.03142857,28.02428571,546.433,643.368,2.05,24.51666667,28.71428571
2019-07-08,25.2,32.9,0,1.881,0.045,33.02428571,28.02857143,491.324,584.055,1,25.34285714,30.32857143
2019-07-15,24.2,33.3,0,2.201,0.039,33.02714286,28.02571429,473.982,565.579,37.5,23.67142857,28.87142857
2019-07-22,26.1,15.7,0,1.988,0.044,33.09285714,28.05142857,554.552,657.937,35.55,26.38571429,29.98571429
2019-07-29,25.5,7.1,40,3.183,0.18,33.14,28.19142857,1637.222,2067.931,128.1,26.91428571,30.85714286
2019-08-05,28.4,26.8,0,2.644,0.085,33.09571429,28.15714286,990.287,1219.21,46.1,28.52857143,33.02857143
2019-08-12,28.6,26.7,0,2.195,0.073,33.17857143,28.13,891.408,1019.897,132.8,28.42857143,33.04285714
2019-08-19,27.2,24.2,220,1.975,0.054,33.11857143,28.02714286,688.301,845.889,19.6,26.35714286,31.88571429
2019-08-26,26.3,36.1,460,1.942,0.042,33.03285714,28.02285714,572.255,656.582,0.1,24.8,30.32857143
2019-09-02,24.3,11.2,0,1.859,0.038,33.04142857,28.05285714,646.091,740.145,40,22.67142857,28.5
2019-09-09,23.8,15.1,0,2.273,0.08,33.12,28.13571429,987.952,1216.713,128.5,23.92857143,27.4
2019-09-16,23.9,4.2,0,2.573,0.078,33.07857143,28.09142857,1183.3,1529.369,76,22.58571429,27.62857143
2019-09-23,18.7,7.1,0,2.518,0.226,33.08,28.08,1101.168,1277.816,20,19.01428571,25.38571429
2019-09-30,22,2,0,2.762,0.058,33.07571429,28.10857143,979.536,1127.851,0,19.5,25.17142857
2019-10-07,19.3,3.8,0,3.06,0.116,33.18428571,28.21,1641.868,1873.122,53,19.35714286,23.92857143
2019-10-14,18.4,1.4,0,2.735,0.045,33.07142857,28.13,837.294,975.173,0,14.72857143,20.95714286
2019-10-21,17.2,2,0,2.617,0.039,33.03,28.04714286,741.7,841.612,0,13.84285714,20.08571429
2019-10-28,16.4,1.1,0,2.595,0.029,33.03857143,28.06571429,701.072,807.266,2,13.14285714,19.81428571
2019-11-04,15.7,0.9,0,2.751,0.028,33.03142857,28.03428571,665.332,775.121,7,11.61428571,18.38571429
2019-11-11,12.9,1.1,0,2.594,0.024,33.04857143,28.02285714,626.257,714.43,5.5,7.885714286,16.01428571
2019-11-18,9.8,10.4,0,4.48,0.23,33.16714286,28.10285714,932.824,1065.799,76.1,5.171428571,12.94285714
2019-11-25,9.7,1.1,0,3.475,0.046,33.23428571,28.13285714,1164.152,1303.446,1,4.828571429,11.7
2019-12-02,,,,3.33,0.026,33.03714286,28.05428571,689.722,847.9,3.9,4.028571429,9.314285714
2019-12-09,4.7,1.4,0,3.066,0.022,33.02142857,28.04285714,622.474,801.078,0.05,-1.957142857,6.214285714
2019-12-16,5.9,1.8,0,3.125,0.019,32.95142857,28.03857143,629.6,795.414,3.4,2.871428571,8.571428571
2019-12-23,5.7,2.7,0,3.106,0.022,32.90857143,28.03,657.159,774.702,10.1,1.614285714,7.614285714
2019-12-30,4.9,3.1,0,3.416,0.024,33.04428571,28.03285714,656.475,759.846,2.6,0.142857143,6.385714286
2020-01-06,4.2,4.5,0,3.522,0.028,33.03571429,28.02857143,661.496,769.545,2.6,-1.614285714,5.742857143
2020-01-13,3.8,3.3,0,4.218,0.06,33.22857143,28.21857143,1622.24,1775.661,60.4,1.028571429,5.771428571
2020-01-20,3.5,2.7,0,3.784,0.028,33.06,28.06428571,843.111,926.175,0.7,-1.228571429,4.871428571
2020-01-27,5.2,6,0,3.542,0.026,33.03285714,28.03571429,750.92,827.566,0.05,2.914285714,7.714285714
2020-02-03,6,9.2,0,3.49,0.032,33.04142857,28.03285714,699.81,778.617,0.45,3.485714286,7.314285714
2020-02-10,4.4,6,0,3.576,0.028,33.03857143,28.03,700.533,783.262,1.55,-1.685714286,5.228571429
2020-02-17,6,11.2,0,3.222,0.034,33.03428571,28.03428571,725.285,818.288,19.2,3.714285714,9.957142857
2020-02-24,6.5,8.7,0,3.802,0.038,33.03714286,28.03285714,739.348,841.95,6.65,2.642857143,8.914285714
2020-03-02,7.3,5.8,0,3.956,0.026,33.17571429,28.16714286,1165.182,1223.938,22.85,5.6,11.32857143
2020-03-09,8.8,6.7,0,3.502,0.04,33.06428571,28.06428571,809.965,900.571,0,5.342857143,11.02857143
2020-03-16,8.4,6.5,0,3.248,0.036,33.05857143,28.05857143,769.27,865.235,8.2,5.485714286,12.25714286
2020-03-23,11,10.5,0,3.096,0.036,33.10857143,28.13285714,712.298,776.487,0.15,8.942857143,15.27142857
2020-03-30,13,13.4,0,2.886,0.038,33.12142857,28.10285714,698.3,790.724,7.4,10.81428571,17
2020-04-06,11.8,11.1,0,2.922,0.036,33.16571429,28.15,802.836,852.966,0,9.771428571,17.54285714
2020-04-13,11.9,5.4,0,2.758,0.03,33.07428571,28.16,827.195,857.449,0.05,10,17.5
2020-04-20,12.5,5.8,0,2.656,0.036,33.04142857,28.14428571,824.17,863.697,16.8,12.58571429,18.9
2020-04-27,12.8,5.8,0,2.292,0.028,33.05142857,28.07,808.985,882.234,0.7,9.642857143,17.51428571
2020-05-04,17.6,7.3,0,2.302,0.032,33.05142857,28.04571429,845.665,927.79,0.25,17.87142857,23.71428571
2020-05-11,,,,2.88,0.064,33.06857143,28.07857143,909.25,1021.71,31.7,16.92857143,24.25714286
2020-05-18,16.4,3.1,0,2.286,0.034,33.15142857,28.12571429,993.487,1089.828,59.2,17.21428571,23.27142857
2020-05-25,17.7,4.7,0,2.38,0.047,33.22,28.14285714,1500.982,1684.516,11.75,16.35714286,22.94285714
2020-06-01,19.8,3.8,0,2.173,0.038,33.21142857,28.09714286,1030.078,1057.256,0.9,19.48571429,26
2020-06-08,22.8,8.4,0,2.129,0.048,33.08714286,28.05285714,873.74,936.878,0.05,22.58571429,28.61428571
2020-06-15,21.5,11.3,0,2.09,0.034,33.12571429,28.12,1013.392,1054.405,18,24.72857143,29.81428571
2020-06-22,22.9,16.7,0,2.034,0.038,33.06857143,28.09,903.513,970.927,0.05,24.14285714,29.31428571
2020-06-29,21.3,21.2,0,2.113,0.037,33.1,28.09857143,948.735,1046.106,43.65,23.14285714,29.25714286
2020-07-06,22.5,15.6,0,2.012,0.036,33.2,28.21,1291.086,1356.347,40.3,22.62857143,28.54285714
2020-07-13,,,,2.215,0.053,33.11428571,28.12,1126.562,1232.499,36.4,23.68571429,29.14285714
2020-07-20,21.9,4.4,0,2.382,0.04,33.24571429,28.22714286,1820.012,2020.434,28.4,23.08571429,27.68571429
2020-07-27,,,,2.951,0.109,33.22571429,28.2,3381.893,3790.306,84.45,23.6,28.35714286
2020-08-03,,,,,,33.39285714,28.75714286,12945.377,14814.544,183.8,24.02857143,29.25714286
2020-08-10,,,,,,34.13285714,29.75714286,32065.263,33660.301,278.05,24.38571429,29.25714286
2020-08-17,,,,3.72,0.1,33.29142857,28.48571429,16002.054,16546.552,126.95,26.24285714,31.18571429
2020-08-24,,,,3.294,0.096,33.27857143,28.24142857,4136.228,4553.535,23.65,25.54285714,33.27142857
2020-08-31,,,,3.456,0.302,33.22571429,28.24571429,5300.585,5808.686,46,26.95714286,31.55714286
2020-09-07,,,,3.072,0.394,33.20571429,28.28142857,12357.885,12592.698,104.8,22.22857143,29.11428571
2020-09-14,20.9,3.1,0,3.098,0.107,33.31857143,28.23285714,4755.864,5454.893,26.45,20.67142857,26.62857143
2020-09-21,20.5,12.3,0,2.982,0.058,33.26714286,28.28714286,1559.936,1662.691,8.3,19.17142857,25.35714286
2020-09-28,20.5,17.4,0,2.722,0.038,33.15,28.17142857,1119.289,1244.183,0,18.28571429,23.87142857
2020-10-05,20,9.8,0,2.605,0.039,33.07428571,28.07857143,721.239,858.217,4.25,17.27142857,23.41428571
2020-10-12,18.7,12.3,0,2.896,0.029,33.04,28.03714286,602.956,722.375,0,14.62857143,21.44285714
2020-10-19,16.5,7.6,0,2.744,0.023,33.02714286,28.02285714,539.118,638.694,0,11.02857143,19.68571429
2020-10-26,13.9,5.1,0,2.842,0.022,33.02571429,28.02714286,522.671,648.136,0,10.08571429,18.27142857
2020-11-02,14.1,4.9,410,2.745,0.02,33.02428571,28.02428571,500.952,624.088,6.7,10.54285714,17.02857143
2020-11-09,11,2.9,60,2.751,0.02,33.02714286,28.03142857,498.225,607.105,0.95,7.657142857,14.38571429
2020-11-16,11.7,3.8,0,2.636,0.021,33.03142857,28.03142857,622.746,720.65,0,7.971428571,15.54285714
2020-11-23,10.7,3.9,0,3.143,0.047,33.05428571,28.08428571,828.089,974.595,50.55,9.057142857,14.85714286
2020-11-30,7.5,4.3,0,3.074,0.026,33.02857143,28.02857143,710.08,819.307,0,2.042857143,8.914285714
2020-12-07,6.5,3.6,0,3.024,0.021,33.02714286,28.03,717.113,804.195,0,1.028571429,7.271428571
2020-12-14,,,,3.248,0.032,33.05428571,28.12285714,892.217,1020.937,3.5,-0.057142857,6.828571429
2020-12-21,,,,4.454,0.108,33.06428571,28.09571429,832.581,951.208,0.1,-5.4,2.257142857
2020-12-28,5.1,3.1,0,3.374,0.024,33.03571429,28.03428571,683.942,787.627,0.95,0.771428571,5.528571429
2021-01-04,,,,3.29,0.034,33.03285714,28.03285714,699.977,801.241,0.2,-5.371428571,0.942857143
2021-01-11,,,,,,33.03714286,28.03428571,661.587,768.876,5.9,-10.14285714,-1.471428571
2021-01-18,,,,,,33.02714286,28.03,640.143,751.049,5.5,-2.028571429,4.414285714
2021-01-25,4.7,3.1,0,2.903,0.02,33.02857143,28.02428571,648.399,749.998,7.6,1.214285714,6.314285714
2021-02-01,3.3,4.7,0,3.116,0.032,33.06571429,28.04,617.358,712.473,7.5,-0.271428571,6.428571429
2021-02-08,3.9,6,0,3.044,0.024,33.03142857,28.03142857,533.053,637.025,2.95,-0.385714286,7.157142857
2021-02-15,5.7,17.3,0,2.94,0.026,33.04142857,28.02857143,458.053,547.763,0.7,3.2,10.08571429
2021-02-22,5,15.9,0,3.044,0.03,33.01857143,28.02,519.566,624.224,1,1.014285714,8.157142857
2021-03-01,6.3,29.4,0,3.179,0.172,32.94714286,28.03714286,497.82,590.707,72.2,4.557142857,11.52857143
2021-03-08,8.6,47.6,0,3.116,0.053,33.06857143,28.1,972.451,1101.978,0.1,5.114285714,12.14285714
2021-03-15,10.6,29.3,0,2.914,0.043,33.03428571,28.02142857,672.476,763.73,1.7,8.628571429,14.97142857
2021-03-22,11.7,31.2,0,2.811,0.043,33.11142857,28.09285714,634.787,758.969,6.35,9.7,16.11428571
2021-03-29,11.9,28.4,0,2.944,0.047,33.07,28.05857143,557.458,707.243,25.6,10.55714286,17.1
2021-04-05,12.2,23.1,0,2.804,0.065,33.19428571,28.14571429,933.563,1056.991,49.35,13.25714286,18.75714286
2021-04-12,12.7,24.8,0,2.654,0.03,33.25857143,28.18,1183.544,1232.284,20.5,12.82857143,17.88571429
2021-04-19,13.7,31.3,0,2.535,0.034,33.11,28.09285714,867.162,966.878,5.1,10.17142857,18.57142857
2021-04-26,18.7,37.7,0,2.449,0.054,33.03428571,28.03857143,488.856,586.472,0.05,17.25714286,22.82857143
2021-05-03,14.4,29.3,0,2.491,0.044,33.03714286,28.04,742.132,868.585,27.65,13.21428571,20.81428571
2021-05-10,15,30.4,0,2.436,0.045,33.03857143,28.05428571,819.358,971.559,19.9,13.81428571,22.38571429
2021-05-17,,,,2.983,0.197,33.10857143,28.12,1025.948,1168.368,61.6,18.77142857,24.12857143
2021-05-24,18.5,11,0,2.843,0.048,33.21428571,28.21571429,1495.69,1508.446,10.4,18.14285714,24.28571429
2021-05-31,,,,3.702,0.278,33.16857143,28.20285714,1079.068,1168.919,50.5,15.88571429,24.54285714
2021-06-07,17.7,5.1,0,2.524,0.042,33.25142857,28.27142857,1524.528,1519.562,14.2,19.82857143,26.85714286
2021-06-14,20.8,12.8,0,2.326,0.031,33.22857143,28.23285714,1394.118,1390.461,19.2,23.5,28.34285714
2021-06-21,,,,2.382,0.038,33.28714286,28.3,1654.146,1596.386,8.75,22.25714286,27.87142857
2021-06-28,,,,2.384,0.038,33.28,28.27285714,1709.368,1745.594,26.85,22.18571429,27.3
2021-07-05,,,,2.722,0.111,33.21285714,28.21571429,2086.268,2256.198,67.45,23.35714286,28.58571429
2021-07-12,,,,3.336,0.496,33.20714286,28.21571429,4962.392,5066.036,26.8,24.7,29.58571429
2021-07-19,,,,2.7,0.101,33.28,28.24,2310.574,2473.14,20.65,26.75714286,32.65714286
2021-07-26,,,,2.371,0.042,33.29857143,28.27571429,1747.214,1815.915,0,28.11428571,33.61428571
2021-08-02,,,,2.389,0.057,33.27428571,28.24285714,1723.555,1572.886,41.9,27.81428571,33.6
2021-08-09,25.5,3.8,0,2.352,0.051,33.24142857,28.20714286,1574.283,1397.167,24.15,27.11428571,32.72857143
2021-08-16,24.5,6.3,0,2.38,0.038,33.22428571,28.15714286,1300.515,1154.016,18.7,25.17142857,30.94285714
2021-08-23,23.2,3.1,0,2.241,0.04,33.23285714,28.16428571,1324.747,1141.97,42.65,23.54285714,29.82857143
2021-08-30,22.9,3.8,0,2.645,0.086,33.28,28.28571429,2405.493,2371.429,14.1,22.54285714,28.5
2021-09-06,,,,3.038,0.08,33.25571429,28.28428571,4845.802,5330.179,86.55,21.34285714,26.8
2021-09-13,23.4,1.1,0,2.576,0.045,33.31142857,28.27571429,2312.287,2408.452,31,21.47142857,27.3
2021-09-20,21.2,3.3,0,,,33.25285714,28.18857143,1843.839,1878.471,0.05,21.6,26.57142857
2021-09-27,21.5,1.4,0,2.598,0.055,33.27714286,28.25142857,2090.666,2199.807,69.95,20.3,25.81428571
2021-10-04,22.3,1.3,0,2.607,0.042,33.21428571,28.22714286,1343.164,1301.856,29.2,20.02857143,25.84285714
2021-10-11,20.5,1.1,0,2.776,0.052,33.15,28.14428571,1094.926,1087.322,19.85,19.8,24.74285714
2021-10-18,16.8,0.7,0,2.782,0.041,33.11,28.13285714,1067.713,1071.026,2.7,13.94285714,19.61428571
2021-10-25,15.3,0.9,0,2.7,0.023,33.08,28.09,992.28,1022.823,5.9,9.028571429,16.48571429
2021-11-01,15.9,0.9,0,2.582,0.019,33.08285714,28.12714286,900.272,902.778,4.3,11.1,18.71428571
2021-11-08,,,,2.587,0.02,33.07428571,28.11857143,733.958,733.161,20.6,10.68571429,17.37142857
2021-11-15,11.1,0.2,0,2.819,0.03,33.07714286,28.08571429,859.796,854.483,2.3,6.185714286,12.82857143
2021-11-22,,,,2.819,0.022,33.04428571,28.05714286,685.614,735.756,5.85,7.957142857,14.57142857
2021-11-29,8.5,0.7,0,2.726,0.017,33.05285714,28.05857143,657.278,751.345,0.4,2.8,9.5
2021-12-06,6.7,0.9,0,2.891,0.019,33.05857143,28.07571429,772.003,871.802,27.9,1.685714286,9.228571429
2021-12-13,6.6,1.1,0,2.871,0.013,33.03714286,28.03285714,689.926,776.738,0.1,3.042857143,10.35714286
2021-12-20,4.8,1.5,0,3.028,0.013,33.03857143,28.03857143,688.836,794.461,5.7,0.2,5.285714286
2021-12-27,,,,3.174,0.018,33.07285714,28.04285714,645.959,758.995,0,-3.128571429,4.857142857
2022-01-03,,,,3.313,0.023,33.10285714,28.05,684.178,802.813,0.6,-3.642857143,3.128571429
2022-01-10,,,,3.321,0.024,33.07142857,28.04,642.637,751.697,0.05,-2.071428571,4.657142857
2022-01-17,,,,3.199,0.016,33.07285714,28.05,646.984,744.223,1.1,-4.657142857,2.271428571
2022-01-24,,,,3.2,0.02,33.06714286,28.05,628.962,731.617,1.1,-2.585714286,4.2
2022-01-31,,,,,,33.07285714,28.05857143,638.131,751.295,1.3,-1.1,5.557142857
2022-02-07,,,,3.173,0.016,33.06571429,28.04571429,630.399,735.661,2.15,-3.4,3.585714286
2022-02-14,4.6,4.3,0,3.093,0.02,33.06857143,28.04714286,641.353,742.307,0.6,1.071428571,7.142857143
2022-02-21,,,,3.125,0.02,33.03428571,28.02857143,653.59,734.594,0.15,-3.457142857,4.214285714
2022-02-28,5.1,5.4,0,2.897,0.021,33.04857143,28.03857143,598.695,697.034,4,0.542857143,7.242857143
2022-03-07,6.8,13.6,0,2.887,0.023,33.03,28.04142857,583.439,692.411,2.95,3.914285714,11.28571429
2022-03-14,9.4,24.3,0,2.969,0.062,33.03571429,28.04428571,565.903,680.768,32.45,8.785714286,15.67142857
2022-03-21,8.8,23.3,0,2.925,0.04,33.05142857,28.06571429,720.039,834.086,20.05,6.785714286,13.85714286
2022-03-28,9.6,19.9,0,2.992,0.038,33.07857143,28.19857143,776.347,892.067,32.9,8.371428571,14.8
2022-04-04,13.2,17.9,0,3.169,0.032,33.05857143,28.12914286,761.175,874.681,0.65,9.285714286,15.52857143
2022-04-11,16,17.9,0,2.684,0.03,33.04428571,28.02285714,669.946,774.721,0.3,14,19.97142857
2022-04-18,14,15.4,0,2.626,0.038,33.04142857,28.046,762.641,857.124,22.35,13.24285714,20.75714286
2022-04-25,17.5,6.7,0,2.436,0.029,33.02714286,28.03571429,651.87,741.205,1.3,15.87142857,22.81428571
2022-05-02,16.5,5.1,0,2.572,0.039,33.08285714,28.04942857,666.748,794.819,27.75,15.01428571,22.45714286
2022-05-09,17.2,3.9,0,2.395,0.029,33.06,28.04485714,670.974,775.134,3.2,16.37142857,23.38571429
2022-05-16,18,3.8,0,2.253,0.03,33.07571429,28.04971429,648.978,756.335,0.1,17.11428571,23.85714286
2022-05-23,20.5,3.7,0,2.211,0.029,33.07857143,28.05142857,654.243,745.467,0.9,19.71428571,27.41428571
2022-05-30,21.5,8.2,0,2.133,0.025,33.07142857,28.04714286,639.113,719.446,3.9,20.58571429,28.55714286
2022-06-06,20.9,3.5,0,2.234,0.043,33.03857143,28.04971429,612.456,681.931,10.5,20.58571429,27.47142857
2022-06-13,22.7,6,0,2.096,0.024,33.06285714,28.06628571,633.066,702.169,0.45,21.18571429,26.28571429
2022-06-20,20.7,9,0,2.198,0.028,33.05571429,28.06142857,622.389,721.611,37.5,21.35714286,27.8
2022-06-27,23.9,6.4,0,2.537,0.087,33.12828571,28.10428571,947.519,1131.672,136.7,25.2,30.17142857
2022-07-04,26.4,4.6,0,3.497,0.101,33.22114286,28.22628571,2663.215,3182.977,226.9,26.24285714,30.28571429
2022-07-11,,,,2.966,0.082,33.22142857,28.27142857,1308.04,1367.579,23.15,27.11428571,31.75714286
2022-07-18,25.1,2.2,0,3.477,0.12,33.31428571,28.3,3376.975,4021.54,140.8,24.45714286,30.3
2022-07-25,,,,3.025,0.112,33.29142857,28.31857143,1830.582,2000.578,68.5,24.72857143,30.55714286
2022-08-01,24.7,3.1,0,2.882,0.07,33.33857143,28.31428571,2235.956,2466.494,39.7,27.28571429,32.12857143
2022-08-08,,,,3.153,0.077,33.25857143,28.31257143,3947.961,4761.12,404.8,27.45714286,32.08571429
2022-08-15,,,,3.155,0.161,33.61828571,29.29371429,27904.864,30229.567,407.9,25.24285714,30.82857143
2022-08-22,,,,3.391,0.115,33.30428571,28.31342857,9081.348,9780.842,50.3,25.54285714,30.68571429
2022-08-29,,,,3.447,0.072,33.26285714,28.27,3616.065,4084.382,17,21.54285714,28.48571429
2022-09-05,,,,3.436,0.14,33.30057143,28.32657143,8559.3,8987.147,212.5,21.22857143,26.65714286
2022-09-12,,,,3.919,0.08,33.316,28.28542857,7233.399,8541.678,52.4,21.14285714,27.1
2022-09-19,22.3,4.7,0,3.203,0.053,33.29,28.23142857,2592.507,2852.447,0.05,24.22,27.22857143
2022-09-26,21.4,18.3,0,2.961,0.03,33.06,28.05428571,711.017,834.027,0.5,16.98571429,24.72857143
2022-10-03,,,,3.274,0.312,33.04714286,28.05,629.447,766.978,46.1,18.2,25.84285714
2022-10-10,16.5,2.7,0,2.859,0.06,33.16428571,28.20142857,1319.538,1548.717,54.05,14.58571429,20.77142857
2022-10-17,17.9,3.4,0,2.787,0.035,33.10142857,28.09571429,833.678,988.052,0,13.75714286,20.74285714
2022-10-24,15.5,2.7,0,2.732,0.021,33.08057143,28.04142857,704.93,841.904,0,10.52857143,17.95714286
2022-10-31,15.9,3.4,0,2.641,0.019,33.06142857,28.04571429,643.018,773.983,0,11.47142857,17.54285714
2022-11-07,12.3,2,0,2.963,0.015,33.04948571,28.04364286,611.847,724.655,0,7.528571429,16.72857143
2022-11-14,13.6,3.6,0,2.679,0.046,33.10078571,28.06972857,689.066,812.5,26.65,10.85714286,17.22857143
2022-11-21,12.6,1.8,0,3.06,0.03,33.06635714,28.03714286,611.544,743.015,2.6,8.214285714,15.45714286
2022-11-28,,,,3.22,0.03,33.04428571,28.04428571,532.1,626.031,13.6,7.857142857,13.52857143
2022-12-05,4.6,2,0,3.314,0.034,33.07142857,28.0413,657.091,796.712,2.4,-0.971428571,7.128571429
2022-12-12,4.6,1.8,0,3.537,0.024,33.05194286,28.04857143,540.949,649.348,2.4,0.257142857,6.5
2022-12-19,,,,,,33.04428571,28.05078571,515.497,631.341,4.4,-5.857142857,1.557142857
2022-12-26,,,,,,33.06234286,28.09558571,484.313,610.89,3.7,-7.2,1
2023-01-02,,,,,,33.07714286,28.07,507.177,634.075,0,-3.957142857,3
2023-01-09,,,,,,33.07857143,28.05142857,510.534,619.162,3.3,-2.185714286,4.9
2023-01-16,,,,4.002,0.081,33.11507143,28.07,647.556,784.501,38,1.1,8.228571429
2023-01-23,,,,,,33.07091429,28.06571429,586.459,696.301,1.7,-2.542857143,2.428571429
2023-01-30,,,,,,33.06597143,28.09571429,500.81,589.625,0.5,-7.085714286,-0.142857143
2023-02-06,,,,,,33.06987143,28.07285714,480.979,590.382,0,-0.557142857,5.628571429
2023-02-13,3.9,18.6,0,3.524,0.03,33.06,28.05,477.629,573.543,0.7,2.328571429,9.257142857
2023-02-20,,,,3.519,0.036,33.11571429,28.06,453.979,557.716,0.1,2.542857143,8.3
2023-02-27,6.4,27.2,0,3.157,0.029,33.03714286,28.03571429,483.874,574.915,0,1.9,8.342857143
2023-03-06,7.6,24.6,0,,,33.07428571,28.04,612.327,714.2,0,4.985714286,13.05714286
2023-03-13,8.4,32.2,0,,,33.07428571,28.04778571,633.126,718.247,8.5,9.528571429,17.67142857
2023-03-20,10.1,21.9,0,,,33.07857143,28.09571429,645.359,727.117,0,7.414285714,14.98571429
2023-03-27,12.7,25.7,0,,,33.13571429,28.09714286,613.336,695.771,0.7,12.4,18.3
2023-04-03,14.3,19.2,0,2.539,0.034,33.09571429,28.07142857,672.393,757.583,0,13.61428571,20.34285714
2023-04-10,12.6,21.4,0,2.604,0.038,33.05571429,28.05857143,743.276,843.063,51.9,10.97142857,18.3
2023-04-17,12.6,20.5,0,2.584,0.032,33.05285714,28.05247143,726.265,804.408,6.4,11.95714286,19.22857143
2023-04-24,15.4,29.7,0,2.49,0.038,33.05987143,28.05142857,736.189,805.69,1.65,16.18571429,21.01428571
2023-05-01,15.5,24.6,0,2.485,0.031,33.05714286,28.06285714,702.077,756.009,13.6,12.61428571,20.21428571
2023-05-08,,,,3.506,0.161,33.15935714,28.14857143,1372.58,1587.17,77.35,15.95714286,22.3
2023-05-15,18.1,42.6,0,2.527,0.044,33.07441429,28.07285714,970.001,1040.983,0,17.58571429,23.94285714
2023-05-22,18.9,23,0,2.278,0.045,33.08,28.07,873.777,901.763,0.15,20.38571429,26.42857143
2023-05-29,16.2,10.7,0,2.315,0.052,33.1235,28.14285714,1096.622,1200.046,66.1,19.65714286,25.58571429
2023-06-05,20.1,32.1,0,2.318,0.04,33.11428571,28.16285714,1111.722,1206.842,0,21.62857143,26.85714286
2023-06-12,20.8,12.2,0,2.189,0.076,33.10714286,28.14285714,1014.563,1074.009,9.15,21.24285714,27.98571429
2023-06-19,22.6,17.3,0,2.018,0.032,33.07285714,28.10377143,961.069,992.569,0.1,23.67142857,29.05714286
2023-06-26,,,,2.289,0.05,33.1534,28.18428571,1104.558,1177.705,86.4,23.47142857,28.9
2023-07-03,,,,2.467,0.076,33.26545714,28.28431429,4721.928,5113.79,65.6,25.81428571,29.65714286
2023-07-10,,,,2.816,0.266,33.31064286,28.3039,4723.362,5147.178,154.2,24.78571429,30.34285714
2023-07-17,,,,,,34.6606,30.0712,33301.35,33608.908,267.4,23.87142857,29
2023-07-24,,,,2.982,0.118,33.24507143,28.35465714,9882.694,10828.692,77.2,25.62857143,30.37142857
2023-07-31,,,,2.401,0.059,33.33142857,28.28701429,1855.211,2344.589,27.6,27.51428571,31.74285714
2023-08-07,28.2,19.3,0,1.851,0.04,33.13584286,28.19571429,1183.855,1280.435,0.05,28.75714286,33.5
2023-08-14,,,,2.742,0.105,33.27035714,28.29717143,4930.58,5259.993,67.1,25.42857143,31.71428571
2023-08-21,27,30.3,0,2.325,0.045,33.17,28.25,1238.518,1340.771,0,27.61428571,31.65714286
2023-08-28,,,,2.418,0.09,33.20078571,28.23882857,3192.091,3801.4,108.75,24.95714286,30.45714286
2023-09-04,,,,2.693,0.087,33.30584286,28.30974286,4717.859,5169.386,37.8,23.17142857,28.57142857
2023-09-11,25.2,58.8,0,2.113,0.036,33.14298571,28.30428571,1212.738,1304.064,0,24.45714286,29.31428571
2023-09-18,,,,2.901,0.117,33.28272857,28.29662857,2822.436,3046.868,63.95,22.77142857,27.47142857
2023-09-25,,,,3.079,0.094,33.26298571,28.26702857,5244.227,5805.225,28.8,20.2,26.45714286
2023-10-02,19.3,7.8,0,2.881,0.041,33.30142857,28.29908571,3624.538,4155.775,34.8,19.18571429,24.57142857
2023-10-09,,,,2.789,0.04,33.22142857,28.29571429,1347.255,1414.139,13.45,14.74285714,21.97142857
2023-10-16,18.5,4,0,2.666,0.024,33.16507143,28.21,1220.808,1292.222,3.6,14.54285714,21.41428571
2023-10-23,15.8,2.2,0,2.716,0.022,33.08857143,28.16571429,991.37,1096.087,11.7,11.52857143,19.22857143
2023-10-30,16.4,3.6,0,2.525,0.021,33.07428571,28.09714286,934.958,1031.349,25.2,12.61428571,20.12857143
2023-11-06,,,,2.846,0.168,33.10428571,28.11571429,866.737,1009.074,78.65,16.12857143,19.87142857
2023-11-13,10.9,1.6,0,2.726,0.032,33.13285714,28.15571429,980.121,1113.758,1.3,5.185714286,13.27142857
2023-11-20,8.1,2.2,0,2.982,0.026,33.05714286,28.05571429,595.329,724.214,5.5,3.757142857,10.68571429
2023-11-27,,,,3.332,0.02,33.06091429,28.05571429,559.966,679.527,4.2,3.728571429,10.05714286
2023-12-04,4.9,1.6,0,3.442,0.02,33.07454286,28.06285714,536.794,674.794,0.4,-0.585714286,7.614285714
2023-12-11,,,,3.562,0.028,33.05714286,28.04895714,490.2,605.448,19.7,7.214285714,11.94285714
2023-12-18,,,,4.218,0.158,33.19,28.19142857,1545.103,1738.215,53.5,1.042857143,7.314285714
2023-12-25,,,,4.392,0.048,33.0674,28.08285714,776.802,894.935,2.3,-6.685714286,0.557142857
