Date,WT_BJB,Chla_BJB,Cyanocell_BJB,TN_BJB,TP_BJB,WL_UP_GJB,WL_BJB,Discharge_UP_GJB,Discharge_BJB,Prec_BJB,Temp_BJB,Forecast_Temp_BJB
2012-01-16,3.8,6.3,0,5.778,0.086,4.26,4.537142857,0,0,0,-2.042857143,6.5
2012-01-23,3.5,26.7,0,5.657,0.076,4.26,4.535714286,0,0,7.5,0.728571429,1.7
2012-01-30,2.1,12,0,5.671,0.072,4.26,4.5,0,0,0.5,-2.8,1.4
2012-02-06,1,8.6,0,5.281,0.068,4.26,4.497142857,0,0,4.6,-4.428571429,2.3
2012-02-13,3,16.7,0,5.937,0.056,4.552857143,4.265714286,0,0,0.5,-3.214285714,3.5
2012-02-20,4.5,31,0,5.565,0.061,8.221428571,4.362857143,0,0,0,-1.628571429,8.1
2012-02-27,5,35.1,0,5.615,0.056,8.151428571,4.275714286,0,0,2.6,1.728571429,8.9
2012-03-05,7.5,35.7,0,5.748,0.073,5.352857143,4.394285714,0,0,23.5,5.357142857,8.8
2012-03-12,7,46.4,0,4.913,0.087,4.345714286,4.408571429,0,0,2.5,2.3,10.7
2012-03-19,8.2,36.8,0,4.705,0.074,5.388571429,4.338571429,0,0,9,4.514285714,9.7
2012-03-26,8.8,47.9,0,5.078,0.066,8.082857143,4.337142857,0,0,19,4.142857143,13.4
2012-04-02,10.2,36.6,0,5.251,0.094,8.088571429,4.415714286,0,0,11.7,8.128571429,13.5
2012-04-09,11.3,17.5,0,4.212,0.076,8.098571429,4.491428571,0,0,36,7.9,18.6
2012-04-16,13.7,65.3,0,3.918,0.067,8.158571429,4.28,0,0,3.2,11.42857143,19.2
2012-04-23,12.4,38.4,0,3.461,0.092,8.512857143,4.47,0,0,50.1,13.24285714,21.4
2012-04-30,16,51.6,0,2.431,0.05,8.571428571,4.528571429,0,0,14.5,15.51428571,24.1
2012-05-07,19.65,47.3,11,2.934,0.078,8.485714286,4.382857143,0,0,0,18.84285714,23.9
2012-05-14,19.7,28.7,80,2.858,0.08,8.677142857,4.408571429,0,0,17.5,17.08571429,23.9
2012-05-21,21.25,38.4,163,3.192,0.075,8.748571429,4.437142857,0,0,0.05,17.58571429,27.3
2012-05-28,22.8,21.7,374,3.097,0.081,8.727142857,4.168571429,0,0,0.05,20.02857143,27
2012-06-04,23.4,23.35,385,2.707,0.065,8.722857143,4.095714286,0,0,2,20.68571429,28.2
2012-06-11,22.45,44.55,216,2.201,0.063,9.001428571,4.245714286,155.872,206.925,16.3,21.85714286,27.7
2012-06-18,24.2,44.95,367,2.048,0.08,8.735714286,4.261428571,0,0,0.5,22.88571429,28.8
2012-06-25,24,59.3,386,2.045,0.094,8.817142857,4.21,0,0,0,24.32857143,27.4
2012-07-02,23.5,65.6,402,2.247,0.112,8.79,4.22,0,0,54.5,23.44285714,28.1
2012-07-09,24.9,16.9,108,2.788,0.23,8.767142857,4.282857143,0,0,93.4,24.02857143,27.3
2012-07-16,22.6,9.2,0,3.239,0.166,8.784285714,4.448571429,1754.993,3544.766,151.5,23.87142857,28.2
2012-07-23,26.6,14.1,138,3.061,0.129,8.791428571,4.4,2321.133,3016.534,58,25.82857143,33.2
2012-07-30,29.7,27.3,466,2.451,0.075,8.74,4.325714286,896.891,1089.312,0,27.38571429,33.4
2012-08-06,29.56666667,45,1814,1.945,0.06,8.785714286,4.238571429,430.854,470.64,0,30.01428571,31.7
2012-08-13,24.25,52.5,1619,2.473,0.558,8.841428571,4.241428571,1713.377,1829.699,143,26.62857143,30
2012-08-20,23.25,6.4,33,2.437,0.103,8.822857143,4.711428571,6621.853,7943.288,106.5,26.52857143,30.4
2012-08-27,22.6,14.6,114,2.731,0.124,8.941428571,4.361428571,4371.508,5279.392,145.3,24.9,29.4
2012-09-03,22.45,7.4,1659,2.307,0.1,8.97,4.702857143,7722.548,8859.133,178.5,23.77142857,27.6
2012-09-10,22.45,7.15,362.5,2.443,0.066,8.734285714,4.334285714,9126.708,8169.227,65,21.15714286,25.3
2012-09-17,20.65,10.5,2078,2.055,0.109,8.762857143,4.552857143,4812.754,4935.209,120.5,19.7,25.2
2012-09-24,21.1,16.7,3134,2.477,0.078,8.847142857,4.322857143,4841.979,5673.665,0,18.82857143,24.8
2012-10-01,20,57.9,714,3.242,0.075,8.872857143,4.471428571,1104.308,1333.958,0.7,16.9,24.4
2012-10-08,19.8,63.55,146,3.256,0.067,8.8,4.294285714,554.173,691.746,0,16.57142857,22.1
2012-10-15,18.8,52,436,3.54,0.066,8.787142857,4.24,510.328,567.924,0.5,12.78571429,20.9
2012-10-22,13.5,44.1,226,3.393,0.058,8.622857143,4.228571429,485.467,541.093,60,12.31428571,19
2012-10-29,15.5,19.9,246,3.069,0.065,8.897142857,4.264285714,723.295,852.784,21.5,12.27142857,14.4
2012-11-05,10.1,20.75,24,3.031,0.05,8.714285714,4.25,496.758,583.547,9.6,7.757142857,14.2
2012-11-12,11.4,10,0,3.433,0.051,7.788571429,4.252857143,654.366,759.873,36.6,9.428571429,11
2012-11-19,8.9,7.5,0,3.163,0.079,8.615714286,4.252857143,649.454,776.403,11.5,4.528571429,10.6
2012-11-26,,,,3.789,0.061,8.784285714,4.24,631.151,732.343,4,2.914285714,7.7
2012-12-03,6.3,9.2,0,3.312,0.039,8.755714286,4.208571429,549.518,602.496,5.1,1.957142857,3.4
2012-12-10,3,3.5,0,3.779,0.041,8.664285714,4.234285714,574.105,632.682,24.1,-4.314285714,5.4
2012-12-17,3.8,4.6,0,4.732,0.078,8.617142857,4.262857143,613.573,785.398,21.05,-1.742857143,2.8
2012-12-24,1.7,2.2,0,3.753,0.039,8.62,4.241428571,610.787,717.439,5.1,-3.342857143,1.2
2012-12-31,,,,,,8.612857143,4.195714286,609.68,660.063,5,-5.557142857,-0.6
2013-01-07,1,2,0,3.972,0.031,8.562857143,4.202857143,586.357,602.452,10,-8.342857143,3
2013-01-14,1.6,3.3,0,3.804,0.048,8.514285714,4.204285714,573.95,583.068,0,-4.8,4.1
2013-01-21,3,6.5,0,3.858,0.034,8.631428571,4.217142857,568.794,608.091,33.2,-1.8,2.7
2013-01-28,3,3.1,0,2.608,0.032,8.92,4.512857143,1199.203,1382.504,2.1,-2.185714286,7.4
2013-02-04,3.8,4.5,0,2.798,0.071,8.854285714,4.471428571,1553.217,1841.296,48.1,1.928571429,2
2013-02-11,2.8,2.1,0,3.247,0.039,8.571428571,4.338571429,1360.362,1497.425,7,-4.114285714,4.7
2013-02-18,4.2,3.9,0,4.214,0.048,7.898571429,4.307142857,803.57,891.614,0.2,-0.114285714,5.4
2013-02-25,4.6,6.2,40,4.056,0.049,7.955714286,4.268571429,643.278,734.146,3.5,-0.628571429,8.9
2013-03-04,6.9,24.4,0,4.02,0.036,7.884285714,4.222857143,541.758,556.772,3.05,3.342857143,14.6
2013-03-11,8.6,44.2,0,4.599,0.053,7.825714286,4.242857143,443.054,469.56,3.5,6.6,13
2013-03-18,10.1,43.7,0,4.685,0.067,7.954285714,4.267142857,593.023,675.481,43.5,5.985714286,13
2013-03-25,10.2,38.3,0,4.103,0.073,7.91,4.268571429,647.104,741.048,0.2,4.7,13.5
2013-04-01,10.7,52.7,190,4.972,0.047,7.921428571,4.222857143,521.241,510.089,0.15,6.271428571,16
2013-04-08,11.8,30,0,3.959,0.055,8.01,4.242857143,631.201,728.446,14.5,7.957142857,14.7
2013-04-15,10.3,34.2,120,2.989,0.051,8.8,4.245714286,698.862,761.455,1.25,6.985714286,17
2013-04-22,12.8,48.4,0,3.034,0.072,8.832857143,4.217142857,706.53,775.137,24,10.67142857,18.6
2013-04-29,13.5,77.5,0,2.356,0.058,8.825714286,4.282857143,795.331,946.271,54,11.27142857,19.1
2013-05-06,16.05,87.95,50,2.518,0.047,8.785714286,4.237142857,735.625,857.821,3,12.57142857,23.8
2013-05-13,18.45,96.35,35,2.636,0.068,8.861428571,4.24,742.5,810.876,24.5,17.24285714,24.7
2013-05-20,18.3,90.2,30,2.976,0.091,8.812857143,4.244285714,727.58,792.761,32,17.88571429,28.4
2013-05-27,20.9,54.9,40,2.495,0.055,8.871428571,4.29,796.848,819.778,90.5,20.12857143,24.8
2013-06-03,19.7,72.9,23,2.235,0.034,8.93,4.261428571,1229.886,1648.106,9,18.87142857,29.4
2013-06-10,21.1,75.4,72,1.858,0.029,8.608571429,4.295714286,958.078,1151.104,0,23.61428571,28.4
2013-06-17,20.3,80.7,0,2.17,0.061,8.852857143,4.341428571,886.261,1119.172,7.6,22.47142857,27.7
2013-06-24,22.5,25.7,0,2.817,0.06,8.781428571,4.371428571,2785.852,3127.172,142.6,23.55714286,29.6
2013-07-01,25.5,40.9,0,2.508,0.061,8.818571429,4.395714286,1279.487,1579.989,1.6,24.67142857,27.2
2013-07-08,23.9,10.3,0,2.624,0.093,8.798571429,4.364285714,1856.421,2265.713,87,24.85714286,30.3
2013-07-15,25.3,55.1,280,2.234,0.04,8.847142857,4.374285714,1202.556,1646.685,2.65,26.68571429,30.6
2013-07-22,26.9,44.3,0,2.656,0.08,8.872857143,4.341428571,1038.785,1438.365,17.9,26.98571429,30.1
2013-07-29,27.1,49.2,776,2.215,0.068,8.828571429,4.43,1278.447,1736.141,80,26.15714286,30.8
2013-08-05,26.9,8.3,0,2.487,0.104,8.847142857,4.445714286,1819.786,2479.532,101.4,26.85714286,33.7
2013-08-12,28.7,36.9,5348,2.257,0.093,8.904285714,4.475714286,1342.445,1898.153,10,28.2,34.5
2013-08-19,30.1,31.65,30711,1.99,0.083,8.92,4.404285714,679.284,887.787,0,27.5,31.7
2013-08-26,27.4,35.05,5918,2.265,0.12,8.922857143,4.371428571,947.27,1191.242,44.5,26.01428571,29.4
2013-09-02,25.7,34.5,3490,1.995,0.119,8.864285714,4.388571429,897.503,1180.957,16.5,23.45714286,27.6
2013-09-09,24.2,32,5055,2.106,0.077,8.814285714,4.355714286,525.415,692.169,3.5,20.45714286,27.2
2013-09-16,22.1,7.3,0,2.565,0.231,8.885714286,4.425714286,1782.451,2398.941,135,21.74285714,28.4
2013-09-23,24.2,60.7,3280,2.384,0.126,8.861428571,4.321428571,685.673,1039.674,0,22.32857143,24.7
2013-09-30,21.4,84.4,845,2.829,0.084,8.81,4.31,681.569,958.467,46.3,18.18571429,24.3
2013-10-07,20.6,81.9,2555,3.011,0.08,8.807142857,4.257142857,481.363,654.93,0.05,19.24285714,24.3
2013-10-14,19.9,69.25,1605,2.83,0.052,8.651428571,4.272857143,450.408,623.847,17,17.52857143,20.5
2013-10-21,17.6,77.2,2720,2.917,0.043,8.702857143,4.202857143,362.483,447.046,0,12.6,19.3
2013-10-28,15.9,79.7,192.5,2.902,0.045,8.738571429,4.225714286,336.473,395.756,0,11.44285714,19
2013-11-04,15.2,60,240,3.407,0.089,8.717142857,4.238571429,284.878,382.443,5.1,11.95714286,16.9
2013-11-11,13.6,54.8,275,3.149,0.045,8.73,4.242857143,325.728,417.506,17.1,9.328571429,12.7
2013-11-18,10.5,53.5,0,3.431,0.061,8.742857143,4.22,299.834,365.124,4.6,4.771428571,10.6
2013-11-25,8,55.1,0,4.016,0.105,8.745714286,4.215714286,347.609,442.573,31.5,3.9,7.4
2013-12-02,7.1,23.1,0,4.179,0.066,8.742857143,4.234285714,420.143,565.779,21.6,1.557142857,10.5
2013-12-09,8.5,26.4,0,5.204,0.06,8.712857143,4.23,301.579,391.911,17,3.528571429,5.3
2013-12-16,5.1,15,0,4.658,0.04,8.762857143,4.227142857,435.196,588.392,11,-0.357142857,4.7
2013-12-23,4.2,17.6,0,4.778,0.061,8.737142857,4.217142857,329.574,410.886,7.05,0.242857143,4.4
2013-12-30,,,,,,8.778571429,4.218571429,278.533,389.958,0.9,-1.085714286,6.9
2014-01-06,3.5,38.5,0,4.727,0.033,8.784285714,4.217142857,255.584,354.612,0,0.642857143,4.4
2014-01-13,2.7,44.8,0,5.864,0.046,8.767142857,4.21,248.979,299.646,0.55,-2.5,4.1
2014-01-20,2.6,26.7,0,5.323,0.045,8.76,4.2,251.782,311.849,1,-2.271428571,6
2014-01-27,2.8,19,0,4.939,0.034,8.758571429,4.227142857,274.329,316.524,0.2,-0.442857143,9.8
2014-02-03,4.2,24.2,0,5.305,0.044,8.804285714,4.227142857,312.884,343.633,12.3,3.357142857,4.1
2014-02-10,4.1,35.5,0,5.054,0.038,8.701428571,4.21,318.823,348.148,3.55,-0.271428571,5.8
2014-02-17,4.6,47.1,0,5.155,0.059,8.764285714,4.194285714,290.871,307.248,0,2.671428571,7.7
2014-02-24,5.6,44.8,0,5.044,0.039,8.634285714,4.141428571,289.352,352.593,0,1.8,11.7
2014-03-03,7.5,32.9,0,5.166,0.052,8.078571429,4.19,327.737,354.509,0,5.842857143,9.1
2014-03-10,7.5,23.9,0,4.886,0.036,8.417142857,4.211428571,166.939,181.46,1.55,1.814285714,11.8
2014-03-17,8.2,36.5,0,4.779,0.05,8.761428571,4.211428571,392.991,442.274,38.55,5.842857143,14.9
2014-03-24,10.8,68.8,0,4.783,0.078,8.767142857,4.212857143,272.453,288.819,0.3,8.257142857,19.4
2014-03-31,14.5,26.4,0,4.006,0.038,8.781428571,4.212857143,322.37,354.299,29,13.75714286,18.1
2014-04-07,15.1,26.45,0,3.836,0.041,8.744285714,4.212857143,283.023,312.004,0.4,9.485714286,19.1
2014-04-14,16.1,67.9,0,3.199,0.058,8.761428571,4.165714286,270.71,287.66,0.25,13,20.3
2014-04-21,17,16.2,0,3.374,0.046,8.742857143,4.177142857,306.853,280.95,21.5,14.35714286,22.8
2014-04-28,16.9,28.3,0,3.366,0.053,8.762857143,4.211428571,285.291,274.01,52.5,15.47142857,21.8
2014-05-05,15.5,51.5,0,2.903,0.063,8.781428571,4.185714286,399.794,495.162,22.5,13.77142857,22.2
2014-05-12,16.3,29.2,120,2.462,0.077,8.794285714,4.154285714,459.329,450.121,50.5,15.72857143,25.5
2014-05-19,20.75,18.2,35,2.608,0.056,8.782857143,4.158571429,506.717,492.609,0,18.4,26.7
2014-05-26,21.4,24.7,0,2.318,0.066,8.78,4.158571429,510.227,459.55,8,19.75714286,29.5
2014-06-02,23.3,38.3,0,2.133,0.077,8.788571429,4.167142857,508.956,453.122,4,21.92857143,26.6
2014-06-09,22.2,53.8,0,2.138,0.106,8.867142857,4.245714286,739.749,827.077,43.9,21.75714286,26.7
2014-06-16,23,39.9,50,2.225,0.068,8.842857143,4.191428571,726.894,752.53,29,21.42857143,27.8
2014-06-23,23.6,54.5,0,2.515,0.137,8.808571429,4.145714286,648.707,557.372,0.8,23.05714286,29
2014-06-30,25.2,31.9,562.5,2.013,0.082,8.794285714,4.174285714,634.869,564.045,0.1,23.55714286,28.6
2014-07-07,25.35,29.65,3635,1.67,0.08,8.757142857,4.145714286,482.709,444.537,31.5,23.58571429,29.7
2014-07-14,26.95,27.95,121520,1.948,0.062,8.794285714,4.174285714,437.774,409.015,12.7,25.64285714,30.6
2014-07-21,26.2,43.1,12205,1.85,0.061,8.828571429,4.284285714,796.592,895.195,36,25.3,30.4
2014-07-28,27.25,40.55,11590,2.37,0.08,8.822857143,4.247142857,510.884,520.259,36,25.58571429,31.2
2014-08-04,26.6,34.3,3200,2.611,0.111,8.85,4.302857143,589.502,646.157,98.5,26.32857143,30.4
2014-08-11,24.8,52.5,265,2.381,0.077,8.94,4.341428571,780.713,932.426,32,24.14285714,29.4
2014-08-18,24.7,43.8,500,2.193,0.098,8.85,4.248571429,789.454,921.927,67.1,22.64285714,27.9
2014-08-25,24.6,19,70,2.931,0.102,8.974285714,4.281428571,1401.472,1914.148,86,23.54285714,27.8
2014-09-01,24.8,70.5,0,2.132,0.065,8.901428571,4.315714286,905.282,1064.066,0,23.11428571,27.6
2014-09-08,24.4,62.7,0,,,8.918571429,4.247142857,871.377,1012.102,46.5,22.12857143,27.7
2014-09-15,24.1,51.1,0,2.382,0.079,8.78,4.228571429,598.746,589.91,0,20.8,26.1
2014-09-22,22.7,48.3,50,2.507,0.055,8.78,4.228571429,557.55,571.317,0.05,19.65714286,25.9
2014-09-29,21.7,30.5,0,2.033,0.126,8.937142857,4.26,1258.131,1619.058,111,19.94285714,24.2
2014-10-06,20,64.9,0,1.924,0.068,8.874285714,4.245714286,512.597,539.794,0.1,17.21428571,24.5
2014-10-13,19.1,43.7,0,2.201,0.072,8.851428571,4.395714286,410.429,505.603,0.2,17.21428571,20.9
2014-10-20,17.6,32.7,0,3.171,0.105,8.848571429,4.378571429,391.195,496.223,40.7,12.58571429,20.3
2014-10-27,16,12.8,75,2.437,0.156,8.957142857,4.394285714,1293.811,1646.851,54,13.22857143,18.7
2014-11-03,14,8,0,3.075,0.085,9.007142857,4.444285714,850.925,1173.187,77.5,10.12857143,16.5
2014-11-10,12.7,23.9,0,3.577,0.09,8.808571429,4.278571429,596.396,738.221,0,8.5,13.3
2014-11-17,10.9,23.8,0,3.349,0.05,8.765714286,4.23,445.581,510.676,3.35,6.157142857,13.7
2014-11-24,9.9,23.2,0,3.534,0.069,8.771428571,4.227142857,433.657,493.043,21.5,6.142857143,13.8
2014-12-01,10.7,9.7,0,3.771,0.065,8.804285714,4.23,496.498,561.64,19.6,8.714285714,3.9
2014-12-08,5.3,6.7,0,3.974,0.04,9.004285714,4.261428571,536.61,670.807,21,-2.1,5
2014-12-15,4.6,5.7,0,3.79,0.041,8.982857143,4.218571429,513.279,667.947,12.8,-1.142857143,2.1
2014-12-22,3.3,6.1,0,3.463,0.026,8.814285714,4.225714286,588.318,714.225,12.3,-3.314285714,5.9
2014-12-29,,,,,,8.775714286,4.225714286,526.722,610.996,1.1,-0.942857143,4.3
2015-01-05,3.5,5.7,0,3.74,0.02,8.768571429,4.234285714,449.569,515.796,14.7,-1.7,5.1
2015-01-12,3.2,6.1,0,3.581,0.028,8.76,4.225714286,476.334,580.811,6.1,-2.042857143,6.2
2015-01-19,3.3,9.4,0,3.486,0.032,8.76,4.218571429,413.342,503.354,5.6,0.314285714,7.3
2015-01-26,4.5,9.6,20,3.677,0.025,8.767142857,4.218571429,452.245,514.094,9.5,1.942857143,5.7
2015-02-02,4,19.6,0,3.892,0.039,8.761428571,4.222857143,412.059,487.991,0,-1.842857143,5.4
2015-02-09,3.2,8.5,0,3.665,0.029,8.702857143,4.208571429,430.413,499.209,0.05,-2.1,6.7
2015-02-16,4.2,8.2,0,3.483,0.025,8.778571429,4.227142857,505.296,586.917,23.5,2.057142857,8.9
2015-02-23,6.6,18.3,0,4.054,0.048,8.772857143,4.228571429,542.224,636.575,12,3.614285714,7.1
2015-03-02,6.5,33.8,25,3.224,0.038,8.668571429,4.248571429,550.471,654.072,0.4,2.3,9
2015-03-09,7.4,24.3,0,3.643,0.042,8.494285714,4.217142857,393.501,481.021,0.5,2.585714286,9.8
2015-03-16,7.6,37.1,0,3.271,0.038,8.638571429,4.224285714,385.97,477.791,0.4,3.257142857,16.3
2015-03-23,11.1,27.7,0,3.036,0.041,8.822857143,4.227142857,551.43,661.154,35.5,9.542857143,16.1
2015-03-30,11.9,55.9,0,2.714,0.047,8.744285714,4.221428571,427.246,448.924,0.2,7.557142857,18.5
2015-04-06,12.7,49.9,0,2.87,0.053,8.878571429,4.23,658.678,760.329,45.5,11.88571429,16.1
2015-04-13,12.3,72.6,0,2.99,0.047,8.854285714,4.228571429,705.911,790.698,1.5,10.4,18.1
2015-04-20,13,55.8,0,2.489,0.038,8.957142857,4.242857143,765.404,846.716,30.5,10.9,22.1
2015-04-27,15.85,65.55,30,2.792,0.044,8.937142857,4.234285714,837.868,1005.84,0,13.72857143,25.4
2015-05-04,19.1,64,0,3.062,0.037,8.848571429,4.242857143,675.81,759.039,37.5,17.6,24
2015-05-11,16.6,88.2,0,1.921,0.038,8.902857143,4.231428571,797.375,860.559,29.5,15.18571429,24.2
2015-05-18,18.3,89.25,0,2.05,0.055,8.955714286,4.247142857,829.222,953.059,7.5,17.8,26.4
2015-05-25,20.25,64.3,0,2.133,0.035,8.891428571,4.228571429,777.677,774.607,2.55,17.88571429,29.2
2015-06-01,20.9,54,0,1.851,0.035,8.895714286,4.261428571,704.279,752.307,4,20.55714286,29.4
2015-06-08,21.25,42.1,0,1.829,0.027,8.844285714,4.225714286,672.087,668.089,0,20.41428571,28.7
2015-06-15,23.25,31.4,14,1.739,0.042,8.807142857,4.23,587.508,556.221,6.5,22.54285714,28.3
2015-06-22,23.5,33.9,0,2.17,0.045,8.851428571,4.255714286,636.765,654.196,23.2,22.41428571,27.3
2015-06-29,23.2,70.7,75,2.352,0.06,8.895714286,4.254285714,989.228,1178.02,62,22.55714286,28.2
2015-07-06,25.7,33.3,3450,1.782,0.051,8.78,4.218571429,511.553,512.635,1.3,22.01428571,27.5
2015-07-13,24.95,68.1,6036,2.025,0.069,8.841428571,4.21,630.752,633.919,54,23.14285714,29.4
2015-07-20,25.95,62.25,22108,1.499,0.051,8.777142857,4.218571429,468.658,473.248,0.05,24.88571429,29.1
2015-07-27,25.75,27.55,1354,2.797,0.086,8.93,4.295714286,1362.751,1788.505,57.1,26,31.3
2015-08-03,28.7,36.8,2030,2.559,0.059,8.888571429,4.227142857,709.436,799.282,8.6,27.28571429,33.1
2015-08-10,29.5,43.2,52420,1.715,0.073,8.765714286,4.217142857,503.387,540.418,32,27.32857143,30
2015-08-17,28.4,54.05,66832.5,1.461,0.062,8.774285714,4.21,422.71,421.87,1.55,25.41428571,29.4
2015-08-24,26.6,78.55,33920,1.708,0.053,8.732857143,4.174285714,406.867,417.039,12.7,24.8,28.1
2015-08-31,26.1,43.75,18926.5,1.811,0.077,8.778571429,4.202857143,476.563,490.384,10.6,23.24285714,27.5
2015-09-07,24.75,40.2,31217.5,1.703,0.127,8.74,4.185714286,358.718,355.185,13.5,22.52857143,26.7
2015-09-14,22.85,42.85,20235,1.967,0.114,8.777142857,4.21,313.281,295.893,8.5,19.5,26.1
2015-09-21,23,26.3,84962.5,1.911,0.083,8.755714286,4.191428571,261.271,269.116,0,19.98571429,26.2
2015-09-28,21.7,32.85,10172.5,2.291,0.085,8.747142857,4.21,234.054,229.33,0,20.17142857,24.3
2015-10-05,20.3,41.3,4844,2.572,0.099,8.802857143,4.215714286,422.702,464.591,60,17.58571429,22.3
2015-10-12,18.25,40.3,2165,3.183,0.08,8.76,4.201428571,257.638,279.137,18.5,14.4,22.7
2015-10-19,18.3,24.55,4285,2.36,0.061,8.742857143,4.205714286,193.096,209.056,0,14.54285714,23
2015-10-26,17.35,20.75,2387.5,3.329,0.072,8.708571429,4.211428571,184.526,195.396,0.5,15.18571429,16.3
2015-11-02,14.5,32,0,3.363,0.028,8.711428571,4.214285714,209.968,245.723,25.05,8.428571429,17.6
2015-11-09,13.9,29.8,0,4.564,0.032,8.762857143,4.221428571,300.904,344.601,42,11.97142857,16
2015-11-16,14.1,43.3,0,4.293,0.051,8.787142857,4.264285714,455.502,528.284,49,11.9,15.1
2015-11-23,13.2,31.7,0,3.347,0.078,8.78,4.218571429,473.263,525.703,16,11.12857143,8.4
2015-11-30,8.1,30.1,0,4.082,0.053,8.754285714,4.231428571,410.733,460.272,23,4.142857143,8
2015-12-07,6.5,12.8,0,4.239,0.068,8.758571429,4.208571429,386.076,436.122,17.5,3.228571429,10.3
2015-12-14,7.1,13.9,0,5.23,0.049,8.771428571,4.208571429,342.783,382.268,21,6.242857143,6.3
2015-12-21,6,23.8,0,4.788,0.035,8.762857143,4.215714286,330.236,368.95,10.5,1.557142857,7
2015-12-28,5,47.9,0,3.526,0.038,8.765714286,4.217142857,259.295,273.383,1.8,1.214285714,6.5
2016-01-04,5.1,65.6,0,5.11,0.043,8.758571429,4.21,240.286,250.887,6.1,2.314285714,4.6
2016-01-11,3.8,74.7,0,4.82,0.034,8.86,4.21,193.247,191.13,0.05,-0.057142857,3.8
2016-01-18,3.6,55.5,0,6.65,0.062,8.854285714,4.195714286,227.376,224.092,2.55,-0.771428571,-0.5
2016-01-25,1.9,35.1,0,6.179,0.054,8.798571429,4.2,212.957,192.421,3.6,-7.942857143,4.1
2016-02-01,2.8,33.3,0,6.158,0.064,8.827142857,4.22,226.616,202.237,0.6,-0.814285714,3.9
2016-02-08,4.4,17.5,0,6.277,0.07,8.73,4.205714286,192.858,185.961,0,-2.257142857,9.8
2016-02-15,3.6,39.8,0,6.313,0.063,8.794285714,4.214285714,285.738,314.532,37.6,3.8,6
2016-02-22,4.5,61.2,0,6.019,0.104,8.767142857,4.218571429,260.748,262.438,2.5,1.457142857,6.7
2016-02-29,4.7,73.5,0,5.565,0.071,8.761428571,4.221428571,241.726,243.503,19.5,1.3,11.4
2016-03-07,7.2,57.2,0,5.867,0.04,8.528571429,4.18,365.206,380.331,12,6.614285714,10.4
2016-03-14,7.8,53.3,0,6.437,0.065,8.75,4.212857143,284.609,288.738,0,2.442857143,15.2
2016-03-21,9.1,54.2,0,4.352,0.047,8.778571429,4.218571429,229.011,210.574,7,7.614285714,14.3
2016-03-28,11.9,39.7,130,7.248,0.063,8.714285714,4.21,203.567,213.182,0,5.914285714,18
2016-04-04,13.4,16.4,100,5.358,0.056,8.748571429,4.205714286,162.234,140.718,0.1,12.41428571,19.2
2016-04-11,15.8,66.5,625,4.255,0.077,8.742857143,4.212857143,260.777,254.119,19,12.51428571,20.2
2016-04-18,15.7,53.9,250,3.724,0.092,8.807142857,4.228571429,646.44,875.197,90.55,13.45714286,21.2
2016-04-25,16.3,48.1,50,4.119,0.057,8.845714286,4.301428571,795.482,1019.591,41,14.02857143,22.1
2016-05-02,18.5,77.2,0,4.277,0.096,8.772857143,4.221428571,403.795,461.663,34.5,15.88571429,22.9
2016-05-09,18.1,93.7,0,2.861,0.049,8.828571429,4.267142857,682.698,854.856,29.55,17.14285714,23.6
2016-05-16,19.8,76.1,0,2.43,0.048,8.848571429,4.304285714,664.862,767.275,49,16.44285714,27
2016-05-23,21.7,62.3,50,2.318,0.049,8.902857143,4.254285714,774.314,841.462,0,20.8,26.8
2016-05-30,20.7,65.2,0,2.109,0.043,8.901428571,4.248571429,776.201,851.614,22.6,19.87142857,28.2
2016-06-06,22,50.4,0,2.198,0.052,8.78,4.234285714,565.589,653.038,1.05,21.12857143,28.2
2016-06-13,23,54.6,110,1.964,0.05,8.827142857,4.231428571,630.252,669.676,0.1,23.14285714,28.6
2016-06-20,24.1,29.3,180,1.771,0.052,8.791428571,4.228571429,603.834,619.742,9.5,22.37142857,28.1
2016-06-27,24.3,67.3,184,1.346,0.051,8.815714286,4.245714286,700.261,776.475,38.4,22.95714286,27.9
2016-07-04,,,,,,8.828571429,4.401428571,2092.23,2379.406,230.5,23.6,28.1
2016-07-11,22.1,8.1,0,2.605,0.083,8.61,4.258571429,6043.905,6784.474,67,26.01428571,28.9
2016-07-18,21.2,37.2,0,2.473,0.095,8.495714286,4.281428571,1828.907,2308.991,40.6,24.24285714,28.9
2016-07-25,25.5,41.5,0,2.127,0.046,8.857142857,4.264285714,1161.185,1473.057,0,27.7,31.5
2016-08-01,28.4,63.15,10440,2.166,0.065,8.888571429,4.262857143,702.328,866.104,3.5,27.87142857,32
2016-08-08,29.75,52.4,27450,1.906,0.047,8.798571429,4.25,633.725,777.506,22,28.21428571,33.7
2016-08-15,31.15,45.65,126684,1.529,0.081,8.787142857,4.182857143,418.782,451.296,0.05,28.85714286,32.2
2016-08-22,30.3,42.2,48205,1.468,0.079,8.791428571,4.172857143,379.55,424.48,0.05,28.45714286,31.3
2016-08-29,24.5,69.8,14320,2.15,0.052,8.78,4.178571429,522.043,587.115,3.6,24.31428571,28.3
2016-09-05,24.7,117.9,7418,2.013,0.067,8.744285714,4.235714286,534.254,638.439,8.05,24.05714286,28.7
2016-09-12,25.7,98.2,9490,1.997,0.068,8.764285714,4.225714286,392.886,457.598,3.1,22.64285714,26.9
2016-09-19,22.9,90.9,402,2.361,0.102,8.81,4.2,682.547,867.416,116.5,21.5,25.5
2016-09-26,22.2,71.2,490,1.934,0.106,8.75,4.222857143,473.813,529.282,0,20.07142857,24.5
2016-10-03,22.2,44.9,540,2.413,0.094,8.905714286,4.204285714,428.29,500.149,16,20.64285714,24.1
2016-10-10,19.8,80.1,0,2.67,0.162,8.808571429,4.254285714,762.88,936.612,69.5,16.92857143,21.7
2016-10-17,17.4,95.3,0,2.321,0.104,8.81,4.221428571,374.301,427.539,14.1,15.1,21.4
2016-10-24,17.8,29.9,0,3.091,0.082,8.771428571,4.211428571,312.301,329.359,2.55,15.88571429,17.8
2016-10-31,15.6,54.8,0,3.401,0.114,8.778571429,4.224285714,385.943,448.318,32,11.22857143,14.3
2016-11-07,13,128.4,0,2.885,0.061,8.722857143,4.217142857,325.514,361.143,0.5,8.942857143,13.2
2016-11-14,11,61.1,0,4.471,0.078,8.628571429,4.22,335.258,388.462,2.7,8.614285714,15.2
2016-11-21,11,50.9,0,4.751,0.064,8.548571429,4.212857143,307.478,351.894,10.5,8.885714286,8.6
2016-11-28,8.4,42.9,0,4.344,0.05,8.577142857,4.22,328.72,363.12,2,2,9
2016-12-05,6.2,41,0,4.338,0.036,8.598571429,4.221428571,303.652,311.749,2,3.957142857,6.8
2016-12-12,6.2,74.3,0,4.28,0.046,8.6,4.21,258.342,265.155,7.1,1.557142857,6
2016-12-19,4.7,64.1,0,3.992,0.041,8.694285714,4.221428571,266.118,283.351,2.05,1.757142857,8.2
2016-12-26,6.3,23.5,0,4.668,0.189,8.49,4.185714286,466.103,576.29,53,3.842857143,4.8
2017-01-02,4.4,21.5,0,4.405,0.075,8.582857143,4.231428571,342.6,416.015,0.5,-0.171428571,8.3
2017-01-09,5.7,49.4,0,4.411,0.033,8.597142857,4.205714286,292.559,335.157,0,4.2,2.9
2017-01-16,,,,,,8.644285714,4.218571429,264.412,273.832,0.55,-3.642857143,3.2
2017-01-23,,,,,,8.64,4.215714286,259.664,307.539,9,-3.485714286,3.5
2017-01-30,,,,,,8.64,4.208571429,251.968,314.703,6.55,-1.942857143,4.6
2017-02-06,,,,,,8.645714286,4.214285714,251.499,308.745,0.5,-0.471428571,3.6
2017-02-13,,,,,,8.625714286,4.087142857,235.22,290.84,0.05,-1.5,7.6
2017-02-20,4.8,45.6,0,4.899,0.075,8.647142857,4.128571429,292.481,356.047,10.5,1.728571429,6.5
2017-02-27,5.9,28.1,0,5.436,0.077,8.385714286,4.075714286,431.696,578.846,17.5,1.271428571,10.3
2017-03-06,8,105.3,0,3.958,0.102,8.625714286,4.044285714,259.021,308.138,4.5,3.3,10
2017-03-13,8.6,58.35,0,4.233,0.053,8.614285714,4.05,292.669,346.753,1.6,3.757142857,14.6
2017-03-20,9.7,78.95,0,3.977,0.059,8.49,4.105714286,259.606,311.999,0.05,5.814285714,14.3
2017-03-27,10.5,58.9,0,3.832,0.031,8.234285714,4.161428571,171.459,195.089,0.4,6.642857143,14.7
2017-04-03,11.8,21.6,0,3.692,0.04,8.738571429,4.211428571,222.911,257.669,2.8,8.657142857,18.7
2017-04-10,15.3,20.4,0,3.807,0.067,8.737142857,4.207142857,352.333,385.107,41.5,13.6,19.2
2017-04-17,16.2,55.7,0,2.949,0.065,8.714285714,4.194285714,283.859,366.502,33.6,13.48571429,19.2
2017-04-24,16.5,80.5,0,2.757,0.093,8.774285714,4.13,340.168,372.108,2.5,12.1,21.8
2017-05-01,18.5,78.8,0,,,8.735714286,4.157142857,239.663,274.09,0.3,15.35714286,25
2017-05-08,19.9,82,1950,2.659,0.074,8.692857143,4.128571429,311.253,335.574,0.05,18.1,24.6
2017-05-15,19.4,41.8,190,1.942,0.054,8.765714286,4.15,341.739,367.765,20.8,16.1,26.6
2017-05-22,21,22.7,0,2.191,0.07,8.764285714,4.101428571,328.855,367.779,0,18.24285714,27.5
2017-05-29,21.9,40.3,1220,2.267,0.077,8.772857143,4.135714286,358.688,394.413,13,18.87142857,27.9
2017-06-05,22.7,28.1,610,2.042,0.075,8.632857143,4.16,402.169,446.51,2.7,20.1,26.8
2017-06-12,21.4,69.7,0,1.794,0.072,8.555714286,4.171428571,447.339,584.921,22.5,20.18571429,28.7
2017-06-19,23.5,27,720,1.71,0.078,8.542857143,4.118571429,342.739,502.57,0.1,21.75714286,30.6
2017-06-26,25.1,11.9,2920,1.565,0.069,8.558571429,4.04,311.36,444.945,26.6,23.55714286,29
2017-07-03,,,,,,8.545714286,4.19,797.119,960.162,59.5,24.8,29.2
2017-07-10,,,,3.276,0.178,8.624285714,4.277142857,2476.598,2779.027,171.7,26.02857143,31.4
2017-07-17,24.1,7.7,325,2.965,0.087,8.784285714,4.584285714,4967.815,5003.998,41,25.95714286,32.6
2017-07-24,27.4,63.3,13035,3.031,0.066,8.551428571,4.362857143,979.002,1195.765,11.5,27.38571429,31.3
2017-07-31,26.75,21.4,5539,2.875,0.152,8.568571429,4.252857143,1368.414,1471.608,44.5,27.25714286,32.2
2017-08-07,29.3,38,23054,2.59,0.083,8.53,4.231428571,1050.482,1248.19,8.1,28.71428571,31.7
2017-08-14,24.3,24.6,2498,2.609,0.115,8.562857143,4.294285714,769.989,973.056,171,25.32857143,28.9
2017-08-21,20.2,11.3,1830,2.276,0.114,8.611428571,4.347142857,2905.086,3440.452,98.6,25.05714286,29.4
2017-08-28,21.3,7.1,3610,2.354,0.059,8.614285714,4.384285714,4512.616,4761.32,80.5,25.22857143,27.5
2017-09-04,22.4,68.1,6830,2.416,0.047,8.544285714,4.291428571,1627.635,2025.094,0.3,20.87142857,27.7
2017-09-11,22.4,30.7,4820,2.657,0.125,8.547142857,4.178571429,673.318,899.096,74,21.05714286,26.2
2017-09-18,21.7,61,5240,1.946,0.09,8.56,4.248571429,544.585,776.664,0,20.47142857,26.7
2017-09-25,22.4,41.4,8150,2.63,0.035,8.532857143,4.157142857,327.826,448.45,0.1,20.27142857,24.7
2017-10-02,,,,,,8.57,4.331428571,402.707,592.467,69.4,18.11428571,22.7
2017-10-09,20.4,85,4640,2.928,0.084,8.531428571,4.218571429,325.901,455.908,0.3,18.48571429,21.1
2017-10-16,18.4,51.6,2610,3.117,0.081,8.528571429,4.225714286,304.306,379.087,5.2,15.08571429,20.7
2017-10-23,16.7,70.6,2580,3.166,0.087,8.534285714,4.204285714,282.785,347.581,0,15.22857143,19.8
2017-10-30,15.1,63.4,980,3.706,0.085,8.55,4.225714286,309.946,366.212,0,11.52857143,16.4
2017-11-06,14.1,77.8,0,3.463,0.105,8.557142857,4.201428571,279.518,295.071,2,9.057142857,15.6
2017-11-13,11.5,71.1,0,4.026,0.058,8.555714286,4.18,291.866,370.834,3.5,8.342857143,9.8
2017-11-20,8,38.2,0,3.944,0.052,8.53,3.185714286,310.514,581.312,0.3,3,9
2017-11-27,5.7,12.9,0,4.452,0.052,8.537142857,3.14,278.134,500.493,17,3.1,8.2
2017-12-04,6.7,18.4,0,4.949,0.051,8.552857143,2.864285714,279.299,524.301,0.05,2.671428571,4.7
2017-12-11,4.5,14.5,0,4.477,0.017,8.531428571,2.604285714,256.496,481.666,10.5,0.1,1.2
2017-12-18,,,,,,8.557142857,2.598571429,270.582,446.881,0.05,-3.828571429,5.1
2017-12-25,,,,,,8.542857143,3.114285714,330.563,239.618,23.3,-0.1,3.4
2018-01-01,3.7,13.7,0,3.609,0.034,8.554285714,4.192857143,264.117,305.305,2.3,-0.642857143,2.7
2018-01-08,,,,,,8.54,4.187142857,253.743,280.996,4.55,-1.371428571,1
2018-01-15,,,,,,8.51,4.205714286,257.635,281.208,10.5,-4.185714286,6.7
2018-01-22,,,,,,7.604285714,4.258571429,372.481,449.265,10,1.857142857,-1.7
2018-01-29,,,,,,7.165714286,4.207142857,292.795,333.603,0,-7.885714286,1.2
2018-02-05,,,,,,7.074285714,4.185714286,267.416,284.14,0,-4.485714286,1.1
2018-02-12,,,,,,6.928571429,4.208571429,302.396,310.74,1.6,-4,5.3
2018-02-19,,,,,,6.335714286,4.204285714,296.82,297.858,1,0.3,8
2018-02-26,,,,,,5.955714286,4.2,212.611,291.453,5,2.257142857,10.2
2018-03-05,7.6,20.7,0,4.947,0.078,5.377142857,4.322857143,402.187,554.546,59.8,5.728571429,9
2018-03-12,8.1,17,0,4.54,0.092,4.848571429,4.372857143,682.456,763.756,15.5,4.871428571,15.3
2018-03-19,11,40.2,0,4.358,0.092,4.505714286,4.34,515.108,602.103,51,9.371428571,12.2
2018-03-26,10.2,32.8,0,4.141,0.054,4.484285714,4.364285714,592.857,787.485,8.5,6.128571429,19.1
2018-04-02,15.5,49.4,0,3.583,0.064,4.371428571,4.271428571,549.468,455.319,0,13.74285714,15.2
2018-04-09,11,36.3,0,4.132,0.142,4.488571429,4.344285714,585.914,778.586,53.5,10.12857143,17.7
2018-04-16,12.2,27.3,0,3.461,0.105,4.44,4.267142857,564.955,862.857,38,11.6,21
2018-04-23,16.3,51.9,0,3.098,0.081,4.385714286,4.25,431.679,658.833,59.5,13.71428571,20.3
2018-04-30,15.1,27.7,0,2.698,0.076,4.575714286,4.332857143,775.973,1433.187,5.5,14.24285714,21.4
2018-05-07,14.1,48.3,0,2.17,0.063,4.442857143,4.255714286,559.725,872.262,41.5,16.1,22.7
2018-05-14,14.5,35.2,0,2.512,0.097,4.461428571,4.25,403.098,1039.309,37,16.24285714,24.6
2018-05-21,19.2,44.5,0,3.885,0.146,4.392857143,4.228571429,390.007,902.494,13,20.51428571,25.2
2018-05-28,20.7,80.4,0,2.701,0.091,4.388571429,4.231428571,383.662,775.724,24.5,18.87142857,27.6
2018-06-04,22.2,98.3,0,2.243,0.144,4.362857143,4.221428571,374.803,645.356,0.15,21.65714286,27.4
2018-06-11,21.7,85,160,1.982,0.162,4.358571429,4.222857143,369.245,658.513,2.7,22.1,27.2
2018-06-18,21.75,102.15,25,1.836,0.081,4.335714286,4.201428571,365.288,634.238,8.05,21.95714286,30.2
2018-06-25,22.1,72.3,0,2.081,0.09,4.37,4.23,378.01,662.767,4,22.75714286,28.2
2018-07-02,20.3,7.9,0,3.333,0.09,5.461428571,4.572857143,3428.06,4411.398,352.5,23.37142857,27.9
2018-07-09,19.3,7.4,0,3.224,0.079,4.938571429,4.068571429,4070.714,4048.511,18.8,24.18,30.6
2018-07-16,28.1,105.1,0,2.542,0.077,4.238571429,4.055714286,379.134,826.107,0.05,27.22857143,34
2018-07-23,31,40.55,16170,1.857,0.119,4.127142857,4.011428571,270.516,415.532,0,28.54285714,35.4
2018-07-30,30.7,27.5,90875,2.161,0.173,4.138571429,4.012857143,271.957,406.88,0.05,29.57142857,36
2018-08-06,31.45,44,265485,1.352,0.141,4.132857143,4.01,271.573,414.958,0,30.45714286,34.9
2018-08-13,30.95,37.75,72455,1.775,0.118,4.118571429,4.004285714,264.279,379.31,1.15,29.8,34.3
2018-08-20,28.15,45,81405,1.954,0.11,4.114285714,4.001428571,258.59,354.355,0,28.08571429,32.4
2018-08-27,23.5,5.8,895,2.479,0.119,4.354285714,4.022857143,826.57,968.673,194.9,25.34285714,29.9
2018-09-03,22.7,6.8,3040,2.244,0.103,7.392857143,4.124285714,5927.511,6744.674,138.5,24.81428571,27.6
2018-09-10,22.2,6.4,650,2.965,0.084,8.141428571,3.868571429,5673.112,6857.771,8.3,21.52857143,26.7
2018-09-17,22.9,85,520,2.886,0.05,8.18,2.927142857,651.046,679.411,3.1,21.28571429,25.2
2018-09-24,21.2,120.1,0,2.444,0.057,8.125714286,2.737142857,641.596,714.658,29.4,19.2,23.5
2018-10-01,20.7,123,0,2.965,0.07,6.14,2.787142857,509.923,518.402,1.5,17.25714286,22.6
2018-10-08,18.4,11.6,0,2.67,0.188,4.37,2.754285714,2028.507,2412.307,126.5,15.85714286,19
2018-10-15,17.2,22.6,0,2.672,0.073,3.974285714,2.688571429,1330.82,1403.591,0.2,11.74285714,19.3
2018-10-22,15.1,25.4,0,3.67,0.05,3.692857143,1.767142857,410.853,652.625,0,11.21428571,17.6
2018-10-29,12.8,9.3,0,3.894,0.046,3.684285714,1.565714286,400.297,494.277,31,10.21428571,15.4
2018-11-05,12.6,50,0,3.87,0.048,3.825714286,2.827142857,354.149,245.752,0,7.728571429,16.4
2018-11-12,13,12.7,0,3.678,0.139,4.378571429,4.238571429,377.124,721.81,56,10.28571429,14
2018-11-19,10.1,21.5,0,3.677,0.032,4.477142857,4.225714286,345.432,504.305,0,6.757142857,9.9
2018-11-26,7.6,16.1,0,4.121,0.043,4.282857143,4.17,325.645,395.263,10.05,3.914285714,11.5
2018-12-03,8.5,26.4,0,4.671,0.043,4.302857143,4.192857143,340.433,357.915,17.5,6.014285714,5.2
2018-12-10,4.6,14.1,0,4.134,0.049,4.33,4.201428571,351.756,523.593,12.5,-0.471428571,4.2
2018-12-17,,,,,,4.305714286,4.194285714,290.726,381.752,1.55,-1.157142857,7.6
2018-12-24,4.2,8.2,0,4.398,0.04,4.304285714,4.197142857,241.783,344.359,0.05,3.085714286,1
2018-12-31,,,,,,4.317142857,4.202857143,238.288,304.17,0.05,-4.257142857,3.4
2019-01-07,,,,,,4.312857143,4.198571429,247.398,296.461,0.05,-3.3,4.3
2019-01-14,,,,,,4.305714286,4.192857143,238.041,278.565,0.05,-0.328571429,4.4
2019-01-21,,,,,,4.31,4.205714286,244.046,279.065,0.05,-0.971428571,5.2
2019-01-28,,,,,,4.307142857,4.201428571,235.451,262.576,0.5,-0.957142857,5.5
2019-02-04,4.6,8.2,0,5.55,0.042,4.317142857,4.21,263.557,295.348,23.3,0.328571429,5.4
2019-02-11,4.7,15.9,0,5.536,0.053,4.311428571,4.204285714,267.26,289.126,0,-0.428571429,5.9
2019-02-18,4.4,14.2,0,5.918,0.066,4.307142857,4.201428571,242.224,267.261,0.2,-0.157142857,9.3
2019-02-25,6.4,17.2,0,5.282,0.059,4.315714286,4.202857143,280.264,326.415,14,2.8,11.6
2019-03-04,8.6,32.6,0,4.574,0.086,4.31,4.201428571,245.963,276.37,0.1,5.628571429,12.6
2019-03-11,10,34.5,0,4.346,0.142,4.314285714,4.192857143,240.967,257.048,1.5,6.057142857,11.6
2019-03-18,8.2,51.5,0,4.183,0.106,4.322857143,4.221428571,233.323,283.052,2.5,4.514285714,14.4
2019-03-25,10.1,51,0,4.818,0.148,4.327142857,4.218571429,273.153,330.446,27.5,5.714285714,14.7
2019-04-01,11.6,89.2,0,4.694,0.191,4.288571429,4.185714286,233.048,275.091,3.5,8.171428571,15.9
2019-04-08,12,77.7,0,4.521,0.198,4.29,4.194285714,233.719,241.606,0.05,8.9,15.9
2019-04-15,12.2,64.9,0,3.682,0.191,4.317142857,4.208571429,284.549,395.054,39.5,9.2,20.6
2019-04-22,17.4,66.8,0,3.167,0.147,4.305714286,4.197142857,275.623,262.913,0.2,15.4,20.1
2019-04-29,17.3,50.7,0,3.512,0.1,4.302857143,4.2,333.704,395.566,34,13.25714286,22.6
2019-05-06,18.1,67.5,0,2.553,0.131,4.322857143,4.201428571,357.05,485.252,0.05,15.38571429,24
2019-05-13,18.5,49.6,0,2.593,0.101,4.322857143,4.201428571,353.281,446.397,0.05,16.27142857,27.1
2019-05-20,20.6,42.5,0,2.419,0.185,4.328571429,4.204285714,391.052,470.877,15.5,20.01428571,27.3
2019-05-27,21.6,51.8,0,2.539,0.143,4.322857143,4.201428571,379.945,482.277,28.2,19.67142857,26.2
2019-06-03,20.7,76.2,0,2.845,0.109,4.311428571,4.194285714,368.994,468.171,0.6,18.5,28.1
2019-06-10,21.5,123.8,0,2.727,0.113,4.378571429,4.24,590.925,684.712,39.8,20.64285714,27.3
2019-06-17,24,62.8,0,1.964,0.101,4.324285714,4.201428571,389.448,497.681,0,20.7,27.6
2019-06-24,24.4,55.8,0,2.329,0.051,4.312857143,4.198571429,338.23,401.374,1,22.55714286,28.4
2019-07-01,24.1,79.5,0,2.1,0.09,4.308571429,4.192857143,364.498,398.129,19.1,23.12857143,30.6
2019-07-08,25.3,47.7,0,2.252,0.1,3.935714286,3.8,409.123,429.191,0,24.4,28.7
2019-07-15,23.4,57.4,0,2.091,0.079,3.791428571,3.624285714,339.441,385.36,26.5,22.82857143,29.9
2019-07-22,25.8,165.1,0,2.649,0.12,3.738571429,3.155714286,526.166,590.663,43.2,25.64285714,30.5
2019-07-29,26.1,17.6,0,3.105,0.248,3.988571429,2.735714286,1265.806,1343.35,147,26.81428571,33
2019-08-05,31,75.1,0,2.214,0.107,3.901428571,2.701428571,510.099,552.662,0,28.64285714,33.2
2019-08-12,28.8,97.7,220,2.265,0.142,3.77,2.07,547.392,449.66,41.5,28.55714286,32.1
2019-08-19,27.2,123.9,3475,1.68,0.067,3.752857143,1.767142857,505.716,616.328,7,26.42857143,30.6
2019-08-26,25.15,118.05,1935,1.584,0.08,3.738571429,1.741428571,505.832,600.71,17,24.74285714,28.7
2019-09-02,24.6,177.7,1190,2.079,0.112,3.761428571,1.741428571,538.044,623.262,39,22.31428571,27.3
2019-09-09,24.3,39.1,250,2.496,0.098,3.801428571,1.308571429,665.474,1451.195,67.5,23.84285714,28
2019-09-16,25.2,98.4,0,2.561,0.086,3.71,1.574285714,478.44,632.788,15.5,23.61428571,25.4
2019-09-23,18.9,83.5,280,3.814,0.332,6.001428571,1.765714286,1047.797,1602.542,106.5,18.95714286,25.3
2019-09-30,24.1,85.4,0,3.637,0.052,7.54,1.532857143,598.64,951.157,0,20.3,24.4
2019-10-07,18.2,10.5,0,2.589,0.077,7.514285714,1.685714286,2590.501,4162.38,83.5,19.68571429,21.1
2019-10-14,18.8,17.8,0,3.493,0.072,6.27,1.434285714,1179.217,1876.558,0.1,15.25714286,20.1
2019-10-21,17.9,57.6,0,3.832,0.044,3.705714286,1.481428571,449.912,429.702,0,13.98571429,20
2019-10-28,17,48.6,0,2.348,0.038,4.318571429,3.997142857,644.512,410.153,0,14.07142857,18.7
2019-11-04,15.9,64.1,0,4.134,0.059,4.331428571,4.204285714,287.02,272.788,2,12.04285714,16.5
2019-11-11,14,41.5,0,4.417,0.042,4.334285714,4.208571429,293.186,283.279,16,8.442857143,13.1
2019-11-18,11.6,72.6,0,4.148,0.106,4.514285714,4.222857143,839.422,870.032,97.55,8.028571429,12
2019-11-25,9.5,9.3,0,4.19,0.08,4.48,4.31,876.403,862.539,0.15,6.1,9.9
2019-12-02,8.9,18.5,0,4.155,0.039,4.335714286,4.198571429,316.805,405.432,9.35,4.5,5.8
2019-12-09,6.1,22.7,0,4.653,0.046,4.332857143,4.2,278.957,345.413,1.4,0.357142857,8.7
2019-12-16,6,32.9,0,4.969,0.025,4.334285714,4.198571429,277.186,313.465,0.55,3.728571429,7.8
2019-12-23,6.4,30.4,0,4.357,0.043,4.328571429,4.198571429,271.257,298.407,5.7,2.214285714,6.5
2019-12-30,4.9,16,0,4.434,0.056,4.33,4.205714286,258.916,300.42,14.3,1.7,5.7
2020-01-06,3.9,11.4,0,5.06,0.066,4.325714286,4.2,265.55,299.304,19.6,-0.542857143,6
2020-01-13,4.8,5.4,0,4.675,0.095,4.642857143,4.305714286,1029,1292.517,57.8,2.485714286,4.4
2020-01-20,4.3,5.3,0,4.671,0.055,4.345714286,4.201428571,319.161,449.838,0,0.214285714,7.7
2020-01-27,5.9,18.1,0,4.929,0.131,4.317142857,4.197142857,283.497,354.419,2.3,3.971428571,7.8
2020-02-03,6.9,36.2,0,4.809,0.041,4.342857143,4.201428571,280.114,317.797,0,2.942857143,4.4
2020-02-10,4.9,20.3,0,4.706,0.032,4.334285714,4.204285714,264.521,307.467,0.6,-1.171428571,10.2
2020-02-17,7.2,18.1,0,4.828,0.048,4.348571429,4.205714286,283.803,351.39,24.5,4.457142857,8.5
2020-02-24,6.9,33.3,0,4.741,0.043,4.344285714,4.207142857,280.776,338.596,5,3.457142857,11.4
2020-03-02,8.2,7.6,0,3.417,0.051,4.597142857,4.261428571,1180.487,1234.964,62.3,5.828571429,10.9
2020-03-09,8.8,19.2,0,4.643,0.048,4.388571429,4.237142857,544.257,623.378,1.35,5.114285714,11.8
2020-03-16,8.7,11.9,0,3.136,0.026,4.485714286,4.302857143,685.864,708.109,4.3,4.814285714,15
2020-03-23,11,11.9,0,2.645,0.031,4.584285714,4.387142857,943.013,993.056,0,9.157142857,16.9
2020-03-30,11.1,22.1,0,3.061,0.033,4.534285714,4.331428571,802.859,916.743,13.7,9.728571429,17.6
2020-04-06,13.2,37.3,0,3.018,0.045,4.352857143,4.208571429,499.924,483.52,0,8.5,17.2
2020-04-13,13.7,36.8,0,3.098,0.041,4.338571429,4.201428571,397.725,325.328,1.5,8.442857143,19.3
2020-04-20,15.3,48.3,0,3.033,0.044,4.324285714,4.2,395.411,339.236,16.2,11.58571429,16.5
2020-04-27,13.6,63.5,0,2.985,0.045,4.35,4.204285714,381.089,352.045,0,9.542857143,23.6
2020-05-04,20.2,22.1,0,2.55,0.044,4.341428571,4.207142857,381.793,316.303,9.35,16.92857143,24.4
2020-05-11,19.7,44.6,0,2.564,0.042,4.332857143,4.207142857,427.077,346.311,35.9,16.85714286,23.4
2020-05-18,21.1,62.7,0,2.512,0.06,4.342857143,4.195714286,481.462,414.231,47.4,17.14285714,22.5
2020-05-25,21.6,89.3,720,3.162,0.067,4.385714286,4.214285714,645.386,626.869,14.3,17,25.6
2020-06-01,24.5,55.8,0,2.167,0.051,3.912857143,3.76,592.336,382.708,2.65,19.55714286,28.4
2020-06-08,25.6,73.3,0,2.274,0.076,3.827142857,3.515714286,580.045,423.252,3.1,22.31428571,29.9
2020-06-15,25.3,108.9,0,2.161,0.095,3.975714286,3.251428571,1265.253,966.482,97.5,24.08571429,29.3
2020-06-22,25.7,156.3,0,2.419,0.113,3.798571429,2.795714286,615.412,627.851,1.7,22.91428571,29.4
2020-06-29,24.6,158.8,0,2.476,0.141,3.778571429,2.598571429,565.152,559.89,52.1,22.92857143,28.4
2020-07-06,17.7,43.6,0,2.208,0.107,4.288571429,2.248571429,2141.088,1233.086,33.9,21.95714286,29.4
2020-07-13,19.5,13.9,0,2.441,0.067,4.708571429,2.17,2646.123,2216.043,178.05,23.54285714,27.6
2020-07-20,21.8,15.9,0,2.228,0.079,5.257142857,2.062857143,5317.713,5914.47,67.2,23.01428571,28.2
2020-07-27,21.9,8.6,130,2.245,0.071,6.885714286,3.315714286,9229.189,9529.913,140.7,23.01428571,29.3
2020-08-03,28.3,5.8,0,2.048,0.17,8.931428571,5.058571429,16140.423,16208.674,127.3,25.84285714,29
2020-08-10,,,,,,9.621428571,5.77,19621.778,20274.645,186.6,25.5,30.8
2020-08-17,25.6,10.9,0,3.102,0.089,7.328571429,3.968571429,14106.861,16934.343,74.35,27.12857143,33.5
2020-08-24,27.3,105.1,0,3.025,0.075,4.087142857,1.737142857,1596.214,2110.771,0.05,26.68571429,31.9
2020-08-31,27.1,8.9,0,2.669,0.169,4.74,1.987142857,3820.449,4346.154,85.4,27.77142857,29.5
2020-09-07,20.7,6.4,9050,2.481,0.132,7.234285714,3.597142857,10513.056,9864.308,176.8,22.72857143,26.8
2020-09-14,22.5,12.7,10140,3.339,0.105,4.397142857,1.832857143,2775.706,3714.669,29,21.24285714,25.6
2020-09-21,21.7,46.8,3620,3.304,0.05,3.91,1.7,1046.639,1340.014,3.1,19.5,23.9
2020-09-28,22.1,49.6,6040,,,3.771428571,1.751428571,531.631,576.622,0,19.3,23.7
2020-10-05,20.6,65.3,2040,3.005,0.044,3.73,1.601428571,486.707,566.567,4.05,17.57142857,21.7
2020-10-12,19.2,80.3,1060,3.723,0.051,3.698571429,1.574285714,457.836,511.671,0.4,16.2,19.9
2020-10-19,15.9,64.1,2070,3.794,0.052,3.684285714,2.002857143,447.289,361.335,0.05,11.01428571,18.4
2020-10-26,14.9,55.8,530,3.977,0.071,3.677142857,2.621428571,438.692,294.205,0,10.57142857,17.5
2020-11-02,14.4,31.4,1160,4.467,0.054,3.672857143,2.86,431.609,343.436,4.7,10.85714286,14.2
2020-11-09,11.8,18.6,0,4.885,0.045,3.668571429,2.862857143,428.298,332.416,0.5,7.442857143,15.5
2020-11-16,11.9,31.5,0,4.573,0.049,3.657142857,2.855714286,411.028,297.93,0,8.157142857,15.8
2020-11-23,12,18.3,0,4.033,0.093,3.734285714,2.867142857,519.216,476.422,36.65,10.18571429,9.2
2020-11-30,8.1,13.3,0,4.615,0.057,3.665714286,2.854285714,421.979,314.896,0,3.842857143,7.2
2020-12-07,6.7,6.8,0,5.925,0.037,3.66,2.857142857,413.248,298.3,0,1.642857143,7.7
2020-12-14,5.6,9.8,0,5.111,0.045,3.651428571,2.862857143,406.245,292.705,2.2,1.757142857,1.6
2020-12-21,,,,,,3.65,2.868571429,401.842,285.098,0.15,-3.428571429,6.2
2020-12-28,4,7.4,0,,,3.65,2.855714286,285.556,295.186,0,0.814285714,1.5
2021-01-04,,,,,,3.645714286,2.842857143,277.768,290.706,2.75,-4.671428571,-2.4
2021-01-11,,,,,,3.615714286,2.868571429,254.596,258.528,8.25,-9.185714286,4.1
2021-01-18,,,,,,3.642857143,2.91,270.934,308.289,6,-0.6,6.3
2021-01-25,,,,,,3.647142857,2.901428571,277.322,309.913,11.3,3.842857143,6.4
2021-02-01,4.2,17.3,0,5.112,0.035,3.65,2.905714286,278.535,297.717,12.6,1.271428571,6.6
2021-02-08,4.7,17.7,0,5.253,0.035,3.651428571,2.887142857,280.039,303.259,1.15,0.328571429,10.5
2021-02-15,6.8,25.3,0,5.086,0.043,3.64,2.885714286,274.242,285.588,0.8,3.585714286,7.6
2021-02-22,5.8,19.5,0,5.131,0.042,3.64,2.924285714,270.575,280.667,7.3,1.942857143,11.5
2021-03-01,5.8,19.2,0,4.771,0.047,3.664285714,2.894285714,273.492,307.768,55.85,5.942857143,11.7
2021-03-08,9.9,20,0,4.428,0.07,3.758571429,2.918571429,605.61,693.175,1.6,5.957142857,14.8
2021-03-15,12.1,66.7,0,4.313,0.046,3.667142857,2.897142857,293.075,332.553,2.25,8.1,16
2021-03-22,12.8,82.6,0,3.926,0.056,3.651428571,2.898571429,282.571,301.037,3.75,8.757142857,16.8
2021-03-29,13,77.5,0,3.954,0.06,3.665714286,2.912857143,287.067,321.053,33.8,9.957142857,18.9
2021-04-05,15,53.2,0,3.544,0.052,3.71,2.64,364.602,485.993,19.5,13.64285714,17.9
2021-04-12,16.9,124,0,3.01,0.067,3.852857143,2.45,316.81,441.567,20.5,12.41428571,17.8
2021-04-19,15.9,162.8,0,2.857,0.074,4.002857143,2.447142857,530.767,386.47,0.45,9.771428571,23.2
2021-04-26,18.9,151,0,2.564,0.041,3.957142857,2.141428571,502.229,255.657,0.05,17.15714286,20.6
2021-05-03,16.5,103.4,0,2.612,0.047,3.984285714,2.057142857,522.685,214.318,2.45,13.21428571,22.1
2021-05-10,17.7,176.1,0,2.389,0.075,3.91,2.034285714,460.139,230.831,22,13.85714286,24.1
2021-05-17,20.7,147.6,0,2.586,0.064,3.942857143,1.598571429,607.726,818.742,50.55,19.32857143,24.3
2021-05-24,21,73.3,0,3.263,0.065,3.947142857,1.752857143,778.185,658.813,8.7,17.81428571,24.2
2021-05-31,20.6,22.3,0,3.345,0.081,3.915714286,1.751428571,748.401,917.664,55.35,17.18571429,26.6
2021-06-07,22.7,79.9,0,2.33,0.055,3.84,1.737142857,698.189,618.325,18.8,20.42857143,28.4
2021-06-14,25.5,134.3,0,1.969,0.058,3.774285714,1.628571429,415.237,862.145,31.9,23.52857143,28
2021-06-21,23.8,92.1,0,2.141,0.055,3.744285714,1.81,358.649,660.393,5.7,22.15714286,27.1
2021-06-28,26.3,185.1,0,2.322,0.072,3.775714286,1.755714286,454.438,620.748,19.8,22.64285714,28.5
2021-07-05,26.3,44.5,0,2.492,0.086,4.118571429,1.654285714,1241.486,1708.166,67,24.02857143,29.1
2021-07-12,20.7,17.5,0,2.12,0.054,5.027142857,1.785714286,3901.684,4945.614,86.7,25.57142857,32.5
2021-07-19,26.1,113.4,320,1.65,0.044,4.068571429,1.692857143,1553.495,2220.229,33.1,26.71428571,33.6
2021-07-26,31.3,141.8,10600,1.785,0.067,3.674285714,1.797142857,316.346,662.887,0,28.27142857,33.7
2021-08-02,29.7,138.8,5980,1.723,0.054,3.735714286,1.904285714,406.901,748.379,30.15,27.5,33
2021-08-09,29.7,85.5,3800,2.05,0.056,3.78,1.738571429,598.729,907.845,0.2,27.48571429,31.1
2021-08-16,27.1,127.7,3630,1.939,0.05,3.721428571,1.782857143,349.934,627.311,1,26.01428571,30
2021-08-23,25.1,91,1090,2.495,0.064,3.948571429,1.52,642.106,1007.414,87.9,24.48571429,28.8
2021-08-30,22.5,5.3,0,2.633,0.104,5.204285714,1.97,4860.986,5630.569,105.8,23.01428571,26.7
2021-09-06,22.9,12.8,630,3.092,0.072,5.38,2.095714286,5288.283,6088.474,87.15,22.45714286,27.4
2021-09-13,25.7,47.5,1820,2.925,0.054,4.02,1.672857143,1244.967,1818.307,4.8,22.3,26.7
2021-09-20,22.7,32.3,0,,,5.861428571,1.484285714,827.145,859.831,17.85,22.17142857,25.8
2021-09-27,22.6,26.6,0,2.914,0.069,6.947142857,1.612857143,948.593,1467.076,66.9,21.07142857,25.9
2021-10-04,23.9,64.8,0,2.992,0.057,6.147142857,1.281428571,674.687,1128.543,15.45,20.91428571,25.5
2021-10-11,21.4,39.2,0,3.466,0.05,6.921428571,1.36,448.28,742.772,17.95,20.45714286,20.2
2021-10-18,16.8,29.3,0,3.402,0.047,6.048571429,1.488571429,466.473,531.389,9.6,14.17142857,16.1
2021-10-25,14.7,10.7,0,3.553,0.028,4.995714286,1.474285714,465.409,500.113,9.3,9.057142857,18.8
2021-11-01,15.2,10.9,0,3.536,0.022,3.874285714,1.211428571,399.682,463.098,0,11.2,18.2
2021-11-08,14.8,11.4,0,3.898,0.024,3.665714286,1.325714286,299.215,409.093,24.4,11.45714286,12.4
2021-11-15,11,5.8,110,3.794,0.029,3.688571429,1.481428571,318.518,466.203,13.1,6.785714286,15.4
2021-11-22,12,6.3,0,3.959,0.021,3.66,1.5,295.728,502.238,1.5,8.171428571,9.6
2021-11-29,8.1,5.1,0,4.217,0.018,3.654285714,1.445714286,292.156,450.592,3.35,3.483333333,8.9
2021-12-06,5.8,4,0,4.191,0.034,3.72,1.415714286,344.613,513.931,33.25,2.542857143,11.2
2021-12-13,7.5,6.5,0,4.223,0.023,3.665714286,1.407142857,298.453,417.164,2.6,3.928571429,5.3
2021-12-20,,,,4.395,0.021,3.66,1.445714286,296.056,420.75,2.55,2.028571429,5.2
2021-12-27,2.8,4.7,0,4.659,0.022,3.65,2.398571429,289.446,273.21,0.35,-1.557142857,2.8
2022-01-03,,,,,,3.641428571,2.425714286,281.114,306.836,1.25,-1.942857143,5.1
2022-01-10,,,,,,3.634285714,2.424285714,277.119,299.725,0.25,-1.014285714,2
2022-01-17,,,,,,3.634285714,2.415714286,274.483,310.063,0.85,-3.028571429,3.9
2022-01-24,2.7,5.4,0,5.548,0.036,3.63,2.414285714,273.247,292.99,0.35,-0.685714286,6
2022-01-31,3.6,5.2,0,5.008,0.032,3.628571429,2.377142857,273.729,296.827,2.2,-0.671428571,2.9
2022-02-07,,,,,,3.625714286,2.412857143,268.377,289.288,1.8,-2.185714286,7.7
2022-02-14,5.6,9.1,0,5.652,0.029,3.624285714,1.998571429,269.152,294.444,0.05,1.871428571,3.8
2022-02-21,3.2,5.6,0,5.946,0.032,3.627142857,1.492857143,269.81,449.509,0.15,-2.585714286,6.7
2022-02-28,6,5.2,0,5.657,0.033,3.622857143,1.494285714,270.064,500.73,0.75,0.785714286,10.5
2022-03-07,7.9,21.7,0,4.861,0.035,3.627142857,1.408571429,269.94,467.755,0.8,3.457142857,16
2022-03-14,12.7,25,500,4.931,0.049,3.647142857,1.388571429,283.793,518.234,13.75,9.142857143,13.7
2022-03-21,9.5,23.1,55,4.262,0.048,3.688571429,1.43,315.277,429.535,23.4,6.828571429,14.8
2022-03-28,11.8,29.2,0,3.574,0.045,3.717142857,2.181428571,330.778,437.9,38.2,7.842857143,14.8
2022-04-04,14.6,48.6,0,3.359,0.041,3.68,2.715428571,308.477,368.103,0.05,8.842857143,19.9
2022-04-11,17.5,42.7,0,3.204,0.045,3.647714286,2.733142857,285.71,300.098,2.4,13,20.4
2022-04-18,17,174,0,3.557,0.077,3.690857143,2.706,319.056,410.447,30.5,13.02857143,22.9
2022-04-25,20,65.3,0,2.428,0.049,3.641428571,2.724,287.372,323.452,6.1,15.44285714,22.3
2022-05-02,20,92,0,2.104,0.052,3.701428571,2.480571429,324.033,430.795,23.6,14.3,23.4
2022-05-09,19.8,92,0,1.881,0.048,3.668285714,1.813714286,313.941,680.657,1.25,15.75714286,23.3
2022-05-16,19.2,75.8,0,1.987,0.047,3.656285714,1.688285714,311.872,648.24,0,16.78571429,27.2
2022-05-23,22.7,94.4,0,2.016,0.044,3.667428571,1.707714286,316.029,666.78,0,19.18571429,28.7
2022-05-30,24.1,53.7,0,1.781,0.039,3.669714286,2.278285714,317.908,481.921,2.85,20.62857143,27.7
2022-06-06,21.4,71.6,0,1.596,0.027,3.7,2.885428571,324.398,384.339,7.6,20.75714286,26.1
2022-06-13,23.9,70.8,0,1.53,0.033,3.716,2.857142857,346.039,430.617,13.95,21.47142857,27.4
2022-06-20,23.8,70,1200,1.64,0.039,6.480142857,2.848285714,537.276,449.309,28.1,21.91428571,30.2
2022-06-27,25.7,120.6,0,1.811,0.055,7.522471429,2.884,713.808,701.039,19.6,26.07142857,30
2022-07-04,28.6,64,0,2.318,0.106,7.288285714,2.857428571,1353.455,1477.296,54.4,27.58571429,32
2022-07-11,29.5,32.1,2650,2.004,0.084,4.820571429,2.879714286,582.245,474.043,17.95,27.47142857,30.3
2022-07-18,27.5,77.9,7320,1.968,0.078,3.849142857,2.913142857,515.93,640.779,79.1,25.02857143,30.3
2022-07-25,26.6,77.2,4830,2.243,0.06,3.870571429,2.885142857,900.959,951.319,50.1,24.95714286,32.1
2022-08-01,29.2,27.7,3315,1.807,0.077,3.738857143,2.890857143,398.704,510.946,39.45,27.74285714,32.3
2022-08-08,30,73.1,2305,1.593,0.056,3.760857143,2.891714286,414.857,551.258,5.2,28.52857143,30.8
2022-08-15,24.9,3.3,650,,,6.194714286,3.631042857,6536.6,7825.465,484.9,26.62857143,31
2022-08-22,26.5,12.6,1310,2.903,0.092,4.487428571,2.785428571,2019.945,2509.585,48.55,25.85714286,28.8
2022-08-29,22.5,26.9,875,2.2,0.038,4.168,2.865142857,1083.177,1438.285,24.35,21.68571429,26.6
2022-09-05,24.1,16,2680,1.784,0.051,5.158857143,2.910285714,2987.023,3289.16,88.5,22.31428571,27
2022-09-12,23.1,12.2,1195,2.671,0.055,5.160142857,3.101,4288.327,4915.523,33.05,21.65714286,27.7
2022-09-19,26.8,109,0,2.799,0.045,3.822,2.854571429,503.716,819.808,0.5,25.8,24.4
2022-09-26,21.8,73.9,3530,2.454,0.044,5.327142857,2.921428571,393.439,424.114,0.05,17.67142857,26.7
2022-10-03,22.6,65.8,470,2.661,0.066,7.394285714,2.877714286,483.364,431.27,47.3,19.6,20.7
2022-10-10,17.9,18.7,1590,3.09,0.069,7.362571429,2.907714286,1012.492,1108.306,56.45,15.24285714,21.2
2022-10-17,19.1,35.6,2190,3.373,0.052,6.94,2.872,571.32,607.376,0.05,14.51428571,18
2022-10-24,16.1,28.1,75,3.429,0.035,3.710857143,2.917142857,355.384,398.624,0,10.37142857,17.7
2022-10-31,16.4,17.9,220,3.44,0.022,3.682857143,2.895428571,312.516,343.256,0,11.25714286,16.6
2022-11-07,13,23.8,200,3.851,0.025,3.664285714,2.906357143,290.414,307.621,0,8.342857143,17.5
2022-11-14,14.5,13.5,0,4.167,0.028,3.695571429,2.882728571,316.556,348.542,4.15,11.72857143,15.6
2022-11-21,12.1,25.6,0,3.62,0.036,3.671028571,2.870257143,303.936,330.698,5.35,9.414285714,14.6
2022-11-28,11.1,49.7,0,3.838,0.028,3.668314286,2.887785714,296.787,320.33,24.45,8.1,7.1
2022-12-05,5,5.7,0,3.543,0.067,3.724285714,2.899085714,381.824,481.094,2.95,0.557142857,7.3
2022-12-12,6.1,4.7,0,4.149,0.024,3.670128571,2.867142857,299.533,348.677,1.1,1.628571429,1.7
2022-12-19,,,,,,3.660385714,2.917014286,289.937,317.874,9.75,-3.857142857,0.7
2022-12-26,,,,,,3.651814286,2.895842857,283.952,315.127,6.9,-4.242857143,2.8
2023-01-02,,,,,,3.647271429,2.884285714,277.392,298.657,0.1,-1.985714286,4.2
2023-01-09,,,,,,3.648442857,2.879742857,277.99,297.609,8.25,-0.171428571,9.1
2023-01-16,6.5,13.9,0,4.268,0.037,3.711557143,2.920128571,320.15,419.353,26.5,2.628571429,3
2023-01-23,,,,,,3.679742857,2.907128571,307.411,364.654,0.1,-0.814285714,-1
2023-01-30,,,,,,3.655071429,2.8948,284.682,311.424,1.1,-6,5
2023-02-06,4.1,7.2,0,5.308,0.031,3.648828571,2.9413,274.074,299.981,0,-0.214285714,9.4
2023-02-13,5.4,15.7,0,4.674,0.023,3.644028571,2.867014286,277.107,294.8,2.75,3.057142857,8.4
2023-02-20,6.9,28.6,0,5,0.035,3.642342857,2.892728571,273.675,274.669,1.6,2.885714286,7.7
2023-02-27,7,24.4,0,4.825,0.03,3.638971429,2.905585714,271.358,286.89,0,0.914285714,12.2
2023-03-06,8.3,35,0,,,3.636757143,2.972342857,265.679,263.383,0,4.414285714,18.2
2023-03-13,12.1,41.4,0,,,3.644414286,2.904028571,277.848,265.646,4.2,9.614285714,14.5
2023-03-20,11.6,96.1,0,,,3.639614286,2.9309,269.607,251.082,0,7.671428571,17.9
2023-03-27,15.1,57.8,0,,,3.655585714,2.908042857,280.139,272.763,9,11.17142857,20.7
2023-04-03,15.2,46.1,0,3.017,0.049,3.635071429,2.9265,272.578,261.364,0,13.04285714,18.2
2023-04-10,14.7,95.8,0,2.987,0.041,3.674942857,2.931557143,300.908,331.885,49.25,10.3,18.9
2023-04-17,16.1,85,0,2.733,0.044,3.645971429,2.897142857,286.796,309.822,7.4,12.18571429,21.2
2023-04-24,19.1,85.4,0,3.156,0.047,3.630128571,2.880128571,278.069,295.229,2.9,17.11428571,19.9
2023-05-01,18.3,84.8,0,3.791,0.055,3.629085714,2.899085714,267.319,246.762,1.25,12.24285714,22.1
2023-05-08,16,10.7,0,3.198,0.091,4.026371429,2.844814286,1068.342,1092.009,137.5,16.42857143,23.5
2023-05-15,21.3,44.7,0,3.061,0.039,3.740642857,2.929614286,364.069,490.829,0,17.15714286,26.6
2023-05-22,20.8,89.7,0,2.261,0.042,3.725714286,2.934285714,341.301,429.726,0.1,19.48571429,25.4
2023-05-29,20.7,14,0,2.678,0.143,3.930771429,2.864671429,782.476,799.757,110.65,19.8,26.7
2023-06-05,25,112.9,0,2.4,0.064,3.8,2.881028571,630.549,780.291,0.05,21.81428571,27.8
2023-06-12,25.3,56.9,0,1.792,0.048,3.749742857,2.896628571,360.126,466.305,0.95,22.04285714,29.1
2023-06-19,26.2,27.5,0,1.695,0.045,3.7274,2.8883,345.505,424.116,0,23.18571429,28.8
2023-06-26,24.8,111.8,0,1.602,0.073,3.841557143,2.918185714,433.069,554.47,45.7,24.04285714,29.5
2023-07-03,28,32.9,0,2.622,0.123,4.1148,2.873,1338.815,1445.021,75.75,25.57142857,30.6
2023-07-10,,,,,,5.218571429,2.872471429,2686.362,3536.717,168.85,24.81428571,28.8
2023-07-17,,,,,,10.34062857,6.372314286,26315.449,28553.215,503.05,25.1,30.2
2023-07-24,,,,,,7.969242857,4.400771429,12959.691,13611.152,183.6,25.54285714,31.4
2023-07-31,29.4,78.9,0,2.289,0.039,4.966414286,2.928371429,2961.791,4126.309,24.9,27.42857143,33.8
2023-08-07,32.1,23.2,6070,1.806,0.04,3.835971429,2.842857143,418.942,714.57,2.8,29.44285714,31.7
2023-08-14,,,,2.212,0.082,5.813114286,3.438328571,5274.244,5940.594,198.15,26.31428571,31.8
2023-08-21,26.5,53.8,730,1.987,0.037,4.486885714,2.917014286,1190.842,2023.712,0.15,27.74285714,30.8
2023-08-28,27.4,39.2,915,2.483,0.098,4.462185714,3.0191,1472.652,1946,72,25.71428571,28.4
2023-09-04,26.7,110.1,4217,1.963,0.055,4.071557143,2.9487,771.815,1224.905,27.75,24.41428571,29.6
2023-09-11,27.2,79.2,14280,1.98,0.05,3.905985714,3.004671429,484.656,586.392,0,24.7,27.6
2023-09-18,24.1,4.9,0,2.39,0.22,7.038642857,2.840828571,1723.725,2067.868,113.2,23.14285714,26.7
2023-09-25,22.1,5.7,2882,2.624,0.058,8.8362,3.427742857,4058.701,5255.561,157.7,20.52857143,25
2023-10-02,20.5,7.2,385,2.715,0.053,8.777671429,2.889742857,2522.463,3004.061,32.1,19.51428571,22
2023-10-09,21.3,12.2,1010,2.282,0.045,8.7763,2.952871429,1935.783,1971.565,0.15,16.21428571,21.8
2023-10-16,19.7,53.3,3330,2.996,0.029,8.814285714,2.888314286,634.961,578.164,1.15,15.1,19.1
2023-10-23,17.1,39,2625,3.393,0.031,8.798571429,2.892857143,588.658,518.787,15.55,12.08571429,20
2023-10-30,,,,3.214,0.021,8.8,2.892857143,501.436,432.634,0.05,13.98571429,20.9
2023-11-06,18.7,60.4,5830,3.255,0.025,8.772985714,2.935971429,337.636,421.141,28.75,17.61428571,13.7
2023-11-13,11.7,51.8,380,3.059,0.067,8.781428571,2.928571429,445.538,506.348,7.95,5.642857143,10.7
2023-11-20,9.6,29.2,20,3.942,0.018,8.659085714,2.915857143,324.114,438.969,19.9,5.285714286,10.6
2023-11-27,9,55.9,0,4.122,0.037,7.262457143,2.908571429,306.716,431.516,1.65,5.042857143,6.8
2023-12-04,6.7,33.3,0,4.334,0.032,7.271042857,2.933628571,364.433,357.053,0.2,1.542857143,12.5
2023-12-11,9.6,26.8,0,4.343,0.03,7.304414286,2.948957143,357.776,353.928,42.9,9.228571429,8.6
2023-12-18,6.8,5.1,0,2.502,0.063,7.156457143,2.928828571,2129.429,2451.84,70.6,3.485714286,-0.4
2023-12-25,3.1,1.1,0,,,5.981685714,3.002471429,1239.697,1229.123,4.35,-4.457142857,6.3
